20000
432 740 421 261 997 792 217 38
245 759 979 908 353 82 128 283
202 813 351 813 655 342 748 342
234 820 195 759 839 531 751 168
235 847 443 427 969 870 619 321
206 670 542 181 447 165 436 420
810 726 648 93 977 345 814 150
611 915 179 586 603 40 655 903
177 809 998 540 339 577 956 289
864 257 327 721 369 163 524 444
818 907 52 116 464 502 646 999
742 540 70 982 221 594 405 722
22 893 936 85 99 343 619 16
901 920 176 675 20 959 48 88
587 711 588 234 814 731 541 604
9 264 961 669 458 277 83 224
114 933 835 816 291 118 361 81
286 29 701 505 898 685 844 447
130 181 432 713 977 118 782 927
770 999 363 257 41 59 111 262
334 479 395 397 829 94 43 261
128 338 913 259 727 59 347 904
975 29 15 602 268 823 509 99
282 354 535 472 240 803 649 573
876 728 693 797 666 484 372 201
384 389 675 442 804 80 363 479
673 751 472 876 889 305 674 142
734 826 493 92 279 79 569 25
621 312 618 169 587 426 588 600
373 959 400 692 427 481 528 756
899 470 903 499 938 183 325 987
188 339 901 53 902 590 786 73
650 22 291 122 942 255 85 665
598 235 543 496 913 532 837 454
976 204 710 567 231 563 751 397
888 167 29 143 84 944 142 534
619 48 887 333 813 503 463 895
491 746 979 32 183 914 963 777
380 740 624 853 35 482 933 548
189 923 972 912 55 342 984 715
471 254 749 1000 637 185 473 352
760 416 659 371 84 633 233 914
132 437 669 937 725 734 81 29
441 178 547 203 224 729 268 427
158 704 231 661 966 252 571 341
627 733 511 608 857 905 538 770
451 77 898 350 931 930 956 939
382 612 695 764 394 102 994 562
554 492 673 944 614 382 64 218
899 570 978 970 909 622 265 908
900 792 145 437 279 370 227 979
266 779 562 364 671 397 495 376
107 44 465 655 281 740 629 408
763 746 666 950 956 809 694 296
295 146 45 758 185 207 960 884
67 387 66 437 609 640 356 442
441 912 402 204 553 497 842 797
523 837 114 418 278 586 372 199
128 663 149 153 415 495 369 193
925 724 550 67 882 666 763 445
193 365 444 274 739 221 421 25
69 44 875 443 276 757 631 244
533 261 163 634 363 80 497 233
718 236 583 529 497 349 81 195
40 214 362 638 853 134 711 288
877 157 68 55 210 145 151 126
946 257 457 303 269 768 982 957
37 822 588 410 798 875 536 192
753 353 225 609 236 373 323 795
237 250 616 252 600 76 801 447
561 297 733 957 509 300 519 492
428 67 111 322 223 591 185 956
1000 20 827 953 245 160 173 592
519 177 986 481 497 247 940 511
227 450 641 898 638 520 317 950
807 371 699 939 66 125 834 878
753 838 412 859 55 754 407 358
753 691 905 594 2 888 579 150
241 688 570 464 930 650 47 823
619 146 332 320 700 35 574 797
290 682 847 903 15 361 561 183
60 70 562 124 347 67 138 143
296 533 291 834 380 811 849 266
324 392 242 623 30 777 546 570
168 982 25 432 185 55 166 933
524 364 251 672 26 734 97 688
298 853 48 401 432 934 113 824
897 519 429 843 989 951 128 828
789 557 302 579 370 592 358 4
245 462 279 290 835 74 676 478
917 783 860 46 92 841 560 721
198 880 632 440 536 357 302 277
354 152 249 180 619 727 256 532
558 313 508 989 863 390 194 2
117 752 900 844 529 799 604 339
822 573 961 190 888 332 918 119
591 453 378 165 899 569 236 463
409 273 436 53 716 651 50 574
616 987 469 783 417 74 503 360
495 63 871 712 19 534 859 578
791 56 346 540 895 359 898 825
241 176 460 166 57 994 3 226
274 255 282 290 64 881 797 2
341 669 733 543 467 618 774 141
746 761 292 514 602 653 71 594
496 164 49 705 375 601 281 227
387 516 843 913 947 588 445 6
764 729 167 759 606 949 560 742
369 239 477 985 967 517 919 699
127 14 934 831 93 151 923 197
538 564 668 493 795 887 81 20
961 109 179 618 834 17 957 727
118 335 527 937 153 407 346 199
416 193 981 185 266 938 522 337
81 757 763 180 93 955 991 105
592 839 100 267 556 195 914 805
131 589 920 473 504 122 285 552
469 874 938 799 785 35 806 970
606 737 857 710 700 725 165 537
224 591 858 769 107 156 296 706
878 30 218 688 617 680 572 649
239 201 671 944 752 370 453 169
661 241 126 235 929 257 0 970
537 470 470 810 499 596 319 785
886 803 708 808 214 161 322 61
241 529 811 851 454 155 530 501
285 254 444 113 973 794 958 30
589 542 180 285 512 107 49 15
712 805 271 784 677 473 135 972
456 168 132 561 30 517 680 541
720 644 676 689 831 685 896 879
112 767 440 79 585 744 646 733
252 830 86 449 970 505 581 379
920 507 827 431 924 704 733 423
486 682 705 149 538 783 595 231
574 155 589 641 215 28 808 673
30 16 800 278 892 368 749 810
722 461 830 257 972 259 806 271
365 558 983 134 964 797 504 7
400 712 245 263 310 5 173 522
543 80 628 943 239 406 226 53
259 204 905 290 75 345 668 50
608 950 686 618 821 753 409 648
1 970 674 234 589 633 61 911
760 718 902 380 49 354 895 449
900 133 944 658 845 512 959 474
334 114 744 983 678 422 387 671
164 124 445 87 415 970 481 69
201 856 703 544 236 883 547 259
946 904 880 982 177 403 259 871
234 907 573 142 684 541 561 517
967 437 621 458 689 823 986 513
774 835 585 974 395 193 103 160
722 910 588 10 737 385 436 480
231 711 656 547 167 876 84 2
832 735 400 905 46 749 936 329
479 63 918 274 673 127 653 62
888 639 195 762 52 625 278 467
150 924 884 71 120 391 759 95
299 261 551 415 130 819 862 928
343 148 1 165 257 554 521 801
324 761 497 442 784 181 127 584
265 867 310 119 49 356 685 204
226 854 937 410 223 946 864 960
471 741 811 263 853 151 109 877
514 740 668 119 301 525 920 966
561 210 783 306 581 366 509 455
539 182 45 291 295 219 245 908
353 219 837 2 900 544 173 766
16 611 584 129 464 158 190 278
130 592 715 518 913 790 548 763
229 303 94 618 401 989 964 620
105 814 69 404 307 959 506 840
848 968 855 559 454 356 135 213
147 863 501 918 460 522 208 391
61 877 308 955 960 55 784 411
248 84 3 351 123 560 212 316
732 578 893 737 293 909 801 279
997 915 687 516 313 561 483 223
135 216 356 402 275 313 132 878
851 52 667 618 780 361 732 441
356 711 208 84 538 909 234 64
434 945 63 722 995 24 90 621
612 412 992 651 719 330 286 446
296 850 493 76 489 870 254 264
601 963 149 140 549 508 3 401
794 169 982 459 196 637 78 143
623 998 924 139 195 508 263 463
92 873 883 200 40 981 406 666
995 118 700 92 789 420 805 565
409 237 24 136 82 450 606 272
730 938 635 591 959 888 436 830
24 762 920 900 197 762 135 379
595 2 348 861 91 777 489 820
257 287 899 445 101 119 108 227
660 258 953 655 363 197 643 862
663 656 488 476 76 150 722 604
603 688 843 575 79 932 873 747
434 148 462 118 296 731 675 200
822 182 680 423 619 890 763 810
912 343 873 962 551 101 501 809
202 899 847 15 329 722 607 168
194 899 925 566 500 916 661 110
614 969 498 112 181 840 904 726
561 915 417 247 393 186 624 798
955 795 91 655 12 956 860 973
219 719 8 538 149 520 941 967
578 975 402 875 977 622 115 341
73 97 533 804 777 198 708 303
490 418 56 23 106 543 48 258
5 25 592 539 461 944 467 827
62 297 325 326 809 610 180 125
182 663 424 199 962 867 828 898
265 273 78 879 662 141 731 460
299 230 238 451 388 28 11 308
175 135 878 731 554 91 483 457
722 379 199 828 802 908 675 322
987 305 409 217 383 502 439 636
531 300 1000 562 744 879 970 881
31 521 778 780 717 959 992 536
349 614 438 638 42 664 354 822
341 119 682 827 707 14 603 410
174 879 835 466 129 319 156 834
87 385 945 340 228 204 422 637
54 521 875 701 975 908 664 63
503 507 831 829 989 561 134 195
371 325 107 976 38 432 21 71
471 89 366 737 191 780 984 314
964 351 907 917 521 713 86 727
710 513 573 64 504 685 385 440
401 75 585 289 890 841 853 93
68 731 524 588 388 906 523 103
840 792 948 363 44 225 684 795
474 743 466 222 8 885 990 532
389 14 150 931 992 50 865 31
730 195 846 38 704 116 135 823
423 231 954 521 911 860 496 127
889 873 264 173 598 376 260 233
768 110 533 944 721 420 800 855
976 333 53 494 494 649 775 605
659 905 93 278 20 727 377 586
267 920 526 974 152 229 376 254
651 387 10 743 794 970 616 743
973 871 173 123 28 500 860 396
139 808 655 648 964 163 346 23
625 108 116 648 902 84 275 570
673 450 710 793 76 152 46 73
147 872 712 361 646 604 224 236
272 305 754 48 698 233 544 992
828 588 646 430 385 934 802 126
554 718 886 206 687 957 77 397
342 189 156 112 18 660 929 296
905 839 652 562 588 34 655 585
264 449 201 668 914 515 501 127
31 654 930 344 448 489 620 549
566 982 986 426 923 462 305 132
806 801 379 681 641 536 94 956
239 580 651 332 700 990 484 651
156 959 479 836 369 213 449 192
589 483 460 194 350 326 3 866
793 644 676 997 912 442 955 396
87 243 291 272 96 170 113 192
439 147 46 978 521 775 625 520
912 40 858 834 526 665 425 11
264 771 679 521 910 570 899 278
978 914 618 688 423 875 12 330
186 552 214 742 587 323 28 963
380 196 415 11 417 290 288 569
220 489 325 115 947 269 90 172
204 876 432 216 736 120 701 71
123 185 24 578 240 246 822 656
527 658 899 69 795 652 589 377
221 139 601 822 230 866 702 128
653 150 720 419 861 977 381 185
575 125 749 467 295 212 945 304
961 845 36 908 276 285 899 870
683 663 443 978 544 287 57 901
595 851 89 38 258 779 719 351
984 860 88 516 351 171 624 349
89 914 453 106 735 141 723 633
761 190 530 899 24 995 124 487
612 638 376 856 931 923 972 443
643 646 199 496 754 446 619 211
269 371 394 81 233 711 495 30
593 500 787 298 896 880 171 575
380 221 249 80 869 73 471 1000
51 301 584 978 330 579 50 279
732 832 364 256 937 830 506 327
512 661 890 646 795 719 605 240
455 621 330 317 315 149 464 301
972 250 511 483 603 68 275 385
394 67 70 811 706 952 267 903
731 817 740 888 514 458 113 620
658 191 810 211 307 668 205 871
186 793 617 343 928 168 43 146
454 431 866 173 849 714 404 847
644 42 305 508 628 432 227 898
783 409 743 289 881 202 183 836
36 744 302 206 442 669 247 848
323 173 859 544 429 1000 376 185
751 345 195 746 201 650 477 649
267 890 351 753 943 524 838 143
964 660 545 170 292 281 685 230
674 143 917 328 955 113 2 264
923 822 393 346 413 404 921 802
780 376 49 969 764 896 146 940
366 678 579 395 993 79 820 820
798 207 112 7 515 427 583 572
435 311 798 898 47 828 485 239
427 103 229 71 348 850 497 774
428 815 335 905 772 793 84 651
932 125 774 191 348 452 28 279
532 201 702 55 800 414 644 837
348 414 175 352 392 481 606 537
702 108 144 359 534 522 788 376
31 538 613 275 555 724 878 745
165 887 1 945 711 179 407 416
466 519 621 541 800 750 774 525
143 280 294 431 994 55 249 554
618 46 990 281 923 374 989 433
935 629 284 461 765 753 68 552
998 819 833 710 272 492 822 548
417 53 524 820 535 656 172 675
892 916 637 23 41 578 540 914
791 752 1 295 437 820 687 922
422 191 184 722 483 733 406 360
387 99 693 404 426 758 316 770
926 243 159 821 370 309 677 635
959 140 917 219 752 762 349 730
351 107 230 145 544 834 27 244
147 276 816 534 161 362 570 244
69 783 378 699 528 844 477 956
756 667 990 333 950 459 145 643
423 978 519 970 121 679 459 451
174 905 987 692 858 477 669 721
523 895 589 86 583 249 844 547
594 640 171 540 181 627 963 730
360 471 715 646 545 100 241 202
796 705 410 266 444 898 26 536
766 705 241 1000 160 918 617 967
529 600 834 435 305 238 744 777
406 187 932 887 767 585 641 989
626 235 180 794 358 371 579 377
456 653 189 66 670 354 410 702
131 307 570 57 82 543 574 907
539 98 336 782 467 256 973 526
321 314 102 398 138 586 416 350
493 632 205 529 758 60 120 742
778 668 696 30 768 327 442 361
740 944 307 306 492 468 833 282
580 740 366 739 825 632 39 745
846 182 142 698 202 508 217 297
702 86 196 227 168 622 750 273
34 815 912 150 188 217 849 552
28 484 672 47 204 363 929 863
506 342 890 651 234 483 747 66
661 372 173 782 177 609 889 978
978 321 87 984 472 330 300 184
778 98 604 424 563 313 694 712
673 8 748 965 507 893 447 903
646 690 83 374 748 144 694 655
510 484 451 907 13 759 494 113
27 523 836 562 0 965 515 608
293 549 19 143 858 953 249 962
153 174 538 401 246 145 209 939
419 763 664 62 581 434 678 345
639 870 636 349 623 754 381 640
388 612 380 774 306 930 975 253
674 141 50 387 763 203 940 359
674 541 126 105 460 383 266 445
220 80 10 41 873 489 45 525
165 542 328 123 200 153 349 52
169 870 220 125 370 308 416 336
761 683 89 617 336 319 499 654
683 388 1000 54 145 570 280 651
145 168 934 114 807 551 661 410
712 348 714 209 225 159 129 479
386 910 6 879 842 869 502 833
423 31 162 538 176 714 293 67
833 232 897 459 887 246 109 669
921 420 638 926 862 746 844 393
847 483 254 972 863 828 246 82
799 343 87 951 498 842 223 680
430 622 322 924 634 680 107 189
393 392 962 892 482 334 866 384
386 131 650 342 597 102 715 868
449 271 371 432 925 333 25 776
170 827 744 714 731 993 201 215
567 353 247 799 994 715 150 957
229 412 209 894 629 683 625 988
436 227 920 274 125 635 182 968
792 39 742 462 540 371 780 858
646 84 11 175 213 964 330 659
283 321 621 750 334 646 861 47
835 109 183 994 631 868 187 120
34 117 342 769 467 985 934 944
818 325 670 554 319 185 890 770
986 740 107 585 738 109 442 259
879 405 377 387 259 956 79 656
574 48 867 597 165 556 569 657
535 772 327 496 248 754 773 691
458 260 74 841 860 787 904 49
125 645 836 474 577 799 439 992
140 11 192 701 402 656 819 828
287 145 661 419 448 631 855 375
637 751 616 292 629 882 151 34
661 668 182 644 16 513 214 841
677 510 445 926 652 821 405 486
212 854 391 206 801 861 248 140
875 435 103 171 121 353 446 873
535 609 927 305 261 523 906 335
743 241 230 339 748 27 998 48
83 472 112 548 296 227 587 639
260 94 283 990 110 422 150 106
993 201 933 817 482 165 582 287
487 244 864 350 264 361 53 659
75 872 590 603 202 896 409 168
970 931 42 641 826 549 238 829
120 768 261 369 72 921 218 419
931 389 859 219 775 915 16 399
106 692 879 150 832 587 230 773
877 741 427 989 459 880 739 136
710 831 19 770 440 360 951 374
64 776 472 670 277 648 993 65
874 899 527 628 696 344 725 854
382 733 263 27 425 9 810 600
634 559 316 710 297 862 604 536
688 709 42 459 646 287 492 298
308 462 382 190 154 213 160 494
140 785 293 467 867 260 735 877
885 173 686 981 652 799 305 76
506 587 595 828 274 815 721 636
92 522 111 175 556 217 765 327
701 426 444 210 1000 86 75 975
195 519 281 586 283 166 641 642
806 360 793 986 51 40 533 216
181 492 163 280 830 538 252 571
708 593 707 246 548 852 436 744
324 241 464 270 885 411 531 766
11 109 121 120 467 525 461 934
229 59 885 415 623 373 666 344
896 108 655 612 55 785 487 404
557 144 474 650 759 6 549 337
166 733 57 26 959 361 781 733
741 82 293 132 960 498 926 607
292 173 5 395 103 174 103 114
669 257 274 625 87 986 642 560
448 304 725 85 194 747 980 53
106 209 482 890 342 325 952 39
989 363 411 270 970 182 954 641
26 52 349 132 889 34 886 718
451 835 97 898 580 193 48 265
199 10 152 504 916 581 89 813
543 809 548 249 475 506 785 156
776 61 556 309 26 552 894 890
606 395 994 273 366 389 568 941
229 435 381 416 161 831 770 336
246 909 277 867 309 440 602 19
538 884 579 636 831 837 279 480
776 901 690 921 441 44 959 184
5 194 336 141 556 103 535 792
383 929 265 39 582 526 47 733
967 540 95 764 977 131 936 83
484 831 286 767 752 644 605 527
178 406 464 179 457 701 677 709
442 759 5 529 406 738 93 911
640 141 308 998 447 384 713 277
225 967 61 295 60 117 626 716
232 116 577 421 193 890 200 751
838 614 673 689 636 510 351 938
717 303 610 325 943 23 317 961
616 760 278 451 474 737 894 681
29 208 935 409 386 995 159 112
686 667 301 333 400 938 82 123
729 269 985 536 997 700 180 142
909 754 182 609 295 121 582 232
51 810 727 541 738 94 894 559
676 139 619 162 708 228 49 151
540 405 734 435 681 310 5 186
544 256 728 288 21 922 538 665
136 313 350 993 968 696 549 405
595 156 394 284 85 14 7 448
704 717 504 718 81 643 875 499
24 857 566 189 126 547 595 457
867 323 157 217 925 916 595 615
118 420 276 177 890 221 709 449
764 27 788 468 358 150 430 344
294 116 509 909 83 745 332 166
202 919 530 991 189 482 192 243
742 730 355 644 451 57 824 194
51 353 472 442 194 175 561 475
737 86 508 339 122 352 284 362
991 803 169 268 684 691 668 274
941 182 479 646 669 480 502 377
180 962 951 101 853 256 197 648
354 621 445 267 793 176 87 455
730 618 969 143 528 609 995 595
236 566 740 349 93 607 864 696
800 924 453 808 804 736 534 167
222 526 669 977 960 800 329 399
115 51 748 179 131 933 649 54
265 696 482 294 610 728 503 343
560 640 93 82 790 886 661 65
741 265 811 933 171 955 422 134
636 202 88 987 714 412 705 863
603 984 278 530 600 394 728 168
930 67 231 513 124 569 895 515
175 322 17 908 222 222 894 996
902 32 186 538 93 480 967 994
261 314 546 109 648 415 234 906
79 742 363 636 168 899 870 552
237 40 569 654 800 570 462 344
955 704 923 493 597 473 895 584
446 503 915 881 27 162 752 659
825 187 948 620 178 434 230 207
360 531 850 693 954 729 923 414
312 71 517 997 334 553 222 328
906 565 442 770 348 13 82 596
476 66 346 94 388 109 499 866
929 438 216 61 292 696 875 276
706 362 794 603 284 355 83 891
976 523 693 466 472 476 240 128
467 64 134 505 994 691 481 992
62 350 525 552 370 557 251 778
614 841 807 85 664 100 295 454
300 415 736 540 14 926 627 323
943 527 680 927 301 316 187 266
395 804 9 441 776 77 203 104
808 76 399 502 47 707 442 734
447 610 390 54 578 31 155 576
929 218 815 54 708 390 95 214
872 915 194 580 590 821 545 875
850 931 214 730 869 390 96 378
672 970 78 17 865 27 383 206
789 439 57 577 71 157 319 250
692 56 29 965 585 304 697 496
271 505 512 707 539 481 732 54
250 390 505 204 257 275 560 638
995 230 669 622 130 278 661 79
138 176 536 887 255 939 864 942
855 611 816 172 414 383 232 37
573 472 86 605 706 506 92 593
297 843 58 775 815 339 144 21
914 583 317 513 863 12 255 633
641 383 93 208 151 231 730 667
219 570 620 190 464 902 798 847
624 817 943 407 959 24 313 631
940 268 116 218 548 539 379 881
547 855 876 117 595 564 673 970
34 123 621 642 614 875 905 774
978 699 966 589 814 136 502 554
970 609 318 870 685 14 724 887
768 98 154 123 115 948 844 11
228 300 7 283 67 259 83 729
542 370 224 282 640 733 451 845
380 141 825 290 108 398 316 648
508 187 748 632 161 907 922 266
209 710 954 863 332 276 307 486
399 1 665 279 262 246 252 752
970 26 194 545 47 707 449 402
734 658 12 748 35 149 704 126
497 220 900 270 654 581 931 695
378 534 721 934 280 493 889 617
910 284 112 887 830 81 16 816
584 594 8 947 53 759 920 127
782 341 309 45 552 990 602 73
92 928 326 836 137 45 68 121
631 666 91 980 389 898 503 964
814 930 144 41 321 186 919 652
815 594 215 219 946 565 869 569
382 26 99 548 531 63 799 945
886 40 871 726 725 101 583 317
289 727 950 5 383 997 1000 355
951 744 240 375 269 181 431 725
684 924 561 573 374 385 25 948
621 132 448 222 146 103 518 258
573 249 902 802 341 60 975 783
522 197 128 895 325 34 523 194
53 503 697 205 612 199 431 198
91 878 345 803 846 491 562 489
72 562 238 376 767 516 164 781
598 808 781 518 834 610 672 552
485 840 908 973 982 917 292 985
448 113 752 536 455 526 457 179
380 248 200 700 29 210 929 328
448 623 353 572 654 184 226 672
46 474 913 233 16 882 852 730
148 785 879 193 335 426 913 845
302 259 823 598 690 665 13 813
397 969 628 779 381 780 566 451
112 55 272 993 148 643 199 661
386 607 792 641 777 204 231 412
885 302 422 257 35 904 311 347
399 203 462 787 360 680 243 12
40 871 35 124 424 291 38 814
542 814 5 174 101 709 670 42
146 132 754 792 321 534 952 964
505 383 730 744 102 873 998 685
276 67 459 447 712 139 996 373
319 20 80 195 968 308 459 801
877 938 206 962 35 933 494 845
201 978 835 650 830 17 66 996
301 916 101 0 251 480 10 502
110 711 750 246 5 555 99 950
409 832 288 770 446 860 614 985
22 729 263 996 536 139 597 293
966 907 548 820 431 155 138 276
101 365 861 198 20 231 769 278
456 313 505 178 718 98 190 174
44 536 361 639 186 901 875 886
97 595 864 198 830 677 743 819
33 988 877 568 101 465 740 213
814 752 578 284 471 969 562 535
981 119 658 85 57 611 10 358
934 685 206 467 70 983 294 432
69 163 973 14 720 282 200 112
682 362 3 660 416 601 108 505
155 195 29 670 944 274 311 514
411 104 692 112 312 599 930 785
447 90 876 315 561 869 101 998
829 457 563 129 797 445 256 881
778 906 935 382 49 473 606 454
806 754 79 69 520 884 251 784
397 236 480 469 226 413 960 372
472 317 99 997 187 392 760 102
981 266 952 428 574 900 152 377
578 931 744 846 773 391 936 605
391 766 486 26 486 813 286 298
359 566 138 122 703 124 140 28
504 147 902 931 174 101 686 310
983 750 681 438 878 287 925 798
466 109 463 178 178 554 255 949
390 10 126 424 332 489 441 63
225 306 451 955 745 855 595 713
678 297 812 215 751 190 967 747
672 131 265 902 911 932 710 158
361 78 423 493 475 919 125 52
412 809 592 944 138 876 227 974
826 578 772 408 644 351 693 982
240 111 0 328 755 455 203 473
554 649 555 112 565 616 964 596
14 417 862 303 352 72 774 920
866 626 117 191 969 989 916 225
919 549 770 913 888 549 781 466
961 842 336 963 329 920 384 771
58 24 798 112 490 636 803 831
582 829 154 355 592 289 225 132
818 539 726 941 286 79 455 440
916 819 212 114 60 721 505 337
43 507 814 199 582 470 509 493
41 111 229 103 486 264 357 808
540 979 907 548 772 473 486 807
482 434 20 335 107 193 475 1
360 320 657 923 5 325 56 686
448 3 83 89 449 987 458 45
920 288 549 759 724 54 754 787
443 699 310 44 932 530 470 614
836 938 524 823 30 979 618 343
6 542 616 100 363 688 171 404
843 502 472 164 469 2 229 757
179 851 807 978 570 588 79 779
375 103 131 790 757 559 575 733
523 215 768 708 519 883 477 560
569 347 159 41 920 417 847 260
499 416 670 413 420 999 625 231
938 250 383 123 745 856 430 378
532 765 539 921 131 977 206 201
948 221 590 157 293 923 332 175
616 841 445 707 774 723 213 753
504 284 52 225 588 323 769 664
541 152 555 935 724 450 873 84
954 745 353 937 158 486 414 121
80 220 478 400 878 196 953 290
589 832 466 635 60 452 106 745
654 583 519 455 496 951 179 460
899 220 982 740 662 566 318 828
125 814 200 37 281 527 929 629
598 603 605 372 743 381 355 136
772 236 187 571 10 239 142 393
629 673 617 162 321 681 841 591
411 491 686 864 384 796 544 104
136 647 799 376 860 172 715 398
392 768 518 140 831 553 904 512
722 833 540 632 631 743 776 842
476 366 802 403 500 786 917 723
361 380 563 967 201 880 232 885
195 763 151 555 833 25 806 220
73 760 511 471 360 909 545 566
985 715 583 878 733 691 361 947
7 789 926 935 683 70 282 887
310 445 345 657 803 359 419 354
811 987 474 644 415 290 679 917
901 296 392 878 284 102 51 321
882 941 783 675 267 66 767 857
497 745 151 993 716 778 711 860
430 636 109 303 798 551 604 389
507 345 799 319 13 892 741 668
103 128 742 595 859 79 339 767
894 418 387 12 90 603 964 306
963 303 461 506 349 372 20 839
824 161 18 584 225 430 165 179
312 749 269 362 397 674 296 432
732 187 884 350 798 673 791 751
357 722 857 870 660 366 407 6
930 154 935 205 818 841 103 178
187 113 740 931 436 234 299 485
476 256 386 687 228 381 631 661
400 362 265 444 756 956 132 550
303 940 257 163 645 216 949 870
840 483 453 59 435 936 91 473
16 515 750 921 465 134 878 278
897 609 921 926 746 925 672 892
899 882 286 927 202 120 212 712
399 220 780 100 721 102 363 973
805 668 984 29 37 160 225 529
201 536 183 318 712 451 95 53
105 955 570 183 479 435 512 526
46 761 827 799 866 745 788 175
717 329 989 963 568 524 564 290
139 458 84 124 322 815 974 411
899 67 270 355 247 972 389 600
39 45 743 365 763 16 529 356
76 456 704 745 222 664 190 465
288 603 980 561 14 66 510 474
757 688 970 240 724 232 473 450
498 425 891 696 806 692 35 510
449 733 260 949 19 921 570 392
145 957 429 863 2 333 263 469
289 961 513 827 483 887 462 134
155 926 671 457 564 99 748 581
29 781 51 963 874 822 368 289
331 755 708 456 865 408 831 46
486 138 402 629 295 332 654 721
569 623 522 863 581 248 639 281
687 850 789 401 454 857 472 271
540 861 21 127 253 617 665 683
409 230 974 929 431 7 476 321
372 874 615 665 990 501 349 314
951 920 947 360 811 469 989 76
987 311 618 243 566 816 124 633
906 206 534 614 497 962 208 782
570 931 83 932 99 443 365 721
898 576 744 516 101 239 482 331
174 79 62 318 561 632 745 19
326 242 569 286 706 353 716 137
121 87 92 679 265 364 413 868
710 44 722 583 699 432 391 896
617 657 487 42 856 583 507 960
621 120 387 663 774 448 840 280
239 496 3 268 981 443 111 988
260 777 854 534 468 833 34 620
785 487 200 52 705 263 654 801
24 78 599 970 367 753 940 276
630 145 611 335 837 399 506 367
529 942 675 495 889 289 956 684
348 916 762 398 621 859 23 275
135 59 727 133 830 731 964 493
488 893 914 409 337 362 785 579
171 858 50 529 242 265 342 213
675 23 78 452 34 369 667 665
790 68 686 773 549 599 93 608
135 483 248 677 365 148 304 247
613 301 239 639 37 36 681 968
939 579 320 428 154 374 660 60
696 688 98 810 685 534 284 492
540 863 81 609 729 108 557 103
726 664 425 470 640 172 796 720
353 90 2 727 941 899 722 405
190 140 315 867 508 168 387 47
79 138 677 565 539 981 489 147
368 584 307 60 395 364 443 616
271 507 201 253 25 10 573 835
257 547 366 956 123 558 948 841
238 612 515 770 740 529 114 372
651 123 635 36 913 665 166 922
906 137 497 270 882 302 879 11
81 483 209 305 2 588 173 638
339 995 870 517 486 281 88 566
987 389 135 893 629 316 366 336
196 202 43 761 472 432 858 382
762 415 177 433 176 487 381 646
359 680 914 437 281 938 766 776
276 846 265 829 741 655 867 549
619 937 276 129 545 13 424 361
163 676 711 820 219 423 684 244
852 293 270 140 149 330 86 665
989 180 519 953 120 540 595 429
961 936 798 446 380 417 563 314
248 722 548 315 786 332 38 967
596 518 969 597 529 528 768 963
456 185 785 867 915 776 764 586
993 508 551 404 797 649 823 144
67 888 718 5 345 338 828 605
950 478 804 440 348 94 426 7
163 203 23 850 822 26 993 913
368 31 649 44 711 815 701 304
825 229 610 566 991 825 679 182
189 172 670 972 829 219 150 885
179 281 181 854 971 460 835 863
275 633 359 52 945 873 971 495
246 10 353 804 536 508 585 784
30 15 606 802 387 625 182 210
938 54 792 420 303 199 887 259
16 21 315 804 243 460 96 211
124 500 200 7 309 243 975 191
325 681 135 899 117 402 956 458
641 122 497 9 797 595 204 811
575 836 584 586 336 561 152 757
4 949 982 964 108 696 43 634
211 991 448 392 299 748 762 127
271 832 532 331 198 539 959 1000
9 165 169 869 557 419 70 681
17 425 266 973 182 816 553 97
94 753 974 466 865 441 29 665
458 952 266 132 478 955 603 925
562 491 543 884 660 597 364 992
190 307 20 170 254 127 146 918
942 875 188 27 833 742 0 765
99 57 404 644 131 764 189 635
25 975 484 90 989 872 411 652
450 414 179 204 178 791 654 260
935 179 25 277 668 366 44 68
283 467 292 760 80 540 273 989
977 222 993 384 570 396 340 335
424 270 958 534 637 916 777 979
276 131 35 303 57 748 352 196
941 391 620 519 668 814 433 499
727 451 677 830 840 984 241 34
927 790 977 882 422 825 98 783
435 167 222 232 871 280 778 237
424 542 66 890 883 839 237 737
174 491 541 177 321 821 701 758
480 425 543 270 133 588 431 736
105 544 10 828 129 865 669 8
858 474 257 43 15 421 124 941
312 923 990 699 335 85 732 758
393 877 667 13 246 688 685 286
975 82 993 998 804 78 203 529
562 852 565 974 862 850 606 58
103 951 798 100 525 497 921 660
511 41 694 566 197 589 212 911
87 170 694 636 687 279 15 311
620 597 296 782 434 72 282 170
599 378 239 384 858 655 73 668
943 838 476 947 145 831 855 3
411 71 42 79 805 2 261 419
99 81 250 635 251 4 654 282
915 273 409 396 706 448 578 147
701 819 702 342 219 434 29 79
813 323 507 940 39 458 769 235
826 328 236 35 512 980 642 224
977 498 971 255 85 734 955 661
930 764 531 649 174 221 364 67
626 813 481 951 664 601 322 810
715 661 451 802 838 461 933 607
134 930 853 431 668 576 869 363
808 510 768 921 363 460 853 424
318 290 239 517 344 330 908 422
732 825 940 293 169 648 83 394
699 635 22 351 302 793 902 786
396 372 853 1 782 493 750 709
804 279 341 821 234 272 234 831
323 258 248 93 716 584 170 475
97 969 967 173 177 662 627 86
716 847 510 856 674 721 333 728
398 112 199 750 227 513 63 609
544 642 288 260 388 514 535 729
459 434 84 440 836 726 168 837
266 796 974 14 510 266 214 315
302 891 258 682 417 839 121 92
777 940 655 713 830 164 420 53
898 438 979 887 357 91 286 427
919 151 369 552 767 197 234 369
321 632 201 722 253 313 519 959
506 681 470 207 652 959 850 814
363 515 465 545 671 906 772 111
359 843 761 480 503 215 317 24
714 25 631 910 188 526 205 758
851 100 956 887 4 433 732 418
178 3 359 33 596 475 347 348
130 135 91 23 34 286 567 768
764 804 134 812 0 221 996 750
801 562 632 828 94 529 758 126
142 81 617 179 99 878 814 368
107 769 454 241 582 374 380 91
387 430 301 191 538 247 300 936
592 791 904 549 576 671 691 888
945 785 938 85 988 299 509 71
161 52 746 337 737 262 747 885
934 766 879 303 952 579 664 537
909 589 920 413 90 64 682 699
654 76 463 855 55 774 75 799
922 958 129 236 909 421 16 179
437 891 834 117 601 998 476 89
260 566 528 671 625 728 679 15
523 714 877 846 442 464 285 326
275 763 115 963 2 829 38 607
62 288 796 626 937 486 149 675
994 360 35 444 15 274 737 430
90 750 940 757 713 825 666 80
114 230 44 635 186 131 601 665
437 440 520 847 582 454 926 187
96 297 668 92 427 163 722 809
682 92 547 721 898 820 511 410
513 719 62 287 858 191 427 248
355 268 931 232 79 475 150 96
577 752 714 386 56 748 996 630
970 392 886 167 681 803 980 875
905 242 292 120 988 385 753 389
41 242 233 835 580 542 394 794
587 744 389 797 870 508 315 784
541 250 51 669 789 245 985 902
252 932 378 382 327 693 771 552
366 68 492 254 761 30 78 579
643 790 300 753 451 187 688 143
393 755 504 662 508 595 210 83
909 518 904 454 717 681 817 496
645 108 535 293 263 247 504 118
894 33 14 942 613 630 704 999
143 38 870 667 771 624 978 152
86 494 896 626 126 769 196 50
813 973 10 624 951 613 124 426
999 668 273 53 641 907 16 584
307 66 518 3 66 611 470 612
25 249 640 403 720 245 677 970
422 402 165 878 311 695 179 495
150 112 123 366 908 144 474 799
640 703 765 422 190 778 47 896
447 850 157 142 398 947 4 729
326 858 152 169 122 535 274 283
19 262 271 432 542 579 598 68
392 375 143 754 178 989 953 410
152 653 901 732 549 463 588 738
927 452 627 299 607 725 48 370
192 702 770 57 338 266 928 391
538 137 52 665 618 222 614 278
799 593 9 647 792 560 969 766
813 275 774 40 637 442 85 205
138 448 796 841 646 32 923 393
796 165 132 195 549 762 865 553
662 649 382 648 442 625 135 950
34 112 818 783 149 903 997 587
782 780 311 44 120 966 669 644
242 455 231 674 699 741 419 343
177 639 114 954 36 608 253 49
955 471 490 925 791 820 511 159
225 373 86 336 642 250 408 320
781 804 872 650 293 639 635 604
925 622 87 645 811 570 265 346
664 850 221 212 793 825 148 701
785 634 59 510 630 331 818 596
76 640 709 311 735 368 441 435
809 693 629 476 960 709 995 753
13 734 655 656 924 564 478 816
641 789 897 620 795 330 233 509
820 997 737 906 561 806 784 534
635 812 680 646 482 357 708 464
46 155 779 207 188 682 927 936
315 742 744 184 109 162 6 894
264 203 857 35 9 888 821 262
773 860 839 937 417 521 56 65
391 353 953 662 722 957 334 39
872 560 253 107 887 342 835 927
32 872 441 475 514 300 609 304
636 256 515 460 547 715 648 341
307 873 805 461 162 99 612 705
373 517 728 206 830 88 747 433
23 398 138 602 363 946 109 67
841 90 890 418 873 519 172 127
390 923 774 599 392 351 865 7
36 962 184 561 5 380 927 964
21 317 600 4 8 464 315 982
79 565 960 845 740 676 607 273
573 795 43 267 875 135 324 71
133 452 207 614 527 559 398 943
897 818 890 383 891 44 729 277
726 282 849 965 439 6 259 569
262 279 520 398 818 53 369 781
362 842 841 505 254 857 924 288
973 734 134 696 216 610 219 129
927 525 290 822 94 987 618 750
371 931 940 960 158 321 128 830
430 314 801 554 249 765 276 94
652 275 931 74 290 984 382 800
122 519 412 545 595 165 684 519
17 984 137 697 195 309 759 841
309 300 644 538 420 132 268 886
260 673 774 316 893 730 684 780
887 370 789 563 466 875 509 134
226 154 238 834 247 84 429 643
394 430 484 391 414 570 431 552
14 949 484 151 699 824 205 112
268 734 413 495 908 767 526 767
545 589 451 841 381 193 762 476
368 153 812 625 438 711 105 440
939 488 952 322 907 49 43 11
167 603 46 659 456 412 519 762
775 833 181 283 942 45 898 801
731 170 399 151 107 177 323 296
730 599 895 612 759 881 317 240
332 235 705 324 538 583 743 816
676 741 926 166 853 908 756 703
545 93 81 942 575 818 221 939
249 554 840 345 974 124 902 295
260 65 391 443 332 498 720 984
193 760 34 870 627 662 682 702
922 24 320 744 136 835 251 325
606 721 414 814 980 660 865 949
416 493 611 530 336 807 879 431
575 419 710 603 655 890 309 685
616 970 954 6 325 215 188 868
427 267 107 296 936 568 213 143
122 585 766 147 855 46 827 272
297 790 202 910 988 699 893 971
52 652 827 593 897 976 460 92
904 607 1 338 884 522 60 51
837 504 732 181 208 677 445 237
496 179 69 133 229 151 10 919
297 549 500 247 871 669 391 655
553 287 87 234 384 115 640 857
710 89 120 977 280 966 288 760
756 141 322 1 181 824 650 772
937 853 920 593 587 274 438 315
435 872 531 41 209 904 210 464
694 790 483 205 118 681 851 55
989 800 144 60 276 48 85 777
424 551 200 37 637 799 29 399
900 195 275 819 515 674 694 185
373 392 44 799 461 973 51 834
993 291 960 645 119 911 341 732
432 996 834 251 567 190 867 521
440 360 722 599 126 107 205 329
542 84 813 480 212 908 851 751
575 22 542 44 792 819 934 562
899 609 347 552 9 113 681 339
725 595 860 970 125 78 790 953
32 342 875 898 227 346 698 11
823 410 570 216 515 372 893 895
405 89 103 814 453 95 39 990
872 601 184 472 920 82 246 603
801 507 325 975 789 120 332 21
847 153 940 368 795 4 601 232
818 539 938 15 142 968 406 340
400 257 443 491 892 927 813 926
107 472 445 93 609 42 939 454
255 985 775 882 442 872 360 354
492 156 474 74 441 124 549 958
760 930 151 942 5 78 494 265
648 386 132 710 763 8 964 576
234 182 363 875 771 756 182 561
125 530 626 539 679 764 832 887
655 71 654 546 657 62 883 964
222 592 524 36 378 556 954 743
118 900 149 256 7 202 817 608
606 160 752 972 894 958 272 769
190 903 865 1000 894 554 917 887
184 351 494 270 414 195 661 224
114 862 989 651 202 758 118 608
132 225 536 396 657 447 691 613
327 840 596 611 877 527 980 127
20 511 705 606 924 570 129 705
774 810 247 704 642 767 909 733
544 516 106 462 359 827 945 568
148 20 677 89 826 836 857 163
719 309 268 697 681 288 880 289
220 739 613 132 908 326 943 568
977 546 472 744 341 663 659 405
790 754 984 765 383 131 306 947
606 573 641 486 435 946 432 448
177 220 160 373 172 661 47 907
249 380 766 134 367 715 696 817
183 469 730 531 373 33 392 690
762 37 941 821 132 478 239 739
290 58 269 81 922 308 369 84
963 324 710 401 522 990 297 693
642 256 99 85 610 968 232 594
505 115 471 68 994 166 338 916
499 517 754 717 799 528 798 248
740 382 640 810 69 550 880 307
269 442 201 165 79 632 973 460
196 662 923 807 545 507 475 918
928 775 207 283 627 869 555 278
692 771 384 130 172 443 432 655
472 60 214 422 863 515 613 829
585 332 237 151 266 960 367 74
760 448 394 749 304 244 441 266
325 109 425 956 826 161 147 371
751 647 162 255 932 404 304 107
579 945 678 415 542 68 739 606
282 699 654 431 197 915 717 219
376 116 876 153 164 271 89 676
459 849 200 602 268 485 733 451
141 704 329 490 511 252 612 803
236 138 850 867 96 859 253 92
425 820 824 226 707 878 13 125
224 533 708 765 59 230 128 195
294 204 622 99 675 532 587 197
459 618 971 228 941 536 157 993
600 727 67 75 665 76 333 402
693 844 735 549 200 204 138 215
454 40 512 22 80 765 444 710
240 838 652 438 890 271 928 725
589 619 670 851 574 562 711 96
249 653 715 522 878 963 566 846
117 583 509 814 713 908 712 632
23 932 548 377 710 801 599 815
865 767 442 498 764 796 46 727
268 703 800 21 471 957 551 825
87 903 530 696 765 311 843 167
22 288 550 57 30 66 885 439
437 626 217 338 556 744 509 638
298 277 763 592 823 538 132 333
600 322 448 520 605 287 305 216
854 342 385 575 43 384 139 217
762 556 361 341 41 981 245 949
475 144 499 601 476 492 858 904
869 612 431 6 469 395 525 356
724 395 150 522 168 710 311 231
888 936 366 665 147 696 941 658
468 524 30 715 693 138 663 278
584 418 171 580 801 960 555 541
526 205 631 249 316 636 938 950
388 673 840 53 651 19 979 548
710 81 586 239 550 963 484 391
264 106 871 121 242 149 380 768
360 123 19 229 222 496 602 671
128 90 981 334 180 972 109 855
789 260 331 344 591 974 657 645
51 857 899 536 92 923 488 259
382 588 530 923 772 335 259 588
253 913 1 563 238 390 672 772
967 77 424 298 542 711 456 986
690 403 104 905 921 201 603 68
227 408 157 352 262 805 587 407
224 281 350 131 637 895 681 671
481 671 294 157 23 984 279 521
491 182 40 440 146 726 522 950
159 542 240 86 253 286 674 561
106 376 754 579 932 983 952 203
190 820 594 276 220 17 629 616
225 616 994 840 882 323 755 863
441 686 858 637 936 739 742 259
184 135 863 979 338 534 223 697
648 869 419 365 366 43 853 487
950 814 66 225 283 907 881 451
607 717 644 942 22 161 722 267
645 18 1000 166 760 638 695 863
606 732 511 962 301 134 337 624
230 212 529 364 269 697 830 692
833 513 554 907 148 521 618 417
85 194 535 118 922 113 536 150
34 219 347 944 427 707 201 367
992 917 186 702 672 471 349 33
778 460 120 257 579 426 930 69
314 814 587 980 164 105 440 832
285 691 955 32 598 163 318 290
967 183 602 964 741 957 102 549
469 673 789 218 630 196 477 836
670 230 161 602 430 890 123 184
71 769 728 599 648 543 55 557
216 503 760 525 766 218 718 597
460 878 529 77 840 690 311 817
924 112 187 984 835 159 350 734
905 284 258 822 445 45 954 613
29 844 637 617 462 460 752 718
881 407 169 946 215 12 282 200
496 374 500 372 529 333 58 866
671 125 966 696 294 941 54 696
913 782 626 265 561 306 771 539
962 752 228 923 432 87 168 799
180 781 513 898 197 193 997 314
433 503 157 831 684 253 423 623
830 212 373 447 552 635 647 16
729 784 882 544 316 230 510 754
452 6 695 164 161 426 998 480
959 405 278 929 248 515 411 421
545 298 883 96 675 879 866 404
4 714 6 677 983 583 342 995
321 109 328 706 373 390 584 287
382 711 538 694 57 45 889 986
466 975 745 943 293 761 511 297
692 54 893 3 502 51 138 130
528 529 948 435 649 860 175 977
986 708 90 853 537 419 35 845
618 222 515 789 511 422 851 496
905 138 537 343 184 400 76 355
25 853 308 258 576 191 536 200
848 924 763 737 233 190 397 535
20 194 752 855 505 385 101 891
703 601 654 300 9 678 685 840
110 275 12 690 236 607 565 327
891 50 609 921 215 38 284 339
416 301 805 66 321 967 968 992
509 584 702 335 502 513 632 976
923 406 829 867 852 703 873 267
648 280 425 782 778 197 195 342
491 842 907 307 775 432 693 30
621 363 917 790 561 137 262 967
481 945 932 405 317 182 475 297
276 684 498 304 113 840 428 199
691 487 616 382 402 785 384 154
401 888 829 674 226 481 484 986
317 259 257 357 870 993 290 13
278 955 459 808 770 823 842 897
62 482 439 781 942 26 761 991
300 74 401 782 76 386 543 1
244 23 135 517 357 351 481 278
342 665 27 708 197 849 767 517
513 934 732 266 942 546 39 541
123 854 412 1000 864 823 501 668
827 92 350 586 394 381 696 156
697 291 856 485 199 35 440 355
493 6 533 677 248 1 10 1000
197 478 730 756 991 106 626 285
431 967 220 154 901 601 4 860
180 501 891 519 374 985 553 393
506 853 699 134 987 631 577 181
946 15 800 604 669 996 479 770
983 839 710 110 845 610 147 836
273 197 66 916 323 891 646 321
65 449 303 896 190 68 308 227
426 852 325 550 942 341 815 406
394 767 772 484 176 7 76 204
370 866 813 573 790 21 144 813
109 552 64 864 536 53 479 877
322 130 438 267 224 965 588 734
458 145 909 252 347 116 6 822
719 427 714 737 395 952 626 940
474 85 863 636 56 481 662 406
957 189 755 427 778 739 627 393
402 398 135 530 15 221 874 319
533 678 518 666 876 24 640 649
245 133 58 420 897 395 705 876
285 816 604 709 73 812 757 803
365 33 934 398 417 723 189 952
967 143 900 36 857 418 982 74
109 277 424 897 757 830 127 13
288 38 220 448 267 276 704 135
243 65 750 934 714 711 879 860
60 282 303 27 393 99 914 306
81 934 843 111 813 369 137 7
647 394 590 975 956 220 276 844
566 163 829 867 504 513 719 53
611 115 548 609 469 359 529 187
174 520 93 920 894 167 614 172
304 187 175 531 452 324 921 438
870 359 730 960 929 342 937 964
170 232 290 518 147 690 444 759
608 158 545 230 318 78 1000 322
718 870 333 655 427 1 415 688
149 556 603 812 440 788 788 346
944 659 510 712 524 78 323 235
40 435 887 496 779 545 713 16
256 903 748 355 363 218 901 961
358 677 753 614 264 991 224 754
461 793 81 530 103 159 818 654
323 779 365 992 33 468 669 916
249 650 902 4 702 278 589 803
99 654 758 314 915 130 709 93
653 985 204 628 617 635 177 738
361 186 144 547 107 770 862 789
29 783 709 50 451 489 385 411
451 697 795 359 693 956 672 44
726 703 636 642 512 94 485 324
439 309 337 779 298 837 877 99
923 677 35 200 759 301 978 435
399 239 714 228 241 177 206 985
156 370 386 229 217 673 452 95
909 663 575 336 823 507 765 402
559 239 738 772 488 752 293 426
103 111 751 114 235 278 761 586
190 614 888 236 42 523 86 791
507 953 468 209 600 675 279 160
404 706 404 992 996 964 864 253
124 982 300 540 525 574 246 93
288 473 398 916 305 484 95 559
264 481 727 961 679 298 864 1
84 397 873 213 30 257 369 621
610 798 401 438 604 274 594 839
817 555 276 101 27 121 190 267
699 226 57 929 555 943 815 354
890 717 525 302 212 899 188 149
444 579 293 104 408 380 784 901
618 121 306 267 586 539 857 956
840 834 82 204 407 383 816 452
279 854 546 418 529 497 929 343
898 666 858 33 395 515 186 505
975 207 317 311 59 429 755 668
686 436 804 114 339 785 62 99
173 790 780 395 408 174 195 285
662 474 712 14 79 981 849 723
449 666 989 32 688 675 749 14
31 237 818 327 369 916 510 566
878 917 903 339 52 974 590 321
508 874 963 207 252 778 456 775
458 578 419 843 83 493 949 183
836 304 727 886 841 981 127 160
200 882 441 130 604 174 821 151
449 869 440 220 25 718 618 100
465 570 442 84 728 444 685 561
98 497 648 72 631 489 278 148
921 420 815 154 554 627 928 967
203 827 783 655 648 711 197 519
206 851 550 748 437 85 512 982
872 960 532 164 471 903 79 859
407 614 295 515 22 21 136 906
469 111 579 994 851 326 856 586
374 332 320 259 569 388 542 841
298 249 648 782 281 865 117 593
329 729 509 194 701 634 685 810
811 51 485 157 536 400 713 156
71 203 461 337 548 247 278 726
412 660 778 561 472 823 897 401
501 199 53 415 52 826 117 460
436 602 992 888 697 1 199 696
122 360 247 950 783 676 4 980
406 506 274 625 125 381 393 758
477 121 302 303 296 92 871 121
562 101 226 860 143 888 970 847
73 584 526 830 827 884 260 886
669 948 492 446 18 277 436 830
320 283 301 931 973 393 206 481
517 966 511 816 741 895 844 804
424 717 563 845 941 996 728 764
344 611 881 370 955 101 848 635
75 809 676 453 236 576 795 634
305 585 996 534 384 758 711 908
947 10 156 201 253 519 229 651
17 928 982 834 990 897 660 966
250 779 186 947 635 150 822 104
46 529 271 742 768 415 761 455
243 106 740 886 831 297 905 637
407 481 315 934 949 701 777 811
359 837 361 63 184 279 547 779
498 650 146 84 531 72 899 460
192 728 67 101 264 216 456 543
885 19 960 467 786 398 987 767
437 525 762 919 577 794 716 856
391 710 541 192 986 165 174 696
416 402 151 473 56 902 837 185
589 446 428 562 191 515 647 49
759 648 822 60 746 882 295 757
539 43 247 975 174 775 69 289
445 500 619 383 831 954 158 915
525 609 677 944 976 62 855 117
620 174 134 664 922 747 22 971
791 322 169 707 886 193 64 885
288 212 101 294 924 274 154 500
824 140 199 112 546 763 398 98
866 811 832 536 420 998 15 971
875 458 961 818 677 597 667 727
825 461 167 96 404 248 136 221
337 965 347 531 387 709 281 416
946 674 390 12 728 715 227 796
29 131 353 996 993 511 78 418
587 26 259 702 786 704 24 66
59 130 860 690 625 239 816 146
548 851 80 857 235 612 863 6
486 309 336 776 965 664 292 309
127 584 319 297 790 561 271 336
207 183 507 202 188 958 620 531
434 686 879 579 816 628 177 220
401 259 849 7 367 841 547 885
490 662 40 177 244 415 589 160
182 686 986 30 878 462 704 536
125 848 633 187 133 235 933 468
622 75 431 843 315 307 101 437
889 150 441 383 41 664 699 501
746 225 625 206 373 563 696 336
50 435 134 804 726 885 861 836
551 482 815 207 460 453 789 544
930 615 187 735 699 215 764 204
39 211 333 867 168 77 796 502
904 226 952 204 618 882 362 328
985 274 498 81 955 1000 356 526
626 385 491 18 629 941 157 60
563 913 15 866 402 885 944 856
498 920 197 603 18 988 632 527
59 333 957 544 608 907 883 598
624 486 319 385 887 975 540 656
150 919 415 492 774 734 284 586
942 767 23 288 770 435 631 1
380 248 465 476 678 51 455 935
175 986 502 537 83 43 223 244
821 519 678 478 389 66 933 831
908 265 224 811 615 146 148 913
918 56 321 624 82 84 608 715
48 400 434 469 120 921 937 764
582 626 796 149 411 675 786 444
967 24 249 597 642 994 607 941
677 671 571 696 355 128 332 381
327 658 842 45 774 522 164 735
115 822 11 786 688 348 943 554
837 52 128 225 546 899 104 601
273 489 750 648 600 970 787 115
154 589 584 649 922 169 236 578
760 763 419 372 533 745 674 788
657 530 765 327 616 660 875 109
501 518 328 693 713 176 876 494
279 629 38 324 642 64 861 730
903 727 647 455 296 947 991 279
739 865 942 771 842 400 424 932
13 240 113 177 912 965 949 52
701 269 568 457 710 648 665 129
370 126 784 521 684 341 21 694
283 97 925 595 762 443 668 260
161 788 123 474 871 790 795 734
482 210 212 476 60 503 323 21
693 382 876 746 331 532 406 318
560 577 311 843 741 337 335 536
609 599 611 318 927 567 903 628
798 869 695 666 162 760 911 400
129 377 792 410 591 114 687 515
960 549 899 244 623 100 129 529
777 521 825 948 419 749 616 545
48 79 741 86 808 23 122 704
614 955 623 711 209 403 170 903
631 447 469 302 663 233 120 859
794 221 401 922 543 128 265 962
106 689 693 360 609 101 362 888
106 362 156 3 656 356 397 601
86 9 674 91 466 260 238 597
953 872 325 213 602 884 418 799
497 385 228 891 456 976 200 748
177 826 462 814 936 896 610 384
706 362 76 78 989 808 149 428
857 820 434 78 715 988 663 80
686 792 654 59 325 147 540 378
289 516 970 385 260 65 817 348
835 460 738 678 38 210 935 55
521 10 478 23 470 655 528 200
382 76 117 335 474 437 521 416
906 141 801 406 537 572 673 558
747 234 200 58 941 30 600 402
281 733 410 388 647 26 30 800
69 732 626 828 728 11 140 327
904 303 14 627 157 966 932 259
240 271 161 96 722 578 976 416
367 767 931 796 930 94 462 877
192 30 746 367 811 230 350 877
767 415 215 126 962 233 627 767
230 20 519 993 862 857 471 76
617 534 647 841 283 353 12 702
67 235 266 916 10 763 856 504
78 160 905 164 432 848 987 35
744 118 489 638 487 791 112 79
506 695 243 912 238 749 43 401
718 823 632 484 344 847 687 406
123 200 68 125 155 200 103 776
368 709 601 693 520 401 619 200
331 809 859 472 807 66 633 970
586 953 751 590 929 459 233 4
890 36 432 515 412 463 9 712
908 868 959 241 162 242 40 110
53 885 15 868 96 610 817 450
645 113 184 616 775 403 107 841
745 230 463 783 393 107 792 551
465 254 154 313 491 148 743 650
73 689 663 814 307 696 382 464
839 481 170 949 238 167 367 267
332 557 811 941 424 46 162 824
978 488 18 100 65 888 82 355
560 975 803 523 981 795 110 62
759 534 587 55 813 784 496 86
505 17 382 258 132 945 408 396
922 656 350 311 943 95 697 600
849 959 578 961 371 153 472 314
913 674 892 974 971 164 668 743
525 932 658 544 920 462 510 427
904 505 954 219 670 836 488 464
515 480 712 589 733 552 910 583
12 16 379 363 818 335 249 228
508 954 639 139 986 215 968 232
108 759 801 955 252 725 941 160
691 579 757 775 75 890 519 639
817 69 982 559 291 389 214 906
475 33 865 896 266 878 794 518
564 11 231 835 65 444 133 820
849 175 863 220 577 520 187 101
325 445 19 555 198 886 503 2
507 516 361 720 500 436 285 775
390 314 273 422 104 591 428 932
262 969 857 639 297 751 173 592
790 479 841 343 781 738 355 401
612 268 125 370 49 262 3 997
121 684 624 710 857 995 215 644
751 254 36 579 40 223 635 82
46 631 207 581 192 555 125 779
562 501 365 706 193 711 759 1
399 733 124 898 959 74 483 621
168 711 419 313 9 644 827 50
580 177 797 452 673 129 966 209
939 98 362 45 357 592 535 888
731 960 810 981 771 243 454 777
181 252 718 969 46 824 732 250
824 131 937 591 102 156 814 457
69 802 209 837 373 381 404 604
489 523 715 731 36 943 663 865
384 426 805 346 755 126 465 694
766 444 866 942 126 911 606 661
121 504 93 827 796 909 148 223
315 252 52 718 503 308 4 755
597 497 965 609 899 652 925 400
369 895 690 464 668 791 265 696
89 83 198 991 501 276 280 198
953 227 192 255 388 716 95 417
335 809 223 530 601 477 301 598
597 589 528 378 883 489 800 881
630 798 129 750 271 501 167 717
452 654 109 684 557 410 525 974
798 875 599 867 308 945 580 875
886 979 902 504 383 179 589 861
343 337 114 556 350 821 213 166
816 921 282 342 626 647 644 508
3 950 785 621 9 176 740 931
585 551 694 596 651 197 269 885
65 61 977 427 58 291 117 269
266 843 121 517 821 321 856 88
970 905 429 413 145 279 879 855
236 840 326 316 32 972 234 862
803 746 498 901 821 90 718 173
539 138 619 446 962 207 949 580
737 468 51 719 771 990 852 123
171 343 442 213 622 649 614 506
639 560 812 849 31 422 590 735
1 856 807 919 719 567 607 651
675 582 850 521 704 168 453 30
242 513 546 832 879 467 483 952
253 166 869 211 818 267 517 976
681 122 229 962 681 558 310 865
88 938 489 732 350 205 142 638
177 15 363 869 943 909 964 824
525 129 400 690 89 35 816 293
910 567 313 825 476 854 361 655
452 124 851 996 950 987 474 203
41 743 461 350 316 672 141 490
6 409 402 958 336 497 159 898
911 917 471 703 104 651 303 412
409 166 339 175 491 969 315 874
203 805 211 159 190 541 981 153
275 925 657 863 917 793 752 75
517 159 554 882 370 597 128 608
198 873 748 137 340 425 928 473
637 159 804 2 549 781 6 990
133 223 179 240 440 213 215 162
1000 663 98 541 978 472 421 317
779 763 675 827 877 20 440 813
549 225 549 426 87 769 774 266
714 925 213 562 142 773 892 731
475 43 770 974 573 771 685 741
971 253 394 797 482 874 226 463
294 656 501 382 719 244 934 942
310 487 608 437 166 451 946 610
648 843 490 522 91 970 394 699
874 686 849 130 791 651 187 719
542 121 822 938 286 455 167 971
941 434 762 937 783 725 160 365
823 970 94 476 682 923 918 102
60 170 572 53 41 148 153 95
436 556 152 474 476 320 229 97
378 227 193 246 978 124 843 110
594 832 855 384 198 198 583 802
658 99 722 389 552 289 626 392
84 714 593 665 795 798 863 945
450 641 545 319 62 125 25 889
272 622 761 828 899 0 182 937
693 217 848 333 168 540 775 208
642 435 343 598 764 985 28 714
910 45 662 56 395 260 941 704
930 763 28 693 242 90 174 135
822 879 343 218 353 17 146 471
394 43 312 996 183 967 989 786
597 887 491 300 476 138 179 457
356 660 703 978 637 840 431 39
767 252 122 828 249 735 95 280
810 335 628 273 24 891 944 465
329 899 683 704 484 804 576 398
435 438 308 461 975 278 162 369
537 781 546 136 260 491 301 687
443 216 39 784 221 131 254 853
419 191 503 311 632 194 1000 949
799 571 5 309 615 301 570 285
219 989 219 707 209 184 544 245
465 889 387 791 659 381 784 889
859 784 959 578 213 21 311 127
466 578 859 741 61 551 975 385
801 268 60 490 395 302 927 627
904 214 174 264 901 748 297 306
716 441 390 153 364 993 387 527
865 25 925 888 118 779 202 871
850 356 826 748 135 472 145 513
900 701 569 893 754 67 646 301
958 398 495 721 895 700 167 775
869 762 22 485 888 670 402 783
297 584 813 165 304 90 719 634
446 618 798 424 455 691 673 630
269 793 953 663 227 926 536 592
539 2 790 971 613 310 482 128
674 916 740 689 499 277 359 679
902 731 176 469 304 919 698 363
427 397 620 277 373 232 61 16
304 966 383 84 659 177 870 798
239 179 556 957 988 97 12 140
814 810 217 171 234 30 759 680
751 941 829 564 391 636 958 526
73 154 333 947 266 771 803 939
649 732 138 781 239 419 13 701
136 99 93 546 52 298 910 783
5 402 252 85 38 269 959 398
729 717 762 440 871 82 211 669
586 177 239 69 554 73 815 312
833 311 188 471 592 270 612 982
889 805 52 823 605 559 262 572
110 156 957 593 715 334 587 510
333 851 304 313 27 671 979 75
758 639 254 72 803 384 979 479
428 217 686 717 480 126 638 431
503 828 113 569 52 213 288 108
634 52 913 917 593 655 864 257
992 920 424 900 238 13 972 0
100 869 890 734 944 570 133 419
952 580 542 225 175 673 168 697
238 868 774 647 207 158 610 901
747 747 761 241 190 959 112 827
385 46 948 710 327 808 366 1000
783 729 654 599 314 316 15 264
731 726 207 710 668 20 831 848
773 214 583 958 136 218 741 104
973 849 623 87 947 826 568 133
686 381 254 594 525 391 226 254
219 267 183 448 218 722 907 319
42 362 78 408 655 465 271 631
216 792 225 864 188 227 889 13
467 876 659 20 421 379 70 644
784 392 722 464 318 244 638 230
648 267 629 553 594 120 167 611
865 342 404 689 298 484 609 492
388 200 918 60 78 420 410 758
692 234 276 523 974 954 36 984
828 325 886 796 255 906 831 825
376 42 877 151 376 537 514 15
650 505 964 339 149 659 118 739
79 106 555 476 262 314 617 550
277 68 222 356 72 306 586 184
292 11 741 650 625 872 964 647
608 535 420 918 755 317 348 869
375 731 659 214 411 549 500 622
351 236 149 776 460 455 157 230
406 858 98 846 72 913 230 428
501 227 42 500 197 725 294 545
240 139 727 491 320 50 361 942
949 265 788 848 761 578 412 404
34 762 630 775 133 102 502 620
531 774 635 268 720 869 399 966
625 657 465 961 410 213 10 100
819 858 94 11 785 311 144 748
377 598 1 846 694 270 771 496
1000 890 843 979 375 172 947 679
34 168 77 754 227 266 81 602
888 407 224 309 528 184 143 807
108 110 319 864 418 899 724 81
729 38 301 281 192 876 977 533
210 755 521 80 658 846 938 845
655 898 169 179 897 548 171 898
835 32 791 413 49 659 340 709
321 3 683 789 14 248 585 655
27 59 114 962 956 560 24 874
409 302 480 921 687 249 23 960
704 359 879 463 766 682 725 533
26 397 383 216 894 229 769 67
787 237 623 154 652 70 753 883
269 397 223 428 48 952 981 97
551 681 290 330 464 66 673 429
302 429 43 840 520 570 101 249
505 315 874 584 301 924 522 972
258 351 472 127 79 819 194 794
713 517 538 636 466 906 469 65
367 938 485 533 118 598 269 507
505 669 52 921 724 62 682 667
977 955 830 198 586 471 494 68
669 260 0 300 195 869 282 608
87 389 451 532 399 332 927 614
239 347 583 11 973 759 635 627
600 951 327 659 503 259 71 871
688 348 221 679 226 453 799 515
846 312 312 303 203 976 42 400
912 736 45 661 137 494 170 330
247 491 105 776 477 748 404 723
65 13 861 184 614 511 669 743
588 176 833 316 723 585 836 393
804 981 701 165 964 262 181 199
806 356 247 321 186 792 333 104
650 343 253 597 506 780 493 560
905 85 393 489 291 577 127 401
741 1 133 499 180 570 738 141
518 47 879 690 107 327 646 182
637 466 360 331 574 249 431 981
690 116 424 265 227 83 247 869
476 634 436 335 942 775 870 433
529 795 106 331 689 258 706 702
500 667 552 458 989 504 452 267
901 861 753 192 438 108 201 611
719 920 587 629 433 256 823 1000
3 787 740 399 608 800 884 730
631 794 1 477 973 738 861 776
573 222 43 722 597 703 350 700
10 463 497 832 728 676 386 973
269 571 853 931 886 355 244 18
509 600 799 984 819 155 220 264
282 40 184 113 515 525 295 672
690 106 219 294 523 874 596 19
741 102 961 517 906 285 890 685
390 541 641 354 456 100 695 715
602 15 207 799 923 616 78 724
82 281 616 432 713 455 1000 545
169 836 365 955 439 580 408 372
906 513 492 433 785 911 389 899
301 962 909 561 552 451 704 475
86 742 257 292 98 88 953 365
577 909 780 463 592 731 408 643
577 561 987 802 510 397 463 382
233 504 183 934 69 79 295 378
792 725 857 250 301 282 554 294
142 665 300 458 832 345 604 726
182 104 829 204 949 361 144 445
234 926 213 723 347 412 114 989
216 648 198 346 464 846 434 207
633 457 115 136 124 236 825 566
244 149 836 713 829 223 600 593
759 133 110 273 134 482 506 260
726 286 39 263 625 986 412 906
39 550 245 530 414 171 30 268
13 935 127 723 352 669 699 77
300 973 839 385 586 945 196 605
266 160 94 966 308 611 183 547
194 634 991 768 651 762 81 841
115 579 427 81 660 159 558 94
748 371 473 788 758 910 5 95
74 19 639 714 122 269 166 685
279 596 192 306 354 906 367 923
9 995 32 307 858 410 202 389
255 260 678 442 1 607 85 834
156 298 620 303 823 627 929 739
729 840 679 433 686 952 220 795
599 423 727 919 336 908 276 691
307 749 134 126 270 656 871 292
545 239 319 271 997 654 217 135
118 548 741 539 393 618 152 514
85 687 134 700 415 866 94 890
227 437 86 725 764 370 689 155
105 553 879 294 764 691 726 126
715 257 208 519 183 795 34 457
377 553 7 211 14 477 854 541
188 689 700 797 703 800 185 886
540 504 179 911 391 409 480 1
513 14 915 250 204 156 70 826
639 817 333 456 753 511 779 505
492 144 411 0 884 233 403 187
1 438 565 367 894 265 937 221
810 241 976 850 348 388 311 376
394 541 749 697 299 8 478 398
114 461 97 88 582 403 228 841
607 492 466 797 913 83 838 890
302 705 642 731 133 584 367 238
212 948 41 308 21 299 75 119
269 209 686 982 528 499 775 787
486 968 909 335 936 37 376 148
60 289 951 507 581 53 825 117
448 513 614 791 40 91 569 590
263 810 15 507 739 530 114 648
259 587 777 322 362 641 797 0
329 463 534 658 436 896 814 489
229 1 462 410 336 547 111 408
934 99 885 697 341 899 121 122
907 63 220 736 717 939 884 303
74 33 564 556 31 280 198 184
46 567 543 106 843 462 202 533
832 180 277 462 227 98 747 331
620 712 519 926 246 938 280 365
781 208 837 174 426 359 982 345
144 299 941 459 100 870 377 371
300 244 363 514 955 86 250 315
677 1 615 46 308 115 312 817
224 984 286 736 630 532 617 380
836 355 336 403 818 855 180 889
8 929 794 958 468 307 701 711
841 786 431 294 285 906 743 835
88 211 396 665 487 766 358 192
493 40 979 147 213 227 209 768
737 797 343 568 302 539 391 50
953 846 927 457 588 808 68 560
2 463 849 918 155 913 958 964
488 801 855 635 168 182 659 503
183 126 704 978 817 259 436 305
802 781 321 946 177 697 770 239
14 346 874 787 184 765 641 637
503 986 24 979 72 340 237 741
294 336 334 119 574 387 319 602
459 407 31 581 877 778 154 754
14 469 49 371 128 406 624 262
645 472 198 630 934 51 13 283
684 661 741 906 162 532 361 120
407 449 958 373 75 129 273 200
438 838 140 641 786 444 470 580
697 115 264 729 783 823 50 985
516 854 115 239 515 702 999 850
978 160 186 742 72 613 87 421
629 829 137 220 998 774 70 829
871 387 989 831 829 28 471 353
411 877 579 239 3 312 289 911
945 113 204 295 706 138 585 672
210 529 510 198 489 218 113 642
250 101 366 728 367 154 5 629
790 388 413 486 665 524 216 803
857 612 99 756 367 285 328 391
378 193 221 741 449 701 216 227
445 6 18 304 336 955 365 560
538 391 233 997 610 614 155 784
513 392 27 781 64 914 738 311
768 745 217 519 784 591 788 757
65 50 290 737 798 446 760 662
691 120 207 856 723 762 820 673
829 924 791 560 47 790 500 606
787 926 596 516 238 582 593 470
996 705 513 127 660 753 916 903
332 940 243 449 265 337 272 515
624 981 322 102 955 465 339 555
556 295 204 788 246 848 652 430
731 886 376 271 867 81 74 160
530 313 805 330 679 883 888 899
256 313 553 833 154 856 421 163
304 121 322 794 260 432 785 888
148 240 625 592 692 743 24 128
510 891 762 796 18 560 367 205
300 843 221 405 871 257 776 828
536 448 242 919 892 793 939 934
110 948 239 38 233 975 342 999
151 907 550 339 876 582 256 821
223 800 519 102 650 501 131 813
335 271 915 161 627 442 398 460
667 125 135 251 291 522 693 701
751 246 861 910 661 31 892 415
806 977 538 649 412 11 505 207
517 938 871 219 434 177 624 948
333 626 28 125 649 62 345 724
989 698 966 464 143 62 569 347
430 584 432 285 826 402 454 440
635 176 718 876 112 32 183 704
12 261 735 608 676 3 263 118
857 299 381 562 100 765 724 584
531 767 902 844 793 272 661 198
535 67 357 342 581 341 423 848
444 281 320 206 177 519 528 400
13 956 798 514 328 368 46 275
408 748 708 403 557 749 258 109
693 480 747 306 675 319 744 577
994 8 803 573 970 35 128 255
126 942 897 938 966 942 585 302
815 882 354 524 376 84 884 304
541 598 672 475 584 652 177 820
193 27 505 923 191 800 602 17
887 613 408 685 323 811 990 355
463 280 518 377 327 865 173 889
51 74 204 147 648 732 849 62
903 419 928 251 208 488 518 375
383 882 554 191 849 671 752 20
599 528 488 525 146 947 304 500
162 247 587 716 938 824 550 299
877 275 907 547 828 691 646 1
392 518 740 137 732 549 764 108
194 895 834 706 217 392 656 149
351 550 272 92 138 33 246 484
355 312 476 320 83 850 850 571
131 774 420 584 513 491 219 71
634 770 524 701 834 544 77 148
98 753 352 104 304 770 645 251
480 521 855 364 854 923 418 73
792 601 243 501 534 87 667 115
957 535 325 269 476 511 891 131
521 65 241 77 340 60 362 253
212 47 205 109 555 775 938 597
653 16 809 55 525 821 762 213
725 163 483 605 325 6 921 762
523 372 668 957 342 87 642 996
483 148 669 749 495 335 935 674
682 203 642 163 521 709 462 418
625 992 162 384 898 704 63 59
20 557 765 344 346 339 25 253
722 874 7 371 840 443 754 395
56 254 31 704 644 748 314 394
388 735 939 451 194 71 611 27
848 620 988 874 74 993 203 645
238 524 105 56 374 441 987 517
382 614 894 962 659 78 732 579
514 189 189 724 735 306 959 30
521 168 14 536 839 413 928 813
751 801 202 100 316 993 936 949
489 657 899 788 6 40 783 974
241 806 871 144 954 412 241 90
190 451 502 786 974 369 185 412
615 310 905 336 680 196 783 74
628 603 21 600 836 519 777 209
539 907 531 149 695 124 179 486
744 283 521 366 126 476 135 519
414 800 695 411 223 621 943 435
96 838 970 559 849 557 37 925
965 117 169 359 836 254 604 356
207 732 403 346 655 203 273 840
354 41 398 531 123 924 796 703
367 396 70 443 391 374 259 319
813 343 594 651 900 758 131 334
809 114 328 954 259 750 787 444
977 707 161 299 307 420 115 160
746 746 319 107 188 107 222 92
141 110 625 959 341 298 913 544
532 261 622 738 691 585 640 43
730 387 835 734 405 578 853 33
475 495 272 116 210 951 435 580
835 423 396 655 147 125 220 669
51 751 928 846 188 649 166 197
840 437 92 485 667 301 188 922
429 297 146 646 433 470 880 454
359 211 966 392 242 16 500 156
541 367 184 700 187 84 677 923
445 73 420 889 589 174 46 212
176 64 865 178 891 696 116 76
231 611 324 933 976 788 429 141
662 269 44 14 689 464 106 338
370 510 174 37 831 855 909 804
946 741 798 662 548 719 698 219
882 906 594 774 151 463 608 796
500 780 929 949 755 409 430 547
996 916 752 502 446 990 627 700
716 998 991 270 813 708 467 470
258 313 739 639 184 596 204 804
249 694 410 162 187 145 756 56
973 603 89 235 613 277 789 706
980 178 456 1 568 268 529 417
134 895 596 926 67 169 264 334
390 694 447 620 598 904 817 129
631 929 160 383 433 88 907 33
919 592 453 938 252 506 207 584
926 86 369 542 840 362 114 698
979 971 611 424 880 575 119 5
962 479 229 828 72 501 750 814
396 252 652 76 191 727 811 143
481 527 42 315 472 722 966 776
451 396 875 145 98 304 906 629
654 965 551 100 192 520 47 621
698 74 272 810 282 102 485 349
482 401 196 186 853 286 459 723
693 905 265 450 685 774 337 741
464 639 683 182 522 977 174 138
931 913 301 362 680 522 702 458
844 805 138 373 627 892 723 161
50 984 899 422 929 164 623 422
798 23 786 144 772 234 345 947
657 391 203 774 657 601 84 452
772 650 166 305 671 459 275 828
378 486 168 510 763 799 728 488
29 479 523 158 250 165 789 478
50 358 189 656 840 197 770 798
279 447 500 30 743 772 250 671
339 242 607 237 238 146 411 626
9 952 572 410 157 962 35 757
250 427 601 972 558 964 114 158
782 323 170 893 32 767 710 42
778 920 242 170 313 158 548 761
275 763 482 384 905 861 962 439
148 175 769 287 982 147 448 176
682 865 23 787 907 534 432 496
663 430 416 807 284 954 480 606
718 247 182 528 950 164 995 536
332 183 740 766 741 704 968 468
272 95 525 267 656 613 812 280
577 637 100 276 40 673 329 996
565 417 131 529 246 643 938 17
143 384 451 276 789 436 61 780
374 527 949 424 305 36 853 140
537 224 95 74 438 883 660 978
603 782 95 584 806 435 491 659
94 325 291 369 229 0 328 306
495 486 265 224 699 816 997 633
221 169 80 133 9 44 426 888
536 692 879 544 489 963 576 987
256 232 810 596 244 0 383 38
620 542 167 495 141 417 764 752
220 983 838 116 114 722 177 793
791 440 897 378 979 366 577 266
486 620 77 124 982 213 937 293
236 778 698 492 662 277 772 605
906 194 326 946 257 532 2 732
794 647 932 127 811 489 988 179
347 685 310 261 470 411 782 78
31 545 550 465 43 153 769 271
694 505 283 144 939 338 954 723
252 304 926 410 542 369 559 850
170 557 130 964 747 802 655 491
135 798 699 762 719 18 468 58
546 329 366 321 878 7 57 853
140 164 273 75 887 70 130 13
191 668 245 70 116 58 84 744
679 423 697 771 299 99 145 528
240 843 606 601 297 722 495 576
690 327 764 368 504 483 234 769
855 687 658 517 485 794 495 745
852 10 138 984 975 168 155 196
83 575 132 592 855 450 317 749
934 948 573 455 410 901 533 723
11 249 817 600 264 38 5 247
238 695 220 555 423 840 659 183
742 771 408 837 543 88 258 73
451 605 121 831 791 997 365 96
39 621 989 501 584 277 896 522
681 993 166 421 375 48 315 620
309 790 148 894 400 349 697 983
67 490 25 203 364 812 157 868
482 904 565 553 181 947 451 483
854 60 645 719 435 962 476 258
774 901 846 341 187 381 879 14
842 185 915 554 727 105 124 959
50 444 535 800 536 983 446 693
771 445 908 79 749 287 555 272
620 816 396 139 448 732 892 363
184 396 104 33 541 195 162 963
370 118 552 738 415 882 804 888
734 660 235 573 555 850 373 167
357 117 477 906 37 334 425 994
594 458 107 406 385 322 703 820
366 514 528 108 31 260 323 102
40 490 641 562 622 269 252 149
287 98 531 350 46 157 522 682
756 939 289 568 325 602 824 94
600 357 115 427 675 511 773 733
908 976 708 711 18 459 261 651
724 732 526 517 889 480 483 502
138 175 143 264 929 53 667 329
638 760 619 261 318 71 644 725
803 719 810 434 26 910 158 13
480 989 481 805 325 92 383 832
627 1000 512 786 779 940 896 560
766 706 6 683 987 789 172 156
578 116 858 45 310 91 663 125
391 530 450 991 943 823 770 901
19 858 751 428 994 435 2 946
678 223 682 9 230 733 318 340
336 563 965 395 311 274 291 341
65 488 592 208 385 592 216 36
351 335 653 338 617 812 499 780
739 440 435 153 898 558 359 272
265 125 94 706 149 790 989 215
735 688 6 637 765 109 730 177
769 866 289 629 384 138 470 741
319 123 545 67 59 899 207 542
309 252 563 530 294 678 521 656
311 325 227 205 43 964 688 834
177 977 806 763 269 935 543 920
138 673 476 900 961 529 852 621
348 937 101 766 356 619 926 604
510 701 794 424 880 123 442 180
774 451 205 876 585 907 676 974
309 750 319 682 333 760 93 822
345 424 231 624 521 952 909 394
979 184 65 546 855 32 655 378
286 103 432 336 300 268 200 654
804 991 500 992 595 18 255 395
656 791 328 40 719 443 183 625
37 562 403 513 489 959 355 353
814 358 73 767 523 739 606 790
860 507 955 82 108 410 917 250
416 676 962 679 598 684 514 855
290 463 534 83 890 964 7 679
618 541 511 41 551 639 830 840
655 749 892 35 281 127 971 380
633 887 50 567 520 917 7 842
721 265 71 305 848 841 248 957
353 898 341 54 130 435 404 673
785 202 428 76 449 150 893 372
361 16 64 419 391 374 970 571
656 317 227 227 338 971 588 881
406 719 776 879 107 297 726 137
660 308 839 539 499 858 360 981
434 689 455 823 34 189 149 550
203 840 808 550 789 190 383 980
160 635 14 638 129 190 690 166
275 996 781 220 831 700 798 454
935 188 505 596 41 537 718 246
684 823 708 50 355 664 409 322
609 282 669 720 100 908 600 813
798 966 884 647 727 989 868 254
432 824 986 411 408 444 369 210
462 431 782 661 438 958 850 129
862 103 348 226 925 384 317 791
382 885 228 160 587 575 149 444
589 45 1 158 803 355 616 636
664 734 992 535 10 683 957 829
13 114 606 268 245 43 507 817
748 359 846 242 277 27 801 129
300 550 972 399 332 530 584 339
198 714 673 956 174 746 55 134
683 643 854 234 762 104 76 301
38 676 630 770 352 86 759 637
250 807 612 463 806 826 459 951
268 744 399 532 656 792 313 842
260 176 362 860 420 921 182 501
78 84 74 692 355 945 590 658
526 258 920 665 822 617 919 862
16 531 683 482 292 360 316 408
100 582 726 695 109 815 886 170
907 363 918 300 311 616 467 250
850 389 800 215 127 765 49 359
101 801 868 274 974 768 467 358
461 620 179 896 548 213 483 347
790 559 281 516 651 291 375 81
547 671 218 716 863 383 111 570
32 998 183 88 944 317 565 317
86 614 955 635 381 602 317 132
779 78 370 65 250 876 729 876
61 797 58 217 326 933 170 154
244 915 391 729 778 212 598 355
624 983 515 215 340 174 323 659
264 553 225 826 997 568 369 889
298 181 333 31 686 526 697 983
457 992 160 672 362 353 13 539
954 444 390 800 200 646 242 417
706 598 725 142 426 847 996 382
614 788 861 589 492 436 675 731
700 580 306 760 716 607 133 618
863 339 468 751 18 461 16 457
190 483 98 87 902 61 830 417
77 955 217 119 206 775 653 370
249 702 481 280 20 981 706 680
616 184 991 524 516 960 51 362
306 306 524 549 446 486 769 476
310 357 993 616 634 319 642 536
508 89 24 214 794 180 78 218
382 129 140 316 155 728 565 700
224 126 755 78 514 465 162 220
666 350 296 884 454 570 382 823
818 8 648 781 597 738 783 259
377 139 172 695 134 88 983 743
689 201 390 198 693 753 151 956
959 694 730 766 801 647 133 268
200 444 78 510 717 206 85 224
504 280 516 399 428 93 596 235
253 637 64 196 406 17 167 974
982 707 211 886 517 976 602 686
828 740 779 788 636 133 300 494
690 389 2 890 801 186 6 612
37 28 353 998 551 59 32 544
228 596 840 553 996 201 983 51
737 606 523 424 24 154 872 294
38 55 158 214 156 948 385 663
933 357 281 161 738 293 760 295
431 629 64 197 112 780 291 657
401 264 733 425 300 104 276 797
61 123 850 860 105 150 398 432
962 186 642 243 249 733 515 388
735 404 580 347 666 173 887 46
896 740 869 869 347 687 285 884
13 108 238 329 543 290 661 198
1 110 316 641 581 762 677 228
348 693 538 64 190 399 256 227
808 795 923 491 550 857 603 206
299 305 352 898 783 806 477 716
186 699 466 688 945 141 136 160
757 890 101 54 628 536 66 229
8 527 460 58 578 571 813 14
379 760 654 801 235 9 665 760
137 185 461 596 301 598 205 890
331 970 485 587 246 24 42 403
269 218 482 506 192 985 818 323
510 258 441 836 406 161 966 512
16 288 399 691 714 218 766 796
314 489 523 34 971 855 5 482
661 221 333 661 734 29 541 837
78 183 550 281 170 302 172 106
868 779 678 470 989 629 165 560
691 863 140 360 630 911 259 726
332 477 448 342 903 919 852 290
793 668 399 998 604 458 632 11
453 518 655 829 17 722 364 589
36 244 658 616 993 113 116 908
569 558 500 670 577 307 551 733
25 499 374 365 547 526 395 567
958 380 559 615 909 36 788 630
671 648 994 4 749 791 372 991
649 184 110 572 424 484 542 657
838 55 896 95 468 849 236 301
533 623 760 953 970 928 732 589
858 159 316 543 525 645 333 382
953 24 238 594 79 276 163 400
544 38 326 280 978 572 830 143
243 898 550 669 265 559 1000 10
443 350 493 209 751 213 222 414
267 219 931 536 336 795 505 691
821 93 413 749 410 184 825 310
276 398 84 902 538 120 536 917
835 620 831 687 453 936 481 35
231 621 334 640 545 324 160 453
504 272 305 872 514 273 148 138
933 377 528 643 621 350 718 438
689 821 64 722 453 317 948 180
801 336 935 859 43 470 206 682
233 364 507 742 79 376 669 236
865 675 795 515 898 648 479 927
369 268 529 817 727 217 315 194
962 321 236 564 850 913 191 401
541 321 663 159 416 772 51 933
244 896 164 578 852 793 538 16
148 51 802 917 916 972 320 857
88 285 482 753 663 352 534 81
897 251 834 384 182 282 472 283
253 391 715 359 26 567 539 656
230 699 705 564 716 247 934 715
621 959 301 365 893 926 754 189
284 198 104 718 160 338 915 278
49 311 986 349 564 759 24 740
20 314 523 692 470 88 190 185
195 782 151 909 161 812 378 967
764 334 704 599 606 524 796 651
582 393 653 581 990 221 595 813
690 918 84 268 675 290 409 354
869 304 894 952 758 733 491 33
64 222 847 521 110 489 235 74
421 963 806 689 233 990 708 817
103 773 800 171 417 382 509 826
522 187 841 27 400 337 364 645
363 105 839 109 569 604 498 322
754 356 536 60 229 800 616 667
209 635 85 727 705 541 712 332
366 243 896 856 495 194 633 382
585 651 291 590 805 56 491 144
583 833 494 624 132 455 15 773
362 614 10 237 636 709 625 225
18 350 299 320 936 187 740 990
972 372 646 36 523 876 865 320
493 836 526 70 209 73 480 163
1 863 845 686 446 952 913 87
433 693 888 302 151 786 721 506
296 349 627 228 980 534 432 415
426 283 369 317 892 217 345 299
381 756 464 526 271 541 442 554
329 810 659 583 564 434 95 778
119 5 486 994 623 614 812 185
749 131 280 92 14 530 593 298
481 436 325 719 722 532 548 523
806 949 300 459 64 678 725 605
145 351 80 732 239 380 755 374
57 34 679 780 165 133 197 405
923 838 988 279 700 45 924 447
744 582 105 697 918 400 240 819
747 517 554 72 351 1000 237 405
531 529 150 506 705 782 585 373
123 977 885 665 92 931 323 437
97 863 955 155 954 963 884 483
998 64 288 641 555 82 561 618
202 641 744 917 321 282 855 62
399 207 88 205 860 824 660 500
990 377 910 889 237 55 127 998
835 386 745 390 760 386 787 329
534 379 856 634 450 112 350 747
595 766 175 526 71 365 30 781
315 236 357 353 436 452 454 864
386 769 522 569 194 366 94 963
546 710 669 57 201 423 467 63
595 322 526 974 457 270 569 786
554 510 346 50 119 575 541 533
832 219 607 389 389 254 424 82
566 979 321 955 225 946 80 118
217 434 111 567 800 712 795 17
760 116 517 887 488 395 378 312
723 967 910 544 342 666 485 555
503 208 873 233 180 284 617 45
996 281 636 229 221 894 982 648
16 765 133 35 371 140 495 502
757 449 748 367 770 138 860 415
847 646 686 152 99 587 12 194
990 618 456 674 40 403 947 458
882 812 172 481 402 938 101 970
63 998 106 983 142 164 106 668
201 725 403 628 991 529 259 493
836 532 862 883 688 998 227 871
121 994 366 394 783 601 348 321
653 869 140 549 441 950 778 487
952 496 635 697 44 693 12 25
718 154 736 458 798 879 633 571
648 167 566 462 428 982 552 471
448 72 262 898 768 58 66 84
449 326 617 758 26 30 830 615
161 340 508 978 607 403 789 21
300 292 452 865 907 86 335 345
736 909 494 785 169 273 822 433
576 547 382 798 41 993 338 388
291 891 789 985 50 102 674 930
973 338 733 847 561 59 91 320
213 800 791 766 88 500 703 353
647 58 177 638 227 38 918 771
973 951 248 715 456 345 643 757
353 884 28 194 184 855 382 886
821 992 392 59 437 862 692 527
852 451 673 693 486 72 773 982
263 855 722 657 592 449 737 150
904 628 502 764 372 231 95 423
33 631 138 781 833 20 231 89
498 764 201 479 642 516 453 163
202 278 598 196 94 336 974 753
283 924 196 774 765 92 474 512
46 187 600 765 578 574 915 305
963 887 175 282 713 348 900 964
413 173 436 109 401 603 603 876
533 689 866 429 579 308 901 364
327 340 736 217 427 744 567 959
532 179 24 939 499 639 66 269
760 779 301 39 155 533 733 343
396 627 633 811 839 455 732 356
391 436 680 833 107 955 930 545
896 751 109 435 549 288 985 240
833 898 608 117 582 707 547 12
504 291 864 710 888 86 662 813
303 780 396 246 777 780 43 875
749 617 887 129 355 361 911 824
599 641 449 124 995 469 311 945
206 433 128 440 738 444 157 186
170 147 868 229 492 622 392 745
656 543 616 134 895 645 773 69
326 594 598 29 573 926 97 109
93 808 626 9 80 85 471 168
628 179 471 861 807 548 297 530
928 520 928 1000 897 403 729 469
472 295 783 998 622 700 879 245
933 860 567 678 482 146 925 119
377 390 749 879 229 564 872 893
124 124 28 894 261 930 401 785
834 71 773 427 953 33 165 575
902 875 40 702 661 490 23 772
47 281 484 20 29 968 739 170
318 800 162 754 661 740 942 594
540 84 127 647 383 313 840 96
261 984 697 803 420 811 52 949
482 174 389 439 618 406 963 191
557 969 495 634 393 566 989 709
550 665 511 77 764 571 497 966
253 318 335 759 717 122 524 656
584 792 143 787 885 408 176 576
939 7 643 919 77 600 861 940
291 833 571 209 714 16 675 440
490 171 178 528 734 868 614 129
895 809 48 890 2 475 22 667
488 688 422 641 49 132 420 401
457 794 692 962 400 575 161 578
503 339 141 64 558 92 972 659
757 999 173 126 901 581 600 281
670 735 444 652 64 240 215 182
862 87 357 435 954 386 730 752
829 901 228 157 525 306 939 90
167 273 16 338 468 727 963 801
167 793 640 203 835 681 774 294
303 775 318 163 58 107 711 76
713 282 850 796 22 586 628 333
70 691 256 504 489 309 153 615
79 655 766 141 574 953 108 440
439 730 835 565 842 189 939 84
488 772 666 694 840 513 812 990
849 837 898 699 716 302 83 856
354 492 67 967 548 758 393 28
733 874 814 556 430 225 948 110
743 12 243 726 289 446 432 542
314 295 408 721 551 709 17 953
720 101 295 818 159 697 935 157
292 658 319 801 786 453 796 694
426 379 628 477 918 278 529 484
146 918 2 396 634 754 455 495
431 374 127 736 449 510 839 182
45 590 265 985 910 581 530 472
395 346 322 831 736 40 116 634
930 206 42 957 718 213 170 549
52 136 88 198 749 753 777 389
757 691 74 413 437 935 204 486
851 60 882 168 783 239 267 458
115 9 134 789 758 407 772 22
840 150 325 674 823 914 792 0
523 650 751 884 269 546 288 379
702 680 309 673 495 423 398 867
326 686 645 933 878 499 380 760
638 365 645 464 918 952 745 720
22 74 286 664 174 697 290 492
855 860 667 347 631 195 448 502
250 583 264 697 264 873 453 252
447 180 416 891 139 165 609 347
855 764 777 543 291 874 219 569
765 959 610 891 454 533 763 890
112 321 616 314 916 801 669 364
71 219 999 554 536 811 7 849
307 681 74 469 569 266 238 547
156 776 487 638 905 964 872 425
122 76 4 161 368 484 373 26
312 271 361 524 668 11 978 566
469 747 543 180 696 689 832 84
571 565 507 906 514 156 744 157
63 37 421 39 249 433 859 964
152 464 845 189 231 215 460 260
251 860 611 165 118 337 436 211
542 722 837 117 123 244 129 761
692 314 454 456 337 350 41 992
843 120 771 31 565 77 794 212
676 452 599 524 355 471 954 112
930 207 172 65 949 501 414 997
366 384 608 907 426 219 163 398
673 332 479 889 463 439 578 350
979 45 921 920 556 35 792 512
456 826 777 582 703 636 846 910
983 634 434 687 106 788 558 604
434 246 680 18 604 257 759 520
379 754 908 178 330 390 688 312
205 395 208 926 366 179 216 766
942 142 878 263 312 967 115 239
14 106 546 85 733 608 639 712
867 137 738 654 283 10 220 923
176 239 169 248 517 330 808 340
793 444 93 622 187 773 715 559
290 61 646 710 253 606 774 621
216 654 59 762 873 83 716 581
410 631 205 319 212 173 14 128
75 150 790 538 173 802 586 907
740 546 470 966 184 21 132 986
173 648 369 823 242 322 295 605
699 556 490 521 155 103 481 982
256 189 685 891 797 600 650 285
754 940 645 687 431 488 487 892
557 632 214 340 491 580 43 501
143 606 422 17 622 935 610 712
840 643 31 332 134 964 496 4
851 578 815 485 963 515 89 225
147 804 561 514 268 723 540 84
995 974 636 971 858 389 299 825
225 104 983 423 301 210 635 69
581 281 817 509 307 492 905 292
507 413 799 534 888 790 932 378
800 983 222 311 938 226 917 276
627 849 760 237 694 897 675 701
247 507 336 415 415 218 312 74
218 423 615 47 889 125 577 540
560 193 521 141 963 487 764 694
982 607 314 129 355 846 494 868
113 258 238 640 43 403 244 575
444 976 629 733 686 217 294 465
487 119 389 116 723 225 391 256
655 474 696 944 699 443 148 78
42 233 137 746 660 358 924 408
228 724 13 768 697 991 969 610
798 649 305 658 69 601 488 579
271 967 933 806 67 201 433 44
610 860 392 168 569 614 907 832
749 170 965 486 266 707 191 512
653 229 727 419 70 988 919 774
702 619 424 301 311 548 133 494
953 763 459 399 312 281 256 654
485 143 644 637 594 902 574 805
266 705 209 617 487 999 945 85
410 885 208 404 993 418 69 519
959 773 4 514 647 540 120 122
260 483 257 935 530 433 435 544
911 605 747 726 203 991 179 871
407 267 14 96 723 653 72 340
178 23 275 268 456 791 681 120
485 129 348 96 514 117 464 473
356 320 725 100 353 602 812 7
382 616 18 288 287 684 492 759
74 937 768 885 389 85 10 588
562 408 493 216 520 56 692 842
65 261 742 804 855 948 148 413
243 312 592 609 210 876 62 811
50 534 762 434 564 304 898 266
487 960 984 117 763 551 251 57
228 196 804 879 101 689 5 778
125 518 848 556 346 738 797 11
159 798 847 645 799 831 40 76
786 603 567 988 142 701 397 564
765 184 901 163 958 685 656 74
765 761 320 440 376 685 618 202
129 669 469 32 25 377 712 473
770 261 370 841 526 252 437 913
655 260 836 42 984 92 696 917
734 635 242 422 248 997 559 763
929 419 466 576 779 323 465 341
68 972 840 881 153 733 359 423
479 1 711 56 92 959 907 495
106 195 507 6 377 827 265 297
794 246 449 932 367 110 885 410
709 380 959 645 29 844 913 714
255 280 8 786 720 423 550 775
406 65 438 283 672 519 674 636
436 967 820 985 983 228 463 515
871 681 37 550 877 41 556 471
480 448 217 211 687 627 172 123
733 779 269 612 653 773 33 304
275 469 248 174 5 360 242 281
679 646 571 655 877 975 451 747
750 808 841 409 874 884 489 587
660 977 674 893 520 981 247 474
447 741 546 830 600 46 971 183
843 965 442 227 917 626 322 105
204 811 304 173 969 184 785 670
533 810 326 176 130 70 305 289
118 692 954 404 163 446 213 941
821 725 43 712 46 90 637 375
178 969 592 239 425 179 818 118
591 519 129 64 970 470 412 652
318 44 233 707 838 339 400 75
284 832 476 463 230 211 241 287
620 42 150 554 382 375 871 152
618 60 425 562 766 605 867 674
202 786 323 181 928 843 828 245
296 636 995 770 701 779 608 247
296 93 676 65 372 600 752 954
387 80 889 276 26 571 450 232
398 839 504 100 560 379 596 840
161 701 67 929 558 721 997 834
295 258 513 755 442 478 336 910
474 492 718 920 983 155 427 924
246 907 685 356 994 786 133 131
525 508 728 759 663 577 951 376
484 303 414 42 305 713 377 325
996 755 954 390 340 728 931 16
351 337 399 806 136 845 258 722
841 12 620 718 927 10 991 253
294 448 425 760 278 301 596 872
286 158 447 997 472 646 316 855
823 247 786 168 331 495 993 306
660 444 389 255 625 651 778 398
475 437 750 347 707 286 31 714
290 991 791 502 894 493 535 735
354 104 824 871 584 495 742 627
613 59 678 26 66 133 733 491
80 272 835 817 813 265 701 336
225 660 216 446 367 417 691 95
565 574 756 918 308 988 85 961
100 1 54 664 791 147 878 514
403 985 432 849 180 391 413 716
675 130 446 877 490 232 906 486
930 122 839 298 674 804 986 510
944 742 486 259 585 533 292 491
768 338 758 301 238 555 152 202
92 855 824 411 196 54 268 577
388 448 321 569 616 113 420 822
102 419 765 127 224 111 825 331
714 46 598 270 523 38 830 350
966 528 759 402 867 563 923 765
69 730 510 295 412 637 487 731
159 967 186 203 655 281 554 830
192 843 32 517 19 275 66 45
168 152 455 853 576 522 181 599
347 191 221 215 727 919 155 806
341 115 645 226 362 927 284 67
414 271 378 402 285 502 569 597
957 415 755 373 133 537 538 1
159 795 100 694 724 980 245 968
261 612 414 662 641 901 383 692
260 771 850 441 365 522 811 903
649 968 982 714 589 211 662 930
147 141 373 467 681 449 836 70
109 646 566 506 654 197 151 912
400 568 996 78 104 828 960 753
796 51 412 310 196 24 123 510
90 524 111 675 601 546 580 841
371 898 294 784 839 576 200 188
82 348 544 929 481 768 553 173
433 2 148 848 86 52 366 696
542 247 33 90 251 424 460 280
179 95 308 557 952 80 319 571
272 419 711 889 115 181 95 559
770 211 759 933 134 682 114 651
736 885 319 160 26 78 954 283
763 744 154 782 681 987 119 762
168 457 632 179 707 968 700 432
548 697 658 938 681 385 909 976
528 925 176 943 104 826 96 89
467 969 547 929 236 234 751 971
187 888 53 244 874 820 625 35
461 498 641 699 264 318 332 171
524 518 714 183 145 874 751 908
581 53 470 739 424 157 882 555
460 911 947 219 700 29 45 514
88 496 573 199 806 374 543 860
290 156 95 520 740 99 459 275
899 803 688 126 875 313 666 169
851 429 130 672 404 59 831 107
34 122 357 114 867 133 625 166
624 345 415 736 120 934 558 400
959 676 91 507 952 129 958 588
651 151 613 947 347 791 332 51
923 577 10 805 893 822 6 281
974 227 95 888 286 724 544 849
923 419 903 895 294 334 69 164
114 873 858 589 735 191 505 625
729 451 321 225 597 356 17 242
573 131 871 669 425 970 962 577
144 896 126 406 873 12 345 95
208 746 306 628 783 504 660 999
72 291 229 938 903 189 974 776
885 54 461 917 224 637 499 937
767 667 335 941 11 171 766 956
411 918 189 29 738 467 98 420
125 663 447 882 258 404 996 81
562 350 88 226 20 153 744 326
454 443 126 542 531 991 81 612
420 305 749 816 480 961 285 743
342 9 104 462 869 692 980 106
825 310 667 316 726 578 408 521
972 269 155 892 216 78 341 110
445 947 379 389 790 302 68 273
789 792 808 585 62 419 688 59
937 553 530 117 958 198 365 41
405 247 623 273 28 40 498 549
609 885 983 452 979 926 223 625
97 493 877 23 469 490 185 194
788 119 649 186 873 291 966 312
862 467 992 609 250 566 136 469
203 411 791 891 491 160 311 193
792 878 313 569 68 801 442 856
809 260 192 282 779 446 131 897
484 559 932 340 311 732 460 570
37 821 672 592 566 926 74 670
953 832 565 888 269 377 613 374
935 77 531 281 488 858 119 44
611 1 763 700 350 59 236 201
991 253 138 618 711 858 417 912
527 495 303 541 102 494 316 444
88 181 783 241 784 604 187 899
469 639 529 969 896 766 921 799
109 608 438 474 72 686 413 530
667 833 511 591 384 510 19 874
295 241 164 354 814 360 588 529
509 905 294 1 529 419 90 82
546 163 36 880 477 995 829 987
522 382 952 869 77 248 659 650
551 626 212 659 593 948 279 807
37 996 172 532 349 614 945 419
779 653 214 407 942 763 241 916
667 973 642 87 150 613 749 687
950 98 13 745 892 248 589 533
383 634 852 162 311 557 10 95
415 852 486 291 351 961 251 584
230 231 146 23 142 234 778 303
481 61 79 439 221 641 371 896
168 664 198 879 58 188 878 717
564 704 979 739 57 621 232 644
587 658 626 243 365 109 940 534
718 285 533 973 307 414 393 201
175 777 966 633 990 413 647 347
27 55 634 878 608 346 667 699
626 588 476 527 218 729 512 365
770 124 388 95 197 275 944 272
963 724 441 641 394 969 185 191
261 820 340 147 205 866 232 668
864 388 297 697 493 480 429 674
192 983 484 148 415 534 68 552
167 44 134 900 582 676 503 14
94 814 361 264 807 835 838 753
167 279 977 491 561 255 288 8
664 109 622 919 916 775 517 464
587 729 476 727 803 629 988 230
270 214 104 268 203 580 963 115
151 227 35 785 341 9 715 484
711 107 986 742 534 139 461 588
927 32 735 640 475 809 934 802
513 45 599 928 32 832 328 763
394 707 620 309 116 324 649 32
459 308 888 923 95 708 480 923
2 996 139 818 677 930 920 444
786 429 228 170 739 831 561 16
106 167 64 412 317 969 529 745
756 109 630 104 312 943 407 569
626 893 239 759 249 720 471 974
292 683 752 629 294 819 277 669
125 122 905 518 405 398 580 852
207 853 535 52 752 174 302 875
724 556 767 141 160 199 618 917
824 874 36 604 668 272 297 500
484 914 92 908 925 964 106 292
819 193 81 637 188 924 642 949
502 454 256 601 661 298 507 19
206 539 855 898 526 978 258 90
984 502 64 535 886 979 815 541
302 632 245 728 583 354 441 257
474 406 664 52 231 115 309 796
128 860 5 803 65 103 678 279
507 447 292 97 399 239 532 559
160 32 377 930 706 718 540 791
205 854 34 337 220 550 813 569
754 639 656 902 865 759 390 796
806 493 649 663 275 401 385 767
14 362 883 79 441 350 647 356
912 704 855 471 238 855 641 498
567 381 919 190 225 476 598 299
330 484 300 2 727 872 666 231
692 72 588 582 368 810 881 381
437 881 135 781 584 65 72 50
342 946 721 631 763 249 995 420
19 362 962 192 97 206 720 78
845 816 832 199 70 677 145 700
922 666 656 850 364 965 534 485
557 534 585 610 611 775 479 908
204 865 93 509 5 277 285 184
306 709 589 256 477 688 171 620
240 381 770 228 495 658 54 234
597 303 575 5 725 533 34 202
272 107 103 934 656 998 830 584
796 202 144 405 776 552 980 869
211 746 696 695 884 571 793 313
686 569 247 479 817 697 161 43
504 540 583 703 326 673 120 462
239 387 801 385 378 715 946 349
430 501 772 755 728 737 189 807
696 252 527 451 769 97 638 108
993 826 538 762 821 512 570 930
296 438 376 424 584 590 130 845
25 410 586 892 154 464 882 307
368 321 309 744 121 82 928 459
436 256 533 483 683 109 849 179
953 541 771 527 244 281 16 732
758 288 41 704 902 277 393 42
127 370 732 888 317 362 825 240
630 403 215 870 858 587 185 141
883 585 974 162 565 811 468 189
134 283 625 613 875 629 540 294
715 582 278 593 722 58 512 500
42 62 790 759 451 695 103 666
801 885 685 865 343 626 740 21
788 117 610 841 27 554 982 416
663 154 502 192 103 326 22 360
696 96 711 458 84 940 190 40
902 325 37 203 464 514 643 791
124 864 504 406 868 277 993 26
230 104 22 56 748 122 716 96
560 875 633 793 580 941 602 120
693 800 610 761 22 290 878 390
795 312 327 444 589 380 902 845
975 576 338 811 343 164 731 279
362 939 595 223 905 508 724 832
347 131 445 819 602 198 780 731
684 676 989 488 812 412 175 462
914 420 874 714 13 324 860 166
18 649 805 159 172 820 207 400
852 191 324 294 121 225 960 179
114 983 727 249 939 108 614 833
94 643 93 164 941 8 397 662
182 673 730 251 360 876 415 914
164 608 323 558 820 931 338 121
504 153 967 800 830 281 636 531
223 180 4 132 632 180 660 49
549 190 250 915 282 436 252 718
640 302 794 978 851 493 848 483
483 97 480 920 952 533 44 388
214 624 814 238 795 67 901 230
910 249 917 294 905 483 122 321
185 37 339 891 23 394 896 480
617 664 248 184 112 718 117 19
479 404 468 143 605 828 113 299
460 839 436 362 442 555 476 790
634 738 938 148 332 994 112 203
490 440 580 520 614 281 135 238
859 179 661 430 813 735 776 862
464 647 364 588 735 722 159 403
667 975 141 913 265 855 515 72
738 503 55 714 936 680 990 237
371 999 696 596 748 386 392 323
562 814 731 789 922 893 468 789
519 190 37 35 458 498 409 902
554 119 163 431 140 558 433 608
851 631 615 793 776 264 509 556
475 171 774 593 107 338 886 837
76 948 112 809 897 273 90 741
707 387 835 26 92 598 961 805
333 218 874 213 366 334 813 54
714 173 583 710 921 38 605 886
661 870 339 103 647 422 637 241
689 274 341 45 146 353 700 251
677 606 760 456 275 400 25 106
891 831 846 410 819 657 275 640
173 631 717 459 14 34 918 869
664 447 129 950 924 350 375 263
574 349 705 339 467 284 470 6
161 735 738 946 642 823 942 749
697 559 903 643 356 21 980 531
215 325 331 867 122 591 809 932
748 289 983 750 651 176 3 56
585 798 927 404 660 794 172 790
171 51 696 915 230 860 702 394
251 766 273 577 487 450 648 753
755 181 783 731 763 906 628 807
838 263 665 643 781 746 738 971
634 135 904 377 373 722 913 806
110 37 931 893 579 597 690 445
899 241 749 690 409 625 371 921
871 307 916 898 142 522 38 878
868 886 508 653 51 409 792 341
377 713 228 602 995 866 782 831
176 211 637 212 715 450 500 275
164 362 741 987 851 437 178 60
346 602 936 466 636 113 27 997
62 6 604 273 995 636 100 35
292 403 237 618 570 168 448 313
772 312 486 258 427 10 77 346
908 656 948 907 807 99 728 562
28 88 186 229 284 556 190 258
94 180 382 205 723 474 470 2
167 24 824 995 489 73 848 412
161 395 790 344 430 764 401 265
737 480 493 394 159 191 627 129
103 345 56 80 509 384 285 926
617 237 194 668 140 87 289 622
62 600 104 941 839 663 976 417
249 164 727 237 460 299 967 143
396 855 250 493 291 562 880 870
508 780 219 801 933 579 468 420
25 701 54 278 216 48 886 434
219 252 484 390 899 393 774 806
587 149 117 874 279 218 398 874
397 401 457 683 531 946 505 515
531 287 819 123 29 481 240 71
629 578 322 324 845 849 421 332
69 356 793 775 669 250 490 358
240 983 855 104 509 665 650 534
612 441 59 39 410 921 166 60
112 874 98 729 288 250 640 60
513 602 926 88 712 528 609 317
799 3 871 260 488 687 301 926
499 935 58 724 333 826 358 679
288 536 322 685 133 543 283 826
85 635 1 201 557 843 435 268
101 358 444 887 399 485 409 929
186 766 548 338 672 75 698 407
88 499 679 794 742 931 263 974
178 418 804 233 709 678 412 275
398 884 438 892 171 230 238 807
757 431 40 903 833 939 847 881
357 815 834 438 431 928 763 103
313 414 491 355 918 186 838 459
210 191 741 174 778 266 650 861
595 888 715 480 403 698 871 890
730 181 664 92 532 917 31 530
515 259 193 725 851 3 559 159
461 469 883 700 256 272 562 838
408 201 625 510 184 610 59 628
271 164 543 33 772 730 402 482
245 342 47 601 188 198 942 817
282 196 99 352 700 563 58 991
754 126 988 871 863 433 21 52
235 679 62 536 859 410 832 824
456 850 329 0 477 305 276 674
785 439 946 215 335 887 6 151
345 664 24 317 400 841 93 236
381 341 158 466 632 586 827 607
943 461 401 398 413 238 416 589
959 365 641 463 358 201 856 150
391 952 130 539 535 728 649 529
615 585 610 634 719 539 769 464
508 687 182 647 795 720 438 887
478 766 281 237 888 315 993 865
26 440 451 447 456 624 160 911
947 575 132 758 857 385 842 869
447 149 330 615 848 302 55 310
272 562 374 836 3 468 535 13
674 145 184 709 848 570 744 319
563 642 545 985 384 551 364 14
890 65 730 824 226 930 20 298
295 776 118 452 904 60 495 399
161 602 734 973 471 572 975 167
613 909 808 410 834 742 234 921
376 385 83 804 961 333 669 27
117 762 569 601 807 683 572 847
984 775 242 48 740 60 319 580
929 893 112 386 556 931 225 855
572 292 306 218 511 477 650 89
239 317 177 161 575 790 902 97
84 366 875 860 39 959 687 654
606 324 32 979 678 909 543 316
32 289 398 769 854 400 167 310
182 64 685 940 652 0 739 165
296 909 187 229 676 923 288 666
538 148 715 859 238 726 171 817
800 839 747 593 473 495 147 975
388 710 794 250 964 453 789 496
449 498 763 544 83 153 61 379
366 898 653 72 890 893 449 622
713 500 439 830 265 759 741 583
841 224 256 296 535 384 186 903
383 615 429 479 430 643 42 347
235 764 591 261 545 681 226 53
999 827 889 74 882 460 146 801
997 64 216 199 268 32 321 16
144 767 551 876 911 312 726 461
319 930 308 172 82 215 745 706
471 381 456 889 935 292 951 678
116 279 817 46 549 923 357 106
432 606 340 478 893 963 486 325
970 433 187 184 999 111 392 780
600 895 405 482 763 998 912 956
510 899 102 926 511 304 459 383
505 430 6 588 502 126 295 480
146 911 286 345 702 198 610 279
963 201 349 377 728 327 148 62
583 143 461 619 594 59 49 247
154 605 414 286 398 607 740 838
258 263 690 12 932 51 978 677
877 411 765 596 131 34 492 512
954 937 587 334 991 380 378 332
695 919 363 874 10 570 44 864
655 108 252 663 737 280 358 16
682 340 959 694 583 474 738 181
862 17 844 505 895 724 782 425
218 11 5 980 939 366 206 645
169 505 150 346 238 171 912 954
938 647 575 185 923 619 339 61
540 441 525 502 868 105 814 274
544 805 199 805 47 821 984 429
180 141 316 476 675 639 683 231
37 466 215 62 797 872 598 665
65 393 617 863 864 937 739 411
138 448 486 898 637 23 301 151
661 633 499 626 938 948 827 520
910 864 700 529 687 442 97 849
881 459 41 307 323 782 756 163
652 855 340 383 450 510 286 637
2 524 727 18 383 920 222 168
346 957 223 951 367 519 167 817
316 70 233 408 509 604 919 621
475 805 652 411 165 131 490 878
394 862 799 381 626 8 430 921
982 784 974 3 17 923 480 614
340 374 609 708 845 498 101 91
635 867 826 186 344 492 343 675
612 200 875 402 739 1 889 307
347 28 611 990 99 494 333 204
671 172 589 450 365 279 22 93
737 193 9 74 151 874 478 715
147 320 921 641 250 96 764 166
316 54 231 55 302 401 125 380
960 512 50 613 34 291 248 831
422 599 857 708 55 670 606 886
773 838 844 594 585 589 799 911
129 703 600 756 823 903 279 282
442 854 196 831 732 440 133 839
362 70 116 298 78 735 249 286
470 399 295 16 427 795 454 243
667 916 821 869 455 379 925 146
295 785 899 575 409 415 534 286
333 553 899 600 648 204 505 908
233 487 481 304 754 326 313 980
622 366 602 755 586 557 147 948
368 944 900 72 997 622 793 724
686 6 303 976 360 892 335 573
87 544 358 689 653 678 649 592
921 777 896 318 611 488 5 806
715 546 358 546 276 611 849 220
122 5 644 255 574 114 715 777
38 264 991 345 868 565 138 707
7 608 994 465 615 282 473 634
334 986 817 85 826 477 188 604
583 613 101 138 34 430 91 311
438 196 699 684 981 736 664 698
995 483 463 541 957 979 76 197
413 804 405 357 825 274 450 383
167 271 434 708 106 209 687 45
37 605 717 173 793 963 278 605
609 563 833 883 274 669 557 319
701 649 149 569 525 225 391 917
198 453 997 722 816 616 764 998
678 967 591 553 688 400 753 285
768 225 619 135 467 787 454 780
984 329 624 71 950 914 882 329
636 871 799 40 14 173 344 423
33 966 103 275 437 413 851 388
561 963 841 129 810 690 34 171
937 752 948 140 44 214 114 299
439 583 738 936 809 430 71 426
535 54 611 197 999 198 988 681
636 951 234 502 842 430 417 59
99 365 612 766 178 72 312 299
57 595 711 232 483 779 40 486
210 870 831 167 733 185 424 45
471 644 209 535 408 87 696 961
866 175 669 73 950 329 603 217
582 368 222 451 7 360 598 400
512 64 455 447 624 717 42 250
886 107 440 848 157 338 959 398
983 896 969 644 351 138 485 593
611 351 543 656 133 733 410 389
109 653 4 437 471 755 303 44
497 909 309 706 885 267 84 899
556 188 859 559 963 531 962 322
498 186 517 212 966 403 846 322
974 845 109 937 837 828 262 795
20 707 290 690 484 412 628 287
305 17 342 505 366 724 379 370
329 319 31 821 789 950 984 753
836 400 58 410 613 750 224 428
821 183 913 827 36 971 327 295
730 924 82 268 568 412 392 172
500 383 263 368 386 866 837 424
709 414 824 134 626 984 394 715
981 65 39 465 212 185 60 674
877 701 652 141 516 25 152 298
808 18 394 489 588 803 115 728
152 750 394 629 463 434 913 36
421 474 385 694 311 163 906 900
213 74 489 571 229 599 247 708
703 699 976 419 617 541 433 174
965 975 690 268 413 237 439 765
986 50 976 373 326 347 940 407
549 179 294 630 529 89 72 191
893 768 936 485 842 728 821 124
530 287 751 298 160 851 702 837
919 171 647 340 649 327 583 507
827 490 999 585 147 408 177 925
5 594 549 203 88 630 901 61
509 187 648 672 849 417 670 679
985 833 567 892 450 630 910 705
586 305 237 845 362 590 892 620
325 47 363 66 776 279 805 793
502 651 886 945 120 214 205 703
31 440 153 796 492 403 626 33
837 240 496 1000 381 145 635 809
810 862 260 450 303 869 23 281
13 248 113 379 580 210 149 924
500 488 581 624 180 403 569 418
299 925 443 757 855 812 679 409
374 565 966 511 844 684 948 938
566 11 27 507 978 199 480 287
459 730 968 853 219 95 281 179
959 839 98 677 703 990 196 527
533 747 351 286 773 247 236 874
776 549 723 942 953 204 795 16
57 804 791 549 202 943 455 141
864 122 707 166 911 529 630 344
994 27 396 88 916 437 608 870
98 655 948 749 857 442 641 792
645 103 575 222 743 465 471 764
900 952 699 58 32 341 770 247
900 487 49 300 286 922 79 262
955 727 794 861 711 163 742 314
451 242 390 608 957 335 346 480
468 133 463 928 626 339 898 52
23 974 632 247 929 635 227 777
863 754 792 356 846 809 481 127
335 394 194 556 495 592 342 758
797 251 655 43 65 28 496 270
565 805 681 706 448 713 864 524
343 426 991 519 802 187 733 848
22 387 237 207 819 257 129 372
272 803 100 454 478 868 473 128
5 228 777 989 565 987 839 246
309 46 286 15 567 228 201 113
489 191 269 442 344 428 436 734
649 489 730 636 574 52 78 880
573 360 793 964 888 69 550 497
839 449 502 733 104 978 556 874
982 274 204 457 923 748 981 992
572 988 899 497 75 799 419 966
276 673 693 677 615 474 385 142
133 526 793 20 285 742 523 387
96 698 346 534 690 351 255 531
849 787 730 144 592 805 897 268
237 948 384 831 907 401 493 656
891 833 255 474 367 160 189 733
506 566 293 573 83 731 603 421
644 130 376 882 542 18 759 367
938 553 525 353 673 137 776 566
460 126 784 65 551 116 374 862
258 852 693 992 731 670 331 426
28 650 271 139 878 34 291 141
256 863 702 938 603 916 185 411
860 106 438 455 829 10 703 293
718 633 397 424 635 680 424 21
289 582 983 589 802 853 437 659
921 439 82 1000 773 315 986 522
756 490 645 366 208 590 538 813
317 90 530 602 469 377 978 454
924 800 64 268 10 536 809 297
984 52 708 969 804 436 600 283
847 775 424 323 984 2 152 859
192 670 3 45 271 964 137 200
615 387 544 403 312 666 777 354
901 12 636 969 332 175 199 681
57 594 920 830 572 562 632 877
279 480 12 276 535 707 300 116
387 876 758 878 484 341 195 445
173 12 760 967 187 254 341 578
318 231 318 256 603 216 103 431
8 329 259 78 577 893 533 554
82 595 123 806 206 631 51 380
706 824 474 922 790 981 987 659
90 922 360 343 568 836 282 566
343 589 800 649 333 512 47 143
169 955 616 987 307 978 701 976
108 831 367 322 82 632 607 554
42 128 641 598 213 417 387 934
377 846 979 585 385 801 496 445
951 137 800 681 912 421 505 384
160 75 709 826 281 488 749 567
398 414 186 190 993 886 896 558
212 29 136 318 238 231 610 930
335 594 842 300 173 601 209 78
344 877 736 915 986 195 339 264
363 208 394 158 149 80 232 824
653 35 455 324 563 525 35 402
443 895 694 152 60 750 511 471
721 694 414 718 833 106 769 388
240 220 166 35 150 405 239 799
91 584 261 302 212 734 125 910
181 308 307 603 638 75 166 961
297 324 918 915 624 421 287 100
329 387 487 460 773 676 33 354
697 838 754 748 4 959 245 170
517 184 601 320 603 574 875 788
78 780 159 497 751 309 990 504
36 147 436 870 178 211 564 661
5 482 451 779 74 737 729 424
531 704 538 220 402 669 272 992
585 869 516 411 376 596 597 226
347 551 838 282 937 912 65 452
531 805 359 18 636 720 832 500
837 798 561 125 242 255 828 602
725 469 649 523 557 562 983 434
802 217 885 957 263 160 456 777
721 272 997 332 2 337 151 225
640 504 796 156 794 668 11 858
487 24 205 202 247 776 964 713
588 959 917 621 173 883 117 656
521 869 291 855 461 523 691 693
691 625 808 768 156 991 161 153
194 504 96 836 374 547 161 521
465 901 210 241 28 837 577 890
940 762 658 168 532 576 435 370
60 582 207 499 442 770 392 799
591 278 405 275 392 458 911 187
599 939 287 592 945 311 64 430
47 92 606 651 423 904 698 430
521 257 731 768 877 124 477 262
170 49 556 867 439 202 205 995
915 234 141 439 214 51 132 121
281 533 186 201 588 671 35 149
700 987 667 920 547 883 526 243
291 138 669 525 723 32 357 91
715 885 751 930 661 38 450 24
375 717 398 364 398 712 67 536
464 592 367 246 763 89 108 936
139 989 15 552 574 241 424 459
200 102 432 41 640 153 502 682
857 640 405 223 839 148 57 533
512 721 399 537 389 745 405 611
298 586 536 817 729 723 889 291
33 641 605 406 722 950 11 554
906 439 532 80 818 848 590 955
257 565 51 948 388 136 507 617
977 240 712 160 358 804 599 884
3 906 655 985 776 698 276 356
596 399 451 27 106 123 755 269
473 76 734 595 0 700 238 336
933 75 973 931 691 675 468 809
366 965 450 772 565 979 374 300
456 563 836 92 949 703 545 191
732 148 433 913 68 420 101 52
106 638 475 602 3 689 971 533
70 61 465 289 6 428 361 549
513 857 195 356 940 813 619 868
497 328 389 827 449 923 464 230
538 386 629 31 814 957 592 482
32 43 161 481 863 909 370 405
250 161 676 650 198 540 610 615
511 860 952 445 854 696 783 507
979 544 703 625 316 601 702 231
358 480 820 896 606 35 163 543
809 940 185 988 630 51 951 280
198 389 296 306 522 359 618 977
879 654 216 391 806 38 761 200
882 15 645 551 242 632 578 513
397 597 588 682 420 178 444 664
14 950 253 649 900 149 954 470
3 506 857 670 92 736 445 539
761 128 907 411 35 709 148 635
395 468 241 897 583 455 209 282
733 843 280 729 181 554 952 46
656 796 51 218 941 897 310 291
594 360 262 781 341 933 303 233
123 564 367 106 639 491 912 648
817 703 545 167 563 204 418 795
920 402 753 864 248 556 979 953
10 289 620 470 596 367 733 455
551 966 117 628 652 406 937 65
128 991 587 461 428 560 999 316
143 793 942 130 801 719 497 42
80 961 931 962 609 481 267 924
454 157 870 634 322 968 293 93
988 377 310 64 90 524 909 219
835 5 917 184 397 490 508 243
461 403 648 684 368 34 320 44
628 275 241 873 543 59 846 787
573 419 933 516 346 99 201 774
243 65 997 968 841 51 272 732
823 471 275 461 772 629 899 93
596 265 409 433 270 272 436 59
42 135 894 812 254 139 54 31
580 802 504 286 341 3 502 914
206 517 671 588 416 3 25 650
703 114 492 394 741 634 997 955
727 125 559 799 339 722 974 241
874 193 698 545 835 187 779 449
56 269 616 223 452 796 939 712
173 279 345 807 641 653 206 494
1000 775 807 813 280 573 109 19
736 688 796 673 207 945 807 79
644 140 798 350 71 638 707 254
245 961 659 375 855 605 753 372
793 290 726 859 565 177 689 141
961 405 611 320 609 420 483 69
178 804 419 904 842 437 435 912
443 751 930 76 478 339 785 352
192 75 885 494 62 693 7 459
550 405 672 219 453 751 918 599
321 328 790 577 19 541 661 686
416 841 219 382 272 42 36 279
881 843 538 298 878 912 743 170
829 709 120 463 81 842 625 797
799 780 437 460 430 30 916 433
762 390 410 480 174 882 729 215
298 141 82 327 519 959 515 829
391 581 600 808 304 15 997 401
575 301 748 821 411 517 432 500
967 102 128 876 865 674 122 579
914 834 475 795 782 358 524 553
708 527 664 210 10 967 223 847
551 843 681 497 52 958 697 381
815 52 833 841 857 55 444 829
664 143 614 280 540 774 606 306
629 978 526 688 675 912 720 692
239 322 414 17 333 708 788 681
166 935 658 186 598 480 548 651
128 207 786 494 615 967 939 856
12 217 133 729 544 20 964 392
578 735 144 814 959 868 689 853
524 645 524 191 12 926 482 324
494 845 147 666 884 608 748 270
893 526 209 386 884 243 567 79
360 478 42 791 436 901 772 252
183 154 320 626 12 61 732 392
844 609 276 944 101 720 892 329
427 414 620 612 351 260 693 2
990 437 741 580 64 895 333 827
18 171 170 400 19 820 693 370
895 105 674 757 873 249 692 737
889 608 356 413 98 892 321 300
115 890 330 333 115 458 265 362
368 824 650 17 864 444 981 701
499 976 348 445 281 948 185 428
847 193 141 211 523 394 507 927
804 764 790 561 624 726 68 202
140 424 842 719 572 380 190 403
51 519 484 759 217 318 994 466
418 658 417 963 8 701 461 326
420 962 239 132 350 963 298 211
691 544 736 787 890 255 737 367
930 303 451 753 649 811 647 561
771 144 596 230 447 859 118 127
740 45 819 857 324 923 139 590
753 239 424 540 136 850 839 116
126 613 231 650 25 137 377 449
473 516 565 586 820 639 126 191
291 461 982 683 101 4 728 751
844 485 390 756 73 430 540 537
229 508 372 710 281 376 882 294
357 186 877 747 251 172 712 274
897 14 182 150 960 144 696 328
559 434 250 136 894 921 263 428
637 810 168 484 320 205 758 105
276 938 569 605 672 977 77 460
76 275 900 304 476 472 177 437
612 434 779 53 391 128 42 526
791 542 821 916 640 973 508 513
268 807 668 371 599 463 46 828
122 277 248 264 961 59 413 396
991 34 955 747 226 709 667 704
875 82 604 259 465 341 940 188
720 490 107 615 544 79 628 622
987 183 240 727 859 150 927 523
579 56 928 133 366 231 3 211
988 151 563 629 147 518 402 91
723 404 441 594 571 110 960 715
91 5 870 202 317 337 717 373
928 784 805 30 328 498 893 773
978 829 405 477 268 362 297 1000
339 441 554 458 791 774 413 248
102 460 375 798 404 261 33 670
194 194 335 221 661 986 306 927
234 533 114 351 1000 402 717 6
380 403 168 157 89 596 510 273
940 625 524 226 517 180 161 537
465 550 38 400 187 79 679 756
92 934 743 260 29 322 126 899
871 404 712 129 74 763 954 644
969 290 469 835 19 451 896 725
268 692 669 357 340 245 148 959
201 572 988 812 642 644 753 190
532 837 238 775 412 596 416 123
264 230 458 725 861 524 637 486
200 883 267 1 272 351 351 256
566 171 837 52 423 239 89 676
861 234 319 248 546 945 149 372
612 443 472 39 518 771 496 608
668 739 509 742 208 354 736 745
124 204 939 983 293 841 321 113
730 160 922 185 756 566 483 617
268 736 372 420 277 0 209 597
155 283 365 393 817 754 651 316
338 594 178 425 960 904 574 136
68 636 523 572 175 865 937 958
113 834 204 65 307 44 178 895
425 253 988 781 226 165 665 970
202 445 905 469 216 571 643 496
658 339 271 656 833 922 805 642
197 740 151 215 832 436 79 988
688 64 584 216 171 912 79 994
640 511 112 279 163 171 360 501
635 435 816 657 846 662 202 473
28 949 682 493 397 870 63 98
284 58 414 443 947 961 979 509
591 107 250 100 906 511 533 39
951 67 323 935 782 203 32 963
787 337 825 432 638 712 769 213
907 739 212 224 652 923 229 490
219 637 683 819 788 795 754 589
435 309 773 709 632 983 671 64
998 320 652 739 978 609 579 913
609 62 573 640 880 207 780 916
963 894 649 656 534 992 471 656
778 319 930 730 270 960 615 497
287 678 791 161 316 930 997 791
275 736 107 652 219 432 624 145
528 612 225 471 363 436 139 276
332 149 135 654 918 397 845 683
9 838 41 666 572 133 598 130
189 684 138 180 642 444 833 198
480 962 608 246 291 650 587 891
541 699 226 215 521 30 786 146
301 855 828 674 240 132 244 455
828 177 524 938 782 455 523 219
30 999 886 10 52 196 114 732
102 766 286 675 533 371 230 971
488 918 733 687 82 725 564 815
480 938 621 283 408 177 981 926
522 687 242 179 702 563 266 818
908 173 798 464 19 289 519 70
66 111 655 15 549 206 91 118
109 586 834 687 295 983 606 476
652 508 912 541 948 687 910 81
506 103 873 73 479 336 930 320
876 901 93 409 136 903 27 772
511 99 847 528 546 611 132 596
860 855 534 827 574 579 760 272
36 764 639 591 557 926 670 306
187 48 7 440 261 885 826 1000
936 505 265 468 701 481 292 586
697 710 807 983 237 342 941 912
713 933 439 792 716 658 76 269
4 816 60 917 460 277 199 179
801 200 147 890 353 471 863 962
26 522 811 976 922 861 677 237
650 112 438 537 849 784 87 893
887 494 604 459 418 179 344 158
150 900 612 385 453 501 302 840
416 796 456 975 525 74 800 522
581 130 118 560 363 413 639 336
411 114 427 645 466 947 751 577
184 720 981 218 191 903 852 971
26 573 118 769 405 379 990 566
359 920 628 42 555 349 667 394
340 26 282 56 95 203 110 997
693 886 427 23 891 602 913 158
745 299 1000 813 652 554 253 30
685 863 617 247 943 252 667 511
805 277 347 103 682 129 949 11
429 271 0 192 898 655 633 171
368 58 369 262 450 652 61 1000
55 520 566 357 746 693 776 554
523 699 731 177 956 14 934 964
810 780 1000 922 334 694 962 903
296 939 730 891 122 520 579 133
725 755 947 639 402 681 875 577
673 598 514 89 81 689 668 747
503 727 685 351 797 790 876 228
511 696 518 210 37 531 819 806
246 846 219 800 231 100 627 744
878 534 208 544 768 935 67 353
55 100 514 444 421 895 280 671
248 855 243 86 959 462 213 621
942 625 564 651 23 525 873 179
501 283 704 783 130 673 643 205
104 806 393 584 561 687 353 318
198 958 921 466 557 19 315 387
998 591 668 849 332 637 981 662
451 611 31 209 380 191 250 634
414 25 627 286 148 265 460 251
597 393 479 528 432 642 924 287
16 137 461 347 404 147 150 826
118 581 604 328 79 400 549 313
144 909 232 312 589 856 437 723
503 864 51 952 536 181 476 524
79 730 35 608 984 436 831 769
569 137 902 310 537 821 296 47
827 500 988 991 639 376 496 627
11 466 905 880 92 53 812 226
260 54 322 373 535 236 932 954
963 365 927 227 855 643 493 766
16 255 303 448 50 409 165 907
20 311 647 389 608 562 710 428
534 648 337 390 477 291 659 284
514 911 851 316 462 459 224 601
938 628 755 110 863 572 54 599
302 21 845 232 953 51 69 723
976 209 988 314 912 225 624 160
353 986 268 448 699 200 856 438
772 620 663 478 772 987 807 827
877 779 713 343 32 523 87 316
553 924 262 840 634 143 111 182
862 736 355 430 106 434 513 461
600 692 268 201 188 158 886 201
526 284 73 545 733 26 790 658
70 552 955 499 655 229 375 167
658 496 967 532 607 727 560 301
110 147 450 835 173 191 349 168
935 364 594 619 112 257 621 989
722 60 894 169 934 897 100 647
152 472 150 131 335 658 628 524
807 86 538 433 245 430 498 769
305 241 863 13 608 555 712 849
898 218 216 59 807 289 734 135
940 783 418 193 220 828 200 995
504 451 499 75 188 291 77 570
449 630 255 267 458 422 712 151
434 14 887 512 701 683 660 92
821 92 869 894 451 774 939 482
765 240 699 796 110 0 483 580
888 154 92 937 30 92 684 555
289 856 869 875 937 13 415 796
52 508 473 973 303 999 391 268
394 705 471 73 480 665 67 968
280 493 573 132 997 200 971 245
788 686 649 273 831 234 907 83
225 687 466 525 937 426 465 273
656 85 127 130 203 406 130 57
340 586 190 31 674 927 154 799
202 745 227 462 368 245 236 434
523 651 676 148 617 369 523 655
578 765 68 318 907 440 804 399
552 523 374 279 169 710 574 691
888 488 443 654 201 298 386 536
59 948 793 899 926 746 711 311
109 635 197 741 0 222 662 809
779 646 847 327 733 252 194 369
613 699 511 783 472 629 607 976
802 271 35 700 270 553 789 463
422 945 846 414 592 451 299 877
360 658 885 350 205 842 906 910
769 897 198 678 37 113 963 511
47 735 212 988 906 791 334 386
209 730 823 901 245 369 466 662
702 42 192 692 454 405 996 637
534 73 522 787 590 66 917 997
393 662 752 247 947 81 240 464
8 260 507 226 420 183 457 837
788 708 597 66 875 657 959 500
528 16 716 248 365 305 595 911
645 405 846 554 75 948 388 535
814 989 121 124 932 66 643 877
593 131 553 825 265 879 165 551
656 618 600 652 846 685 461 16
222 2 236 902 419 299 731 580
984 616 398 752 876 882 646 607
189 249 321 577 261 828 218 706
462 655 370 362 885 259 762 719
807 96 852 651 109 559 711 869
210 504 398 893 406 41 769 594
18 726 736 405 978 302 662 800
456 162 373 944 734 10 465 186
897 995 799 389 421 853 722 238
203 749 868 296 499 501 503 777
584 969 563 252 412 448 547 741
781 816 768 847 564 157 488 32
765 768 159 739 411 866 507 683
88 9 450 307 83 37 47 194
365 551 344 360 34 945 412 563
296 857 776 414 748 598 665 907
108 521 837 482 953 871 975 790
678 969 539 96 960 996 774 390
982 979 128 477 336 2 304 825
243 344 856 965 17 495 720 784
296 125 432 542 179 826 619 849
355 30 10 762 357 801 934 667
11 867 769 995 197 977 204 238
890 90 181 383 424 973 312 713
359 469 136 999 812 336 356 547
396 226 162 412 392 875 996 666
763 844 777 758 504 640 130 677
103 425 996 197 710 73 120 772
54 153 184 806 516 565 436 836
942 866 852 335 463 326 984 940
418 645 283 611 644 213 581 335
804 554 96 63 514 289 382 902
141 225 665 127 587 972 546 678
333 312 392 815 642 323 453 782
64 710 564 539 207 3 919 48
724 342 618 744 434 576 441 464
862 202 121 838 904 505 949 46
872 925 35 284 540 721 879 814
380 390 19 829 573 940 186 79
359 895 603 901 790 753 570 573
924 484 264 123 106 81 645 261
419 551 915 267 377 7 313 435
514 113 87 500 581 513 795 561
625 175 214 80 475 951 827 34
497 516 745 993 885 489 459 103
718 430 227 643 375 19 797 620
262 990 218 223 796 991 368 600
596 848 883 434 59 984 312 908
433 46 562 681 829 259 993 978
195 289 261 459 138 834 610 116
211 856 439 631 805 473 695 981
87 233 633 177 625 667 284 220
590 654 566 892 86 367 141 73
149 134 91 743 768 873 436 470
364 22 908 796 712 346 22 840
40 195 68 60 328 718 589 366
83 347 482 156 719 793 867 753
256 971 314 427 229 620 242 619
457 474 342 913 65 255 18 298
801 287 117 658 248 134 645 932
148 839 609 769 384 337 451 478
679 168 703 906 868 429 831 961
33 770 301 11 684 830 649 692
122 796 92 33 517 943 198 219
540 732 970 95 937 621 584 315
267 392 3 858 181 455 622 222
338 205 104 666 244 467 975 483
516 49 569 628 91 944 31 385
327 426 800 729 119 12 119 920
742 183 343 732 921 538 188 214
756 143 639 496 776 513 846 876
146 359 751 986 296 487 201 333
81 497 349 513 124 975 351 153
896 896 678 568 49 483 422 891
277 285 89 269 731 144 475 580
940 686 770 660 253 277 98 281
323 280 765 258 0 812 348 542
684 355 529 880 27 976 722 105
166 267 424 659 860 677 867 835
851 104 213 330 655 288 193 847
684 292 812 437 330 717 492 55
866 887 660 234 889 728 951 842
679 852 157 845 414 31 203 670
943 959 99 132 999 776 986 908
96 968 724 555 237 82 940 726
89 865 91 647 148 769 850 851
490 542 539 235 64 48 646 296
635 617 920 620 147 63 749 762
346 29 964 477 670 840 456 736
64 763 741 160 17 471 594 253
590 686 631 991 506 244 433 893
149 362 732 329 383 61 216 695
599 324 32 593 960 287 295 410
656 934 827 363 225 920 437 457
393 992 248 893 246 71 172 457
40 507 592 194 914 30 752 856
822 597 507 952 552 52 634 356
173 541 147 761 482 680 57 277
449 963 606 842 694 634 475 6
563 463 342 437 515 214 249 45
754 439 889 347 710 789 204 27
804 337 320 449 931 928 223 98
541 42 461 8 657 299 961 852
50 417 203 534 263 137 443 373
736 866 127 259 548 293 800 996
108 414 646 810 803 19 746 373
756 271 260 488 504 847 860 523
250 18 45 385 50 380 695 687
357 310 929 493 621 533 656 997
195 650 982 820 853 318 783 339
523 869 184 887 252 35 815 138
91 896 204 298 201 833 344 503
960 356 126 915 538 941 680 905
290 482 488 893 74 228 936 909
550 420 357 26 330 798 705 618
518 825 971 603 133 808 900 503
528 646 140 13 531 881 105 566
360 467 690 649 391 643 818 84
807 527 222 837 562 730 948 909
130 310 702 238 46 308 665 157
678 216 236 763 727 580 588 545
395 308 227 679 376 47 464 204
143 397 516 488 122 693 129 995
574 30 60 766 649 919 47 882
641 557 144 478 593 122 601 642
16 823 991 79 195 636 187 144
521 178 921 57 705 29 315 416
667 763 821 949 368 790 460 249
813 120 863 221 252 142 806 402
981 108 80 196 206 331 768 901
176 841 368 543 808 25 154 416
361 172 735 213 746 423 979 196
101 214 742 289 516 170 259 733
528 589 506 532 103 973 442 53
457 443 532 584 482 303 9 493
100 297 326 900 304 405 557 703
592 545 757 734 717 662 964 280
33 894 824 230 437 105 138 713
850 576 186 45 468 132 995 688
186 779 366 708 720 919 93 528
31 535 537 281 389 504 500 870
666 459 261 583 107 710 295 519
723 152 218 118 19 619 947 903
960 46 122 368 341 664 607 290
259 522 735 190 334 198 344 562
349 8 225 319 312 766 324 961
752 193 572 424 832 749 81 71
430 462 548 213 92 368 299 507
356 909 677 274 984 742 839 722
947 519 668 974 498 235 662 293
289 639 606 715 290 188 657 684
673 934 39 883 466 967 581 197
476 844 819 227 722 549 595 923
336 789 210 998 619 93 170 184
682 906 709 166 450 603 622 551
134 534 805 688 216 124 916 793
218 664 598 116 571 998 810 258
59 654 587 194 665 924 746 522
470 24 723 962 32 268 480 639
82 251 429 18 50 90 265 736
164 991 807 181 304 44 509 214
107 255 168 850 210 956 942 535
135 828 506 783 779 46 799 888
554 533 153 309 250 889 436 254
585 876 554 643 187 347 600 453
329 307 196 736 854 284 649 275
213 699 60 850 382 488 201 923
992 352 445 215 863 872 671 60
291 88 742 409 498 266 315 288
173 619 563 115 639 258 138 768
845 270 79 195 575 76 637 684
938 500 603 495 967 284 98 690
544 49 443 689 621 892 472 831
592 259 568 724 866 996 488 441
973 477 91 423 986 778 464 15
490 81 636 924 109 368 715 191
15 926 72 658 630 349 870 698
805 60 622 742 817 616 963 957
962 286 344 459 480 221 505 980
899 629 994 607 271 542 969 964
391 328 103 435 61 973 723 584
494 469 862 566 287 686 539 62
179 443 137 152 636 638 888 522
274 652 538 510 698 674 341 730
663 445 512 21 456 536 613 673
894 424 226 555 897 97 184 776
519 497 752 459 544 877 485 946
50 709 205 23 708 538 487 716
817 524 85 278 579 125 863 610
71 936 759 586 41 318 735 3
578 645 414 780 280 287 815 916
980 573 172 681 642 907 178 661
804 845 189 297 932 523 369 110
796 407 551 104 147 106 911 540
623 504 3 750 549 889 159 814
823 883 211 92 288 483 374 572
349 647 61 121 487 510 767 623
348 463 401 184 969 983 497 628
951 405 743 366 158 551 564 179
63 293 758 202 244 265 355 591
867 704 106 721 6 96 441 130
302 65 977 39 362 553 260 907
887 726 340 180 797 804 335 413
429 400 357 709 267 868 230 756
214 131 474 322 863 207 575 293
577 679 693 75 964 846 639 953
748 601 167 430 985 749 350 640
150 882 381 409 72 649 874 452
569 576 598 58 823 470 708 661
806 27 55 42 514 146 447 823
54 348 836 776 194 256 963 562
880 801 994 393 606 411 840 395
882 543 523 598 557 222 139 814
149 55 245 772 670 592 561 988
937 706 933 140 3 908 484 565
889 373 928 590 731 52 98 574
759 993 380 138 868 330 303 837
945 544 598 292 730 865 618 183
485 44 615 66 44 480 465 561
211 89 303 678 654 549 886 304
500 235 305 950 972 108 524 692
701 197 175 537 504 545 625 779
433 2 153 838 296 387 136 448
568 642 433 917 831 13 891 599
970 62 906 679 974 490 388 201
303 137 921 465 65 25 876 443
183 440 431 310 904 718 892 298
30 235 273 365 577 160 684 30
541 146 830 796 690 305 398 221
259 577 718 8 968 763 152 241
478 746 68 77 119 116 926 900
986 689 540 850 164 347 256 823
520 135 902 20 983 842 993 849
441 68 742 578 936 259 5 868
488 500 248 408 191 780 528 574
407 870 199 499 664 276 811 957
31 334 140 891 749 85 32 465
636 304 719 30 16 435 288 112
682 414 656 683 945 230 387 880
569 882 490 427 964 238 149 142
42 114 535 495 752 188 513 593
450 901 902 609 707 815 52 315
765 129 613 898 899 766 157 871
652 856 397 356 319 988 943 64
411 982 634 429 121 904 610 330
732 210 16 761 4 600 321 664
572 716 597 317 917 526 764 377
603 373 677 761 477 666 220 304
194 617 568 604 983 547 958 185
685 246 885 159 847 722 599 326
859 419 27 859 585 938 462 55
557 155 403 355 172 931 975 784
934 392 351 0 708 57 148 125
817 154 357 338 635 319 829 241
347 603 677 407 19 607 736 494
253 109 129 67 168 571 412 799
509 64 764 561 724 777 254 797
50 375 401 270 748 292 949 532
382 801 385 384 76 888 792 789
500 544 370 444 368 413 730 671
544 660 742 362 535 471 133 366
890 37 309 332 823 342 866 781
688 969 729 641 868 573 619 757
446 187 512 583 797 258 729 313
301 98 595 473 83 887 297 180
825 334 381 807 220 756 460 946
372 774 191 947 186 927 102 935
932 322 271 420 780 667 279 472
288 156 194 194 684 794 50 120
869 81 554 21 14 819 542 125
637 352 204 308 500 692 413 620
82 75 3 799 596 797 709 232
475 944 73 96 147 751 372 82
50 296 661 341 233 379 354 722
840 600 395 380 469 361 66 299
812 441 67 195 774 938 645 912
613 511 539 999 501 33 859 329
403 660 247 845 41 794 906 92
818 918 39 152 381 716 932 428
244 474 674 658 354 23 79 284
380 975 972 564 928 557 734 797
908 240 7 360 599 504 563 320
15 329 779 639 561 949 962 979
524 572 7 277 435 763 728 427
192 588 155 908 384 69 415 73
634 872 171 792 918 233 307 902
926 155 445 282 293 292 820 896
705 523 525 177 703 42 591 553
296 557 206 409 167 490 661 838
438 698 448 729 423 412 594 204
872 749 697 50 716 457 501 305
875 705 786 40 924 592 918 76
67 965 556 447 565 898 735 329
896 848 795 451 464 976 727 577
344 102 584 560 110 963 670 49
723 210 666 29 803 885 432 60
73 224 861 875 370 329 265 942
162 668 526 953 152 808 128 599
483 820 778 570 273 435 156 618
655 663 841 712 720 583 264 883
459 654 779 929 986 186 853 953
933 0 212 87 65 72 920 176
829 465 875 673 253 900 285 14
925 525 62 716 677 570 302 417
79 284 948 284 794 117 810 763
22 97 400 778 808 141 164 220
56 546 97 839 811 151 572 579
619 617 617 173 46 852 449 158
946 444 990 72 730 889 745 828
142 293 174 671 388 315 967 694
261 855 722 64 561 923 466 469
225 173 591 246 966 671 704 913
537 996 921 279 256 160 507 801
274 866 870 279 171 872 213 195
275 520 200 89 426 244 228 513
813 816 459 794 137 744 343 279
270 346 193 987 526 122 322 203
383 739 491 832 924 671 825 766
111 71 686 795 422 377 625 206
294 173 193 755 518 744 119 90
89 947 500 308 622 31 645 724
711 386 33 444 645 997 472 953
429 190 448 650 568 557 748 690
250 306 224 32 574 700 329 136
854 822 972 391 137 92 918 248
723 826 701 151 203 64 22 201
676 755 209 817 65 672 739 748
854 41 246 907 486 171 479 669
855 105 348 18 278 580 883 48
786 714 159 883 602 982 254 896
159 781 508 894 290 838 631 751
921 786 800 649 749 423 67 773
565 664 389 237 776 474 139 702
969 70 919 609 229 306 801 204
252 874 844 873 363 274 879 783
450 445 653 5 306 65 726 911
112 911 256 648 479 924 529 832
555 718 960 818 35 259 948 490
826 578 346 808 999 117 24 494
456 119 325 757 991 445 390 879
210 500 467 264 52 163 696 938
616 542 370 942 442 62 675 829
789 188 642 628 978 742 67 37
818 418 957 273 644 491 426 583
37 528 64 321 422 128 41 704
73 209 141 753 278 667 885 904
808 351 868 375 557 765 572 37
328 181 595 929 145 585 307 454
820 210 155 447 272 171 344 877
152 341 116 981 95 112 421 527
969 969 152 62 669 904 335 438
361 586 153 487 649 981 52 73
351 95 585 190 345 322 541 66
708 845 215 999 156 864 830 287
633 134 984 972 196 317 230 772
398 437 363 50 992 776 978 949
226 806 912 649 779 914 8 781
879 687 307 742 933 505 602 220
371 334 47 814 871 527 362 477
839 392 141 840 872 634 534 469
476 900 744 73 935 448 911 210
560 213 529 21 438 543 400 593
259 719 849 58 988 908 814 890
55 61 457 564 658 938 413 830
956 221 609 400 861 340 514 814
719 620 116 56 144 615 387 846
562 544 629 646 81 417 341 607
566 558 496 285 108 551 429 925
722 708 901 843 151 862 599 491
591 816 732 359 622 129 180 474
328 397 110 628 749 941 907 977
178 606 32 223 753 254 855 803
379 453 777 187 548 570 297 983
700 416 887 295 557 187 967 35
576 239 830 84 615 109 946 686
675 476 475 697 206 36 568 393
803 331 658 345 889 308 960 364
650 761 490 194 112 562 219 948
962 748 42 510 596 908 74 997
213 35 744 584 969 787 816 853
181 262 743 66 828 851 404 742
286 328 971 7 716 788 308 527
296 740 7 229 946 447 448 380
616 230 205 955 42 650 578 57
210 575 594 129 549 313 557 425
65 790 54 218 834 195 984 306
850 11 393 684 375 207 279 721
694 748 577 176 289 379 715 638
966 572 658 551 529 557 501 494
441 301 782 452 903 612 88 52
330 452 926 97 778 968 774 62
966 970 966 67 939 465 227 24
92 513 424 32 647 970 283 151
49 882 508 716 872 684 703 467
15 770 404 657 215 651 606 535
802 174 145 524 553 198 609 155
842 303 808 684 500 953 36 771
120 795 295 190 447 58 86 404
374 674 184 637 176 711 440 616
230 391 321 787 774 146 431 38
790 233 197 729 503 357 22 910
638 277 778 66 526 558 944 522
525 755 589 532 51 810 931 822
42 319 331 102 363 606 388 343
909 16 217 321 437 553 593 981
139 114 126 641 148 419 850 928
586 485 677 808 82 847 1000 808
456 361 554 228 161 176 890 620
378 398 446 158 625 812 773 377
776 274 854 22 850 162 465 591
742 163 859 464 670 879 409 379
79 648 970 592 871 955 969 200
531 432 619 30 686 242 300 288
386 8 307 883 60 752 970 564
181 461 367 557 947 309 138 229
417 14 4 3 739 110 138 502
500 359 155 359 438 660 893 997
640 70 317 381 921 443 0 461
1 170 110 75 161 676 763 494
976 990 340 514 273 53 293 469
878 624 879 854 983 432 539 696
340 765 828 186 928 280 671 318
221 827 218 60 723 528 189 925
290 210 503 84 153 714 588 574
452 22 185 759 722 108 367 870
197 32 716 95 928 923 575 645
524 681 927 568 171 944 473 944
661 255 189 365 771 735 196 64
153 335 292 252 74 119 573 384
921 704 918 78 514 355 356 681
562 23 309 201 101 733 639 624
932 938 664 565 810 393 119 319
290 1 215 80 601 669 289 379
680 772 889 303 746 52 426 756
1000 864 35 12 341 190 91 493
205 321 488 450 79 125 119 770
577 699 388 994 632 990 481 858
422 268 978 241 246 875 139 435
857 986 937 939 923 739 955 407
802 150 68 157 613 412 444 466
36 186 717 484 414 780 200 488
776 985 787 479 763 337 104 572
116 260 462 73 692 536 725 657
715 527 753 596 244 465 119 18
939 35 315 217 966 475 386 557
857 412 815 303 681 969 156 478
849 942 705 298 673 746 416 572
712 952 796 198 58 960 550 29
314 663 319 54 9 440 595 868
581 533 117 501 203 512 992 878
468 292 473 128 851 464 273 12
605 686 151 671 471 515 68 228
119 108 402 475 225 790 690 237
935 362 937 649 488 538 81 575
980 789 466 796 105 523 186 395
403 12 935 469 169 671 775 72
260 620 101 310 184 452 52 423
970 913 733 460 879 913 866 110
398 188 514 410 896 862 680 764
64 83 772 947 1 37 951 383
382 596 262 399 955 614 444 586
795 922 361 821 383 762 762 858
548 755 48 653 869 871 533 729
683 521 341 181 587 554 2 403
477 362 269 373 94 242 449 985
549 581 534 716 867 882 477 490
22 849 844 393 197 768 484 40
835 278 465 910 385 316 914 933
41 745 227 50 141 970 889 257
439 393 41 250 106 137 709 781
536 874 171 510 698 91 515 141
532 524 749 908 20 260 759 571
654 274 0 386 358 764 271 141
979 496 846 110 327 409 996 486
199 534 899 175 644 166 39 296
898 710 772 984 819 295 647 192
850 241 861 336 842 422 175 520
28 873 118 381 669 57 38 485
78 860 606 472 175 971 848 211
300 260 200 843 272 678 88 869
66 1000 664 707 344 552 631 303
294 841 373 970 65 899 605 703
423 813 739 850 604 457 833 54
130 309 255 66 24 788 353 309
925 199 346 640 121 974 365 198
316 743 689 650 123 102 937 275
418 514 239 978 675 140 304 511
936 608 176 442 742 294 114 96
520 417 774 123 546 909 634 978
411 800 370 84 37 106 478 558
461 388 145 188 207 140 320 611
101 595 127 248 897 624 602 385
105 346 559 628 821 427 539 12
863 842 507 376 378 344 789 344
285 192 838 906 559 689 547 583
619 603 377 348 559 21 739 168
916 227 559 945 18 921 578 869
909 865 192 923 994 525 389 939
58 776 121 636 464 485 153 615
722 396 850 702 855 36 143 560
76 290 867 279 92 882 949 818
288 16 935 717 205 884 603 780
229 521 281 483 920 475 723 549
403 436 464 346 565 211 777 154
428 266 689 730 594 683 242 323
288 323 515 470 380 794 47 275
36 277 31 296 950 957 673 625
611 623 490 718 177 465 666 416
925 579 18 380 434 326 756 815
269 183 492 70 745 316 854 213
234 139 717 540 303 101 950 415
363 647 723 540 980 285 227 592
330 112 788 667 50 374 691 577
492 60 283 561 344 665 931 739
272 414 517 92 563 696 45 84
1 975 130 843 855 372 589 214
341 738 933 560 765 415 419 189
938 793 193 698 114 247 254 88
438 55 556 277 730 512 565 316
372 633 617 873 523 347 310 867
760 191 357 778 733 60 810 372
59 867 815 336 999 376 778 103
806 713 904 618 565 388 340 173
155 306 338 361 851 8 637 791
396 270 68 579 127 798 949 941
618 441 329 320 881 0 673 415
84 573 652 659 278 837 929 326
385 952 241 67 640 621 532 801
595 790 827 79 679 439 942 655
141 98 796 178 130 162 851 321
31 55 635 483 325 290 611 765
120 599 170 898 595 605 930 416
333 476 529 9 164 689 430 769
997 750 368 421 798 333 479 79
193 912 209 955 407 985 297 641
429 190 138 566 269 127 988 261
206 334 515 241 218 850 443 217
112 380 428 953 853 778 941 167
316 250 538 58 347 291 664 849
951 345 230 475 869 330 62 605
203 971 706 744 408 805 761 467
462 890 51 386 631 237 537 157
538 913 908 780 454 332 919 985
503 289 334 122 699 215 7 78
390 967 401 680 744 965 770 498
647 840 951 153 854 392 946 823
65 315 924 152 385 620 879 700
605 660 34 286 286 195 58 689
494 683 24 300 115 945 436 263
162 126 548 758 55 618 545 693
340 43 564 275 736 640 597 40
389 175 107 878 548 427 983 710
224 320 220 181 599 673 615 701
657 880 598 862 306 70 303 499
965 440 433 665 571 149 462 510
532 812 378 43 604 998 873 471
459 257 191 943 463 306 339 80
127 191 515 433 400 490 860 799
330 544 349 598 845 714 94 348
995 771 433 167 521 862 509 201
218 46 556 166 262 305 181 646
876 591 839 375 287 42 30 548
24 941 566 912 360 479 868 151
27 896 38 257 430 972 708 577
431 99 844 309 128 651 348 159
426 133 70 217 569 97 109 961
888 496 205 626 952 402 758 916
267 197 444 667 961 469 604 886
582 184 895 445 804 497 464 891
439 961 221 237 214 917 74 612
698 540 721 751 177 641 971 267
389 603 631 774 68 473 870 139
799 482 773 923 481 525 833 610
545 544 261 938 950 825 318 829
280 805 656 258 369 29 50 969
382 975 811 239 775 44 662 313
562 290 26 152 504 438 412 726
51 976 281 688 799 635 435 954
941 399 688 860 895 564 497 622
506 54 395 580 217 330 760 431
766 933 83 89 949 652 677 984
412 949 453 463 440 951 860 248
482 221 908 110 474 55 880 384
365 993 923 804 701 874 723 589
621 439 642 262 382 81 829 472
877 906 72 126 219 76 188 803
70 27 330 834 671 705 194 342
0 206 298 727 60 578 333 590
299 803 527 796 9 910 646 83
94 394 947 257 958 690 358 957
91 280 25 542 800 788 918 283
701 542 415 262 762 605 978 131
725 718 747 696 887 957 12 896
499 86 81 275 13 296 145 191
621 244 958 469 616 95 882 284
551 481 27 639 774 268 207 846
882 574 593 200 312 10 368 783
76 567 49 93 237 347 924 528
271 334 334 746 409 972 623 549
419 859 603 461 749 651 707 683
698 835 157 695 656 82 111 79
371 576 279 867 192 768 436 903
285 442 686 745 27 565 499 229
945 952 704 503 523 343 353 722
61 319 400 650 315 842 207 276
382 581 407 318 620 838 189 840
839 669 730 56 769 295 753 95
543 53 988 643 580 639 335 974
590 172 247 854 11 618 565 979
798 393 789 680 997 926 622 492
979 850 518 422 618 577 17 772
485 858 82 692 601 999 547 691
817 244 158 836 472 81 225 754
616 102 739 51 277 440 116 913
650 222 52 260 181 139 328 476
567 100 619 834 40 327 558 22
195 714 619 52 834 331 402 468
773 890 369 273 83 456 356 463
630 57 640 246 405 963 315 414
421 954 489 344 308 584 731 861
968 689 371 797 856 839 285 11
922 558 109 425 298 859 618 958
161 891 33 557 735 346 105 676
330 643 268 27 367 79 298 907
942 805 214 705 19 602 425 893
653 96 450 369 286 365 129 612
235 787 838 576 790 808 422 592
211 220 318 381 557 359 822 748
611 791 193 475 269 531 510 500
840 51 363 849 551 477 224 180
487 898 382 143 75 813 155 463
565 888 230 957 620 829 731 609
989 566 838 864 696 162 999 196
167 982 832 81 325 635 441 569
873 164 611 567 718 324 305 119
573 750 238 817 540 618 244 690
27 784 872 681 377 120 270 434
660 508 981 365 588 260 786 644
952 915 279 188 103 874 637 115
713 224 183 559 564 517 463 307
146 812 554 155 493 779 701 887
690 407 988 216 823 550 191 264
879 42 53 84 867 571 840 72
997 770 88 941 204 388 850 976
168 623 970 503 803 994 743 204
867 996 646 603 309 144 84 386
498 833 278 857 951 207 829 5
66 536 340 839 1000 690 47 719
398 84 227 754 11 259 642 162
169 776 410 309 703 109 519 528
617 146 345 68 41 280 302 1
527 106 341 813 653 565 826 362
301 534 481 7 577 427 322 383
436 193 700 232 196 956 562 280
950 73 990 508 382 658 863 367
547 527 2 342 759 755 427 572
322 200 747 651 164 533 242 113
576 156 813 238 191 247 453 776
778 832 797 831 640 162 235 499
997 193 463 894 361 338 51 974
362 454 234 229 707 716 177 162
967 590 607 801 224 251 837 746
105 128 211 407 946 61 371 158
412 355 669 622 574 734 907 805
291 854 748 235 578 647 440 733
107 465 661 465 122 284 866 242
971 51 704 371 758 312 837 809
256 434 302 843 763 415 851 229
988 41 950 850 23 166 44 347
337 999 344 634 592 778 111 764
415 164 445 680 410 326 128 761
322 693 376 677 783 602 202 253
708 89 415 606 617 775 346 973
279 38 485 547 957 36 872 32
393 329 902 884 898 109 805 19
578 76 718 46 819 903 595 484
830 347 809 711 900 742 742 47
198 242 438 879 203 793 31 239
990 530 999 331 908 971 744 824
405 424 583 410 912 284 278 607
70 25 339 294 466 851 278 884
18 660 78 424 307 82 230 722
574 607 620 230 352 70 724 51
116 739 486 255 298 612 471 909
308 130 321 296 7 525 430 856
230 187 343 800 926 338 498 146
677 57 274 697 533 851 750 171
416 502 427 688 119 765 370 60
628 140 966 846 230 340 486 8
100 55 661 432 156 634 597 677
286 42 13 35 532 216 299 661
482 853 748 795 972 733 905 70
697 745 54 447 968 943 114 848
20 510 108 502 873 761 164 852
74 546 428 409 176 487 581 53
320 501 909 216 841 67 913 892
452 103 659 490 437 217 4 530
310 127 709 705 244 319 471 92
319 198 91 97 58 292 986 544
11 303 578 565 816 759 795 117
991 792 113 998 614 726 665 756
938 616 745 433 549 863 137 149
248 399 294 186 205 223 287 423
344 731 705 379 189 148 31 886
538 237 200 595 728 35 131 282
752 52 696 30 266 21 314 953
815 27 887 272 42 912 285 688
777 930 844 852 423 3 788 768
257 278 112 151 557 227 541 713
852 860 313 282 849 751 374 485
351 512 404 869 632 806 439 642
19 885 687 285 219 805 314 869
0 587 657 497 688 347 912 907
311 67 518 656 911 266 70 873
147 927 343 998 315 979 473 757
900 86 796 198 681 467 106 7
553 338 841 326 417 156 199 400
407 765 207 358 886 824 800 104
208 200 155 660 714 854 275 155
774 645 990 238 116 776 240 250
20 128 291 801 830 795 893 443
857 380 394 755 830 816 138 997
962 863 113 575 464 408 5 957
676 745 781 423 942 357 902 340
1000 527 7 424 524 897 343 38
959 293 962 672 313 734 9 129
297 911 596 90 316 945 264 271
76 958 723 349 504 680 946 71
538 364 290 423 938 636 668 320
61 308 340 891 140 587 542 907
33 3 736 300 428 600 800 588
270 66 674 12 910 839 177 318
779 400 530 934 319 939 972 162
98 399 227 616 588 821 725 233
156 692 525 141 175 27 636 825
484 937 147 521 35 829 507 583
658 58 508 444 672 600 202 684
453 428 577 797 267 120 246 637
521 940 399 709 888 598 542 1000
447 84 610 97 920 381 748 382
577 280 551 790 206 345 182 193
14 750 679 990 541 117 597 739
891 52 921 880 516 36 375 571
564 848 806 683 664 783 946 350
795 105 398 688 632 840 700 22
37 996 807 565 759 704 424 365
120 866 916 342 551 846 186 896
228 128 777 505 970 324 809 639
667 565 988 976 335 819 714 429
456 807 505 97 203 64 991 566
634 791 24 200 760 857 670 28
361 537 582 226 841 263 790 244
303 354 237 200 125 372 22 109
809 0 683 822 488 697 606 313
693 362 573 560 332 86 736 338
968 659 951 676 577 178 275 500
729 74 270 990 509 516 643 287
692 342 195 508 426 446 944 186
464 440 729 146 543 512 484 525
888 826 750 279 464 813 717 846
105 477 312 811 231 871 440 376
542 319 297 756 635 487 326 629
920 600 77 249 208 127 49 609
192 527 718 347 361 187 349 625
739 877 987 597 285 950 440 801
410 136 451 856 681 246 941 201
354 44 105 884 990 419 424 718
391 261 142 195 610 243 827 758
187 604 605 485 843 575 145 473
26 352 441 38 12 501 788 616
522 988 440 213 839 901 333 324
338 218 984 50 961 715 897 459
105 827 862 872 541 738 735 874
693 405 594 900 361 454 249 97
312 589 884 126 777 582 388 477
452 116 90 540 892 348 159 264
48 864 733 419 915 447 822 666
504 161 637 871 336 231 886 444
227 105 156 331 21 870 102 907
864 468 728 570 70 443 286 821
654 700 638 499 434 58 185 503
957 261 73 441 861 604 976 208
556 153 924 174 232 670 927 167
370 128 541 396 773 704 864 560
999 886 987 101 977 342 209 827
287 194 201 592 349 113 287 316
884 734 484 748 914 41 213 928
317 380 175 369 75 906 266 489
995 160 0 196 341 456 957 754
254 230 469 641 988 653 766 68
654 992 694 907 828 943 563 53
753 307 352 67 33 510 871 869
71 367 113 899 872 943 917 88
979 833 1000 424 581 308 623 263
58 793 589 379 559 684 494 38
658 466 41 332 237 537 122 967
187 334 553 765 808 513 731 755
705 532 512 348 211 690 603 234
648 979 652 975 170 755 746 217
653 632 215 357 298 747 857 317
749 140 918 68 586 73 110 952
636 926 433 302 661 706 960 951
613 558 832 8 340 860 108 69
28 765 29 734 441 923 868 982
403 601 813 981 811 722 222 111
788 568 550 677 981 697 380 43
382 436 471 263 587 351 637 68
436 604 760 489 21 993 556 44
81 353 244 504 909 425 639 438
445 127 505 211 350 995 670 745
637 83 437 521 420 249 400 952
917 176 469 276 351 497 60 187
444 94 361 902 658 540 729 800
470 260 656 727 772 534 393 612
29 460 478 24 543 997 743 60
670 155 4 208 414 290 375 379
304 420 194 365 182 994 200 909
638 989 119 233 686 208 127 385
196 449 617 204 892 578 460 511
25 886 524 618 747 807 813 860
691 11 100 26 40 467 143 842
667 945 81 555 279 348 502 390
674 307 753 647 308 222 152 529
911 193 41 554 306 709 98 177
554 62 278 632 527 26 918 725
535 67 689 933 493 340 949 81
581 650 370 489 338 721 225 941
954 505 202 16 651 653 63 664
81 549 170 458 409 0 40 128
880 585 278 551 463 499 867 363
913 87 861 305 399 439 914 167
229 877 355 203 298 629 0 531
105 689 54 749 857 861 981 827
160 774 78 378 444 308 195 565
158 227 370 35 455 339 79 788
800 90 474 152 777 302 331 602
569 908 195 838 536 455 959 448
964 135 233 405 913 96 954 819
805 521 787 322 842 301 715 970
49 294 584 971 999 522 302 747
55 965 808 319 949 626 838 468
462 312 869 316 557 513 660 848
947 463 431 176 587 97 946 425
763 319 423 455 819 890 885 870
536 775 749 760 345 811 669 891
981 872 686 505 302 500 93 495
103 818 519 156 222 914 605 330
922 662 736 939 48 850 583 75
728 987 992 769 193 808 866 991
739 405 988 916 806 819 859 395
243 240 179 74 942 521 600 864
998 871 788 196 570 125 735 436
356 991 806 143 425 467 493 320
308 876 822 414 643 311 323 621
426 152 406 365 638 34 106 490
361 309 562 280 621 471 709 917
142 941 504 143 666 876 217 768
725 876 906 918 285 629 561 320
135 731 216 90 231 418 680 744
430 593 682 71 807 340 559 901
401 671 488 617 120 106 58 211
208 258 341 524 465 384 575 597
72 404 568 688 730 35 37 658
856 634 997 630 314 523 11 377
253 388 559 754 517 249 596 606
677 731 822 297 517 514 752 722
297 3 439 70 453 675 942 51
859 598 359 245 318 920 939 690
458 785 41 281 131 671 656 741
234 249 386 847 41 413 724 937
964 868 849 147 959 263 144 368
988 106 127 612 754 854 638 383
703 233 264 210 814 26 448 636
671 82 385 953 821 76 533 327
674 161 762 876 419 102 893 487
603 244 376 464 629 804 493 504
665 313 680 664 636 224 395 143
866 285 466 397 539 583 232 658
406 189 337 559 969 55 329 613
983 7 743 869 225 996 549 579
163 175 781 41 260 608 466 944
780 525 290 879 214 181 554 708
576 364 53 732 5 978 923 614
798 836 854 620 336 241 365 610
630 550 115 400 911 961 61 358
631 804 795 499 720 351 52 892
227 532 407 334 817 176 178 439
657 440 356 45 291 231 651 748
160 165 128 864 900 472 197 247
116 237 238 576 172 343 184 963
977 598 505 212 808 990 930 105
938 56 60 653 403 899 397 473
601 501 485 780 534 5 251 31
264 672 548 392 564 93 675 34
636 812 533 918 680 975 439 285
998 21 646 1 512 315 779 354
734 299 89 394 427 237 155 965
990 340 897 142 250 232 750 97
329 981 513 200 208 657 302 219
249 827 465 959 819 356 553 678
390 217 462 743 298 746 220 777
324 396 6 654 346 714 793 838
964 956 991 137 515 623 59 671
808 148 173 810 251 261 637 296
607 32 805 989 90 624 798 671
64 255 924 785 132 183 513 742
813 667 298 4 148 650 370 606
596 299 701 215 24 987 706 121
374 391 378 974 261 345 155 920
680 34 447 626 682 218 668 194
476 889 144 532 585 804 890 65
136 7 781 392 837 566 213 526
660 609 241 283 962 787 185 260
693 735 69 188 193 303 486 551
944 228 767 553 557 405 48 26
364 162 335 77 391 80 647 443
239 116 640 277 890 288 668 508
776 178 979 101 45 271 113 558
163 718 558 438 67 563 827 268
744 760 200 8 110 529 619 727
939 925 306 15 754 171 180 26
931 472 960 158 291 479 378 342
706 26 981 212 19 367 171 899
558 41 833 979 942 213 371 512
825 155 56 926 593 314 502 293
264 480 704 313 101 692 164 44
150 2 963 568 790 559 701 48
667 511 532 707 548 672 970 236
188 394 687 470 717 385 77 346
231 916 853 707 789 362 814 62
799 367 364 305 192 272 421 191
132 176 1000 569 444 363 299 692
181 680 331 391 443 298 805 829
786 234 538 753 479 477 192 301
769 784 789 741 42 596 683 305
16 3 13 630 857 391 840 826
667 658 402 226 987 327 107 947
586 532 374 150 28 632 971 827
319 812 310 162 618 368 988 751
42 718 751 979 342 163 335 60
374 910 787 711 640 76 198 884
384 726 231 664 89 513 726 413
872 999 325 285 996 422 802 156
746 778 921 355 303 718 252 314
168 977 610 366 798 544 784 933
539 428 876 656 230 337 375 1000
149 865 946 838 770 502 786 827
28 651 981 444 220 694 931 354
110 558 258 120 425 463 655 961
42 963 126 177 267 789 772 502
783 907 430 3 784 703 183 498
900 916 246 280 264 847 357 108
818 720 209 633 838 152 573 18
623 194 506 559 508 92 668 802
707 365 994 400 163 429 664 379
997 979 269 539 668 325 684 327
337 647 557 280 562 51 638 417
871 452 895 858 21 887 502 185
309 214 382 237 589 109 578 395
696 742 314 147 352 755 386 347
272 343 965 620 393 567 714 606
624 682 883 210 639 316 642 245
751 593 162 47 290 916 93 715
356 326 715 734 521 459 765 831
142 670 319 808 686 177 611 703
956 673 549 908 320 757 860 762
650 912 291 423 630 176 432 704
74 282 771 645 121 750 899 762
229 499 581 70 757 596 1 587
914 179 989 8 70 167 965 815
780 546 147 66 106 27 593 631
760 551 358 273 629 715 606 342
203 342 795 257 1000 967 881 828
632 53 705 693 877 839 910 412
37 627 926 529 421 71 910 965
122 777 930 239 726 54 107 826
791 823 37 181 672 408 507 264
376 717 445 553 613 590 944 472
500 223 404 393 785 644 957 233
339 662 415 49 232 415 812 712
763 140 450 244 227 819 490 898
130 181 257 963 834 465 559 706
814 155 811 168 587 597 612 311
43 661 387 76 803 584 408 288
600 599 692 678 625 921 469 607
129 707 358 63 146 999 476 187
748 125 895 237 495 824 850 423
800 619 556 578 270 682 666 574
480 712 140 960 124 626 364 646
781 494 149 152 618 267 259 634
210 651 451 364 780 154 60 701
598 824 252 626 4 23 548 718
473 30 232 101 544 79 806 829
30 58 49 403 954 175 873 578
759 334 242 198 264 144 694 78
303 254 499 874 572 569 424 943
659 735 531 486 510 654 549 79
532 569 304 393 640 604 989 73
883 140 375 308 679 384 148 392
918 673 747 645 946 108 991 975
146 202 22 282 731 606 560 443
733 877 418 100 6 868 240 891
76 398 279 912 444 645 569 318
998 693 683 996 506 816 995 136
187 725 426 279 150 138 603 445
830 139 425 310 390 783 406 184
618 737 998 759 642 64 697 886
26 777 59 635 193 601 106 694
226 259 900 457 320 22 113 530
329 928 987 261 235 165 352 850
622 826 839 191 231 561 163 323
190 397 894 558 225 206 971 485
513 645 499 478 872 496 999 855
335 374 855 929 673 647 582 38
145 312 578 936 953 242 986 399
801 266 587 795 651 347 445 447
997 984 322 8 822 473 236 228
680 226 233 262 190 19 75 547
233 141 310 569 102 266 41 874
422 159 20 722 698 5 619 57
934 452 584 0 420 483 980 194
332 531 222 141 249 870 626 184
696 911 198 917 993 886 153 174
247 733 320 366 343 184 889 552
523 817 516 459 155 804 340 442
1 864 499 398 641 996 825 193
337 797 284 568 706 813 759 445
844 684 255 33 276 314 628 318
97 788 32 861 902 431 233 487
126 529 453 30 168 175 111 19
51 161 244 828 305 157 329 181
724 893 375 313 722 42 963 963
97 237 72 35 237 914 929 88
118 836 626 702 867 746 412 880
843 765 829 423 455 445 588 75
145 312 202 969 683 845 17 12
959 558 54 25 183 980 306 446
750 511 737 291 168 681 578 289
719 452 250 739 930 621 207 307
99 718 841 284 440 221 311 919
318 511 587 493 553 373 498 486
536 313 711 493 635 937 511 654
890 901 168 715 656 170 684 422
518 825 732 497 482 807 847 925
898 173 390 75 555 399 768 104
558 987 933 491 130 248 787 902
650 497 544 86 783 780 410 928
848 852 961 148 453 626 477 664
421 968 851 473 582 674 787 663
866 592 118 591 328 713 191 366
570 895 299 449 112 238 726 698
22 649 104 728 849 746 797 87
845 585 920 973 172 339 254 23
300 852 57 667 827 234 542 314
916 457 349 747 769 76 332 596
381 979 135 834 751 936 436 89
164 385 437 58 575 125 668 653
282 911 107 275 781 329 515 194
761 926 983 212 518 456 862 118
242 33 223 988 661 433 336 924
165 936 79 557 842 325 743 864
193 11 3 440 472 156 494 243
372 985 467 468 369 306 622 823
952 319 2 699 711 443 907 715
279 774 128 348 123 739 368 834
370 322 332 917 467 927 875 224
771 572 644 971 96 78 887 750
66 629 382 719 463 87 704 435
830 948 80 483 93 609 972 606
583 838 295 763 81 218 398 416
791 587 648 852 695 98 236 246
601 594 284 64 543 690 797 71
302 395 567 483 471 924 983 365
612 55 9 677 284 571 201 450
441 553 281 203 892 408 541 678
742 931 659 334 780 87 393 38
216 727 549 647 386 475 845 375
236 593 941 36 406 955 123 282
433 350 239 71 467 438 558 374
615 994 540 288 594 346 792 674
738 272 99 156 313 254 87 111
256 907 573 954 819 485 629 517
251 402 532 410 837 928 711 555
174 592 997 672 658 764 696 802
494 327 447 958 185 30 281 354
865 960 569 239 389 613 231 334
395 954 931 758 437 450 177 368
564 121 905 495 115 939 972 118
422 66 997 546 790 400 492 987
196 42 8 835 154 332 91 710
760 907 423 119 542 922 681 251
485 169 632 74 271 116 999 160
14 679 449 730 25 96 64 584
433 818 922 974 81 471 278 157
781 186 303 867 852 652 433 963
661 896 792 650 270 486 913 716
878 757 810 809 138 182 486 211
634 657 100 36 215 906 312 471
611 304 519 412 161 950 383 910
526 142 284 112 40 208 505 73
800 767 142 710 750 728 739 924
832 988 136 364 112 737 306 978
568 630 313 716 517 736 609 760
27 32 409 898 83 428 505 432
42 346 6 809 806 912 371 718
959 648 840 704 314 34 666 509
803 937 836 164 674 840 486 543
789 147 393 512 916 330 709 776
85 183 957 209 611 742 607 932
5 520 80 683 354 771 937 112
840 452 156 876 195 336 369 500
837 967 194 821 749 116 380 8
47 351 645 139 446 196 96 439
564 667 24 44 837 871 834 181
2 520 777 994 975 638 863 123
406 37 352 330 39 297 626 103
241 426 358 14 911 385 862 254
177 87 831 407 785 517 424 848
423 901 820 866 620 848 232 25
531 887 972 897 340 41 212 445
725 199 209 947 575 21 360 99
116 976 19 49 391 298 822 501
45 187 836 436 418 868 794 351
650 964 153 522 140 870 472 98
501 192 909 931 517 319 847 835
91 162 790 317 463 723 813 16
515 665 495 842 856 988 372 23
977 162 45 527 763 235 465 100
425 464 730 354 8 885 535 318
893 108 431 900 785 903 515 609
854 419 799 317 176 823 565 703
343 147 966 748 878 805 906 122
257 743 543 892 366 450 317 46
57 474 18 638 246 288 722 705
851 632 862 778 95 899 880 457
360 424 811 912 326 204 68 806
769 26 957 37 925 895 174 118
298 805 903 164 759 502 873 910
3 19 765 4 85 262 695 27
429 721 64 716 214 15 557 398
341 192 987 226 106 362 928 69
794 873 738 694 395 323 49 133
878 286 728 691 428 73 47 488
930 145 414 133 943 706 638 348
589 336 690 368 332 229 808 671
521 280 910 858 954 596 804 524
324 911 417 281 863 665 273 108
294 250 771 927 523 407 708 848
591 351 741 215 92 82 783 232
943 538 38 757 85 555 938 885
898 209 547 247 560 524 828 408
675 300 909 145 245 375 311 750
969 618 167 242 424 844 626 806
442 823 99 197 823 770 834 596
998 34 907 506 807 468 8 290
271 584 738 113 441 443 387 457
694 57 581 986 143 614 277 79
524 435 108 433 935 713 855 303
79 742 116 405 979 666 386 124
731 474 551 313 239 279 775 8
328 669 871 240 361 441 664 833
191 948 192 853 313 714 448 670
790 157 486 465 540 817 110 542
323 778 443 710 231 423 472 878
455 617 32 825 756 992 735 76
670 512 663 2 865 629 197 136
237 304 387 266 135 188 890 710
41 21 984 922 164 534 506 646
547 577 128 573 603 214 743 984
641 723 16 504 53 213 465 907
562 38 355 138 130 953 71 145
348 977 981 154 749 774 617 89
689 753 963 659 363 235 294 786
950 770 966 550 522 219 381 943
465 80 622 130 3 470 234 622
575 331 995 499 63 342 503 951
969 334 683 690 443 477 157 374
961 423 291 620 767 80 733 467
229 442 802 82 953 440 182 108
53 62 367 161 59 629 355 339
866 548 32 142 546 755 230 251
424 714 335 339 605 130 296 830
393 123 800 437 17 160 238 412
492 684 562 837 819 153 59 65
357 614 212 902 740 647 869 737
748 918 137 287 825 460 895 185
42 926 865 823 765 526 995 680
484 711 391 431 398 666 41 418
509 619 976 471 249 595 215 710
591 282 424 890 510 874 29 12
339 626 440 303 877 14 262 84
304 792 81 45 246 682 21 507
616 780 961 42 955 444 405 877
559 835 807 92 938 149 66 851
159 496 811 435 476 905 132 850
248 835 81 275 765 314 767 531
50 369 586 995 45 967 315 442
158 607 67 430 176 495 774 525
353 976 468 959 113 74 298 303
807 969 17 253 770 898 130 292
516 371 706 502 204 882 39 695
285 406 391 42 377 827 374 41
673 458 629 433 837 496 505 323
536 153 394 483 194 381 447 533
35 99 917 444 648 866 565 208
60 475 157 208 286 472 648 737
212 613 444 469 241 69 589 219
631 360 380 229 926 731 259 101
697 373 954 399 366 930 476 298
706 84 798 243 613 70 555 489
986 864 190 470 789 382 276 394
886 641 918 856 191 805 178 246
345 788 297 409 707 526 219 441
684 287 84 309 835 986 909 730
985 322 710 138 861 43 242 957
861 347 970 751 747 844 228 241
299 424 137 624 930 131 654 387
291 674 701 22 801 239 0 666
19 98 153 690 43 562 855 948
565 949 717 161 153 371 447 457
635 344 409 810 150 13 574 181
650 814 531 77 227 239 967 170
968 891 272 830 605 131 1000 495
53 45 18 661 280 481 43 560
217 790 870 816 487 791 817 697
189 796 373 182 523 245 177 563
570 31 945 552 407 180 912 713
618 961 422 936 939 425 685 194
513 265 80 265 67 273 29 705
455 495 774 213 477 75 79 747
506 586 450 964 482 164 560 887
956 481 210 124 380 113 704 496
225 96 168 683 889 911 214 669
561 989 676 576 877 921 228 689
405 42 802 65 675 207 915 428
800 993 66 116 616 146 481 915
494 810 785 693 612 622 251 263
61 933 327 223 478 32 428 634
631 754 731 183 415 985 977 41
503 881 139 735 686 799 330 84
960 245 953 423 926 289 917 938
793 43 864 875 876 657 484 442
569 481 462 326 556 641 164 449
594 292 590 506 632 298 329 808
279 108 61 634 55 604 259 693
829 623 255 67 653 807 807 448
7 717 55 275 747 64 755 965
101 219 753 197 793 263 190 243
444 497 455 46 568 199 257 540
48 273 537 63 686 982 197 663
622 989 601 357 982 582 985 597
981 705 533 770 893 5 750 943
986 274 928 322 251 441 822 588
481 591 750 22 224 95 476 43
87 144 545 465 989 460 983 949
380 677 729 708 8 54 268 805
678 836 878 562 883 410 964 741
237 422 74 856 71 709 925 214
66 810 295 599 86 600 683 328
381 581 411 40 243 802 249 419
90 878 531 455 234 809 819 62
119 54 956 736 653 953 346 202
571 554 739 322 543 548 99 51
40 974 514 278 231 540 303 717
35 737 737 331 812 609 953 979
429 687 592 403 936 255 409 742
568 415 289 845 851 872 892 600
542 542 460 905 908 923 338 288
393 388 689 707 596 435 841 261
797 879 928 826 907 861 762 663
298 874 581 672 366 830 607 420
20 763 282 10 249 840 835 116
960 992 338 760 958 502 989 332
986 403 924 603 620 380 641 875
10 74 507 839 440 137 465 928
37 956 123 61 349 515 596 674
367 470 58 559 435 73 766 545
762 867 261 778 933 619 922 892
14 168 448 138 191 409 477 476
519 224 540 668 751 322 569 471
652 982 318 678 487 386 97 292
828 304 1 212 422 31 541 584
287 577 634 860 82 711 970 682
352 480 23 318 26 294 571 592
355 321 710 486 474 35 234 537
669 586 681 619 459 956 736 577
472 372 700 617 160 469 873 113
245 417 581 244 560 553 596 463
550 146 286 705 676 508 958 605
644 864 790 320 505 316 85 407
843 640 476 40 471 298 375 790
790 943 70 772 982 797 8 383
847 842 612 582 637 924 605 951
553 274 878 71 429 483 928 554
601 536 582 933 939 91 510 19
800 509 510 250 849 562 335 517
884 301 527 865 431 797 439 95
356 169 677 496 115 369 804 288
713 833 810 367 395 678 844 794
187 669 50 407 534 568 964 804
978 344 237 961 1000 509 915 516
940 23 704 699 179 386 915 195
35 547 528 118 391 599 801 38
572 258 339 839 613 694 846 815
78 897 942 83 613 997 860 580
902 947 97 906 345 61 882 226
73 721 903 577 324 506 334 584
594 764 428 36 480 720 742 545
294 99 965 786 10 143 82 215
20 286 188 866 712 667 539 463
573 7 559 745 639 835 978 470
487 540 65 359 792 164 670 616
712 3 28 296 702 316 770 712
288 348 487 674 11 715 777 198
697 812 84 693 949 573 978 972
27 621 918 307 326 464 659 821
479 372 827 889 525 945 304 113
983 976 273 539 315 97 537 872
222 565 325 1000 82 629 712 819
243 208 534 434 124 249 619 499
877 366 408 470 648 716 46 335
103 406 374 693 433 949 188 170
543 502 44 387 389 899 325 459
369 754 985 783 810 544 360 124
28 23 100 760 412 207 693 268
93 408 294 812 741 301 58 332
763 596 621 153 242 319 695 350
398 960 757 753 219 788 683 724
853 537 606 892 516 142 438 514
187 615 946 924 787 803 245 573
329 182 584 930 251 106 894 593
125 796 818 131 535 969 464 217
644 180 741 554 769 348 354 971
555 759 509 144 621 43 734 145
105 908 900 436 442 711 418 162
592 2 190 889 405 405 275 640
854 519 114 581 532 599 681 951
869 749 694 342 192 19 762 513
998 421 491 614 894 75 614 513
575 125 525 75 617 379 280 359
709 473 830 576 240 40 282 901
386 292 381 316 28 40 983 799
362 423 749 479 738 223 629 807
161 921 411 208 732 673 88 734
78 85 277 672 223 571 880 9
835 483 861 360 364 615 724 928
91 157 172 474 187 127 42 468
987 589 740 445 611 13 907 687
906 741 101 828 383 356 425 344
992 690 739 763 474 793 313 600
432 355 502 674 150 356 265 996
522 718 931 201 561 994 413 190
30 872 187 731 993 835 629 404
643 272 156 55 99 50 949 320
229 724 843 888 702 534 691 757
841 205 362 486 711 677 132 447
233 966 674 632 805 708 447 121
72 437 855 318 376 16 530 187
229 915 285 562 862 395 253 999
914 188 533 54 323 451 363 651
810 956 60 833 112 17 555 703
247 217 334 20 6 493 112 944
255 261 739 128 840 129 545 609
806 431 857 417 510 543 399 279
985 456 186 325 417 378 159 971
781 952 126 817 806 141 927 837
921 415 81 197 387 669 642 12
876 782 483 478 862 899 88 992
762 76 247 691 505 927 652 221
212 831 116 273 749 636 915 235
53 114 170 389 326 768 480 626
879 284 432 949 399 294 684 16
15 279 286 295 580 93 714 520
313 853 708 767 262 765 624 896
610 180 282 964 957 77 528 370
170 224 340 580 296 292 604 207
210 916 553 432 176 129 729 180
187 42 843 614 132 740 687 178
545 368 963 992 446 180 997 193
731 545 504 778 383 889 184 488
661 220 41 114 941 303 401 459
436 394 863 606 790 142 447 744
852 440 218 693 188 176 843 132
941 495 202 42 506 589 416 619
82 912 311 316 465 51 928 806
535 692 153 641 206 377 850 522
822 177 327 386 38 612 678 860
85 349 402 172 901 606 438 137
797 654 850 643 980 190 741 789
326 707 539 441 586 772 25 384
872 405 108 549 696 440 665 17
207 810 63 966 736 37 183 303
612 472 571 464 216 410 684 468
541 518 861 228 113 425 728 294
257 402 889 858 800 487 549 816
123 206 262 547 144 29 740 491
46 10 3 362 979 417 177 912
747 692 948 942 687 533 79 146
570 371 114 412 333 723 560 149
921 337 567 795 104 50 875 613
682 920 408 173 683 462 332 856
263 998 474 602 283 465 521 452
233 58 593 841 189 528 165 814
646 284 643 963 12 797 140 658
835 336 906 806 107 243 92 94
311 518 823 12 697 502 13 716
812 339 411 486 824 431 507 785
891 758 821 280 697 840 565 179
549 443 65 450 88 660 509 388
373 666 736 751 789 954 219 962
351 998 136 751 802 592 650 273
93 133 851 315 725 726 367 496
360 617 184 418 445 304 133 523
984 411 554 55 760 338 473 710
718 242 307 500 861 977 272 158
667 151 835 810 233 130 868 350
12 925 135 234 93 316 503 496
525 422 673 630 219 385 129 473
918 189 649 160 885 85 859 31
538 197 325 287 531 210 50 677
176 795 748 25 631 352 936 141
713 888 466 113 617 620 307 518
74 660 912 602 750 920 592 194
40 475 534 829 619 297 981 893
207 741 264 477 600 42 359 825
242 474 243 116 531 672 614 653
215 236 844 858 79 22 207 736
218 464 546 27 286 275 417 808
665 834 489 480 430 92 880 407
558 557 374 626 963 578 420 829
857 143 827 401 180 256 529 10
791 820 186 911 293 718 995 271
589 722 226 40 127 698 215 12
48 355 720 476 361 849 308 409
442 674 809 16 232 890 940 135
838 680 970 746 502 732 787 700
104 198 260 134 891 290 185 905
697 576 146 669 5 436 61 449
110 18 745 306 505 492 13 5
154 506 808 104 13 411 328 637
393 712 579 294 179 269 196 810
190 921 480 346 160 13 332 424
356 957 452 285 295 552 452 118
361 397 645 33 847 791 812 638
488 297 729 135 973 371 315 365
888 691 7 632 208 623 977 460
786 247 188 851 964 738 221 284
728 916 480 977 874 645 948 484
792 846 808 102 215 491 492 630
191 700 438 432 390 410 935 934
373 628 669 22 767 836 917 378
859 837 330 341 175 182 847 8
737 842 306 175 298 725 137 191
495 666 417 778 546 987 633 109
257 641 870 37 538 990 490 238
691 677 813 487 124 188 81 844
946 696 550 207 457 552 227 764
962 899 688 593 198 610 217 305
683 456 891 924 155 965 858 946
798 632 953 741 773 482 436 632
517 792 976 528 128 751 595 233
14 359 257 307 560 22 180 653
259 516 203 5 278 724 271 269
10 866 546 144 882 591 520 567
38 49 390 215 80 496 841 758
429 649 315 683 236 155 936 621
999 211 843 999 9 338 499 743
187 669 85 520 15 756 635 292
3 927 909 355 455 17 187 481
661 488 795 158 476 344 948 87
602 313 838 246 281 191 247 683
355 343 724 160 388 367 869 759
408 940 768 400 811 794 773 614
737 176 302 193 920 834 51 916
541 885 185 188 364 61 424 448
858 878 273 877 633 26 922 149
46 427 362 799 542 186 715 945
367 296 431 605 29 263 65 502
76 812 878 678 389 277 575 529
452 851 893 48 811 834 967 303
648 786 567 56 305 848 239 898
156 666 13 466 745 996 595 427
286 793 622 888 796 685 641 756
582 557 927 789 861 871 222 420
402 705 681 682 604 670 242 263
315 607 614 719 724 869 70 406
807 913 4 665 909 396 661 677
763 397 65 849 659 629 567 641
552 743 484 108 750 984 705 478
856 429 285 984 733 483 484 42
84 938 761 683 802 964 541 122
144 387 953 984 729 387 307 317
259 357 392 150 320 816 818 843
557 540 437 387 842 997 780 577
617 544 843 281 554 142 633 640
910 895 877 137 118 62 691 873
701 835 471 34 286 655 745 455
121 526 746 178 28 3 47 866
727 785 614 518 271 697 335 769
129 595 321 539 63 44 758 84
743 586 293 279 185 786 516 507
468 875 447 829 515 982 598 808
905 702 346 358 293 681 815 795
355 785 353 696 46 314 257 741
977 605 632 881 719 959 314 94
539 165 465 764 59 123 224 642
653 558 981 471 928 96 146 287
742 167 94 915 495 247 693 305
7 978 919 306 409 781 556 335
522 558 586 268 129 471 209 390
625 78 911 754 902 456 168 494
102 639 840 510 763 742 754 191
288 876 712 617 704 340 413 551
816 214 966 397 119 648 526 533
409 867 869 550 576 838 371 859
9 339 552 95 20 624 700 112
119 223 683 472 455 608 520 115
186 373 520 598 857 61 2 855
33 626 888 702 499 267 741 782
130 751 476 369 186 102 31 917
653 718 565 340 107 283 78 276
665 515 89 622 130 896 418 624
248 739 646 468 460 174 629 114
1000 861 71 531 218 646 780 460
503 347 636 627 739 605 896 994
965 191 684 436 122 83 317 967
821 323 769 571 542 459 558 188
963 922 87 106 654 350 870 699
784 195 646 578 833 170 932 249
170 417 179 625 609 963 898 310
763 938 492 305 754 379 357 721
643 370 420 251 573 831 136 320
353 388 116 354 303 54 426 907
860 453 774 408 386 779 365 840
283 178 597 781 68 569 42 147
790 492 608 501 12 386 800 420
453 262 888 358 969 890 16 281
665 399 824 27 359 526 357 309
742 359 130 491 296 671 233 80
98 598 649 3 726 617 588 759
690 312 830 600 866 576 549 732
602 88 174 939 117 495 995 569
881 218 427 438 589 459 52 22
512 364 349 600 397 758 540 89
126 681 413 926 515 291 116 888
198 717 508 697 988 399 657 791
576 812 795 421 479 944 189 404
915 536 848 676 579 766 882 14
183 576 76 425 676 187 625 530
691 958 664 358 709 331 39 71
637 278 932 513 924 585 82 380
537 618 838 555 273 139 589 296
797 8 711 673 632 971 734 646
594 597 960 631 329 267 469 378
431 455 599 126 392 188 105 266
539 123 547 951 675 866 604 893
193 522 436 363 219 612 736 596
403 80 791 448 581 571 925 657
846 875 160 7 428 182 59 123
444 490 554 966 973 163 690 918
346 749 519 780 438 977 989 555
989 233 132 890 804 564 648 703
412 191 749 89 520 189 74 194
924 448 609 412 911 735 182 351
241 58 483 707 625 379 950 25
312 149 229 678 126 365 252 779
556 379 964 922 445 842 643 571
293 94 899 920 610 827 560 288
865 119 20 464 635 149 441 40
472 411 17 486 889 834 468 145
688 817 204 188 677 731 95 216
77 848 534 217 20 718 852 584
616 409 140 816 481 451 107 218
294 431 226 523 268 785 58 433
682 405 427 29 874 775 917 218
627 506 935 799 542 203 501 686
729 197 376 306 712 510 197 435
590 818 920 956 778 699 278 85
302 490 95 51 808 562 419 247
574 86 816 316 388 446 671 528
191 466 367 867 599 194 955 296
880 100 536 782 760 510 69 660
58 64 33 764 881 997 687 702
508 420 593 587 188 674 860 892
124 99 137 522 918 252 796 556
561 636 167 222 112 150 64 128
93 591 985 171 646 284 773 669
398 401 561 451 706 859 247 421
523 648 949 763 733 606 948 714
201 862 65 807 666 911 72 785
782 171 121 133 213 147 764 497
966 157 749 950 660 24 632 482
68 932 547 941 419 574 637 185
262 535 557 215 901 269 499 24
48 157 279 235 741 54 546 49
12 446 306 84 593 702 192 604
847 957 940 495 239 913 988 325
558 459 834 279 747 735 793 568
777 812 373 292 131 501 249 330
976 272 744 781 663 650 27 444
919 168 551 333 311 997 75 399
47 781 819 661 719 55 966 268
952 133 313 517 388 25 942 137
416 672 950 145 72 855 215 218
968 300 800 158 916 194 960 655
677 923 910 441 418 945 794 819
465 636 10 234 427 880 244 219
954 796 972 598 223 209 891 495
116 395 789 412 101 475 881 960
991 255 597 877 329 640 65 748
546 726 516 808 106 426 419 893
340 259 653 95 455 721 593 225
439 44 353 270 603 376 613 607
511 696 833 583 25 80 602 759
805 990 67 460 837 428 59 499
547 371 925 521 616 126 92 522
293 538 864 348 691 213 987 468
997 455 552 762 165 805 549 16
506 263 617 474 179 976 757 41
66 284 125 889 673 908 919 309
44 68 118 579 532 855 697 629
223 252 672 816 776 103 768 190
284 658 164 797 459 784 989 15
530 266 208 176 140 300 117 417
69 295 772 500 168 53 436 24
669 98 935 788 402 786 688 841
287 99 18 407 11 436 578 607
203 263 403 869 112 716 523 809
930 84 953 192 278 290 223 373
693 119 280 118 999 946 712 62
480 151 418 440 371 726 810 637
515 215 113 234 242 13 765 790
711 323 716 511 634 781 102 664
980 587 273 654 607 561 509 166
515 684 640 858 756 407 269 82
366 750 224 424 732 901 435 476
941 336 284 956 812 368 630 874
22 360 511 207 639 407 940 163
136 307 818 246 965 978 604 860
364 112 460 356 98 282 88 707
676 222 328 725 94 688 729 189
99 282 540 578 530 238 361 9
598 738 82 1 505 711 95 714
404 692 757 182 227 298 300 865
743 68 579 825 266 267 203 19
213 835 289 541 34 64 343 574
520 982 786 643 74 299 983 842
353 540 19 691 657 383 57 5
563 579 724 425 95 798 278 212
609 354 722 398 116 132 286 71
705 100 621 192 887 196 241 452
252 561 967 914 472 997 89 927
718 334 928 935 686 478 873 501
456 777 795 145 699 355 225 361
6 295 946 968 99 577 101 265
140 914 115 347 837 294 18 791
32 901 1000 851 737 7 155 116
111 42 886 124 259 283 209 530
16 401 741 683 18 585 598 547
640 603 838 145 938 134 819 656
79 466 654 20 391 506 727 249
543 416 25 439 987 428 386 187
864 62 698 209 131 450 982 651
258 994 271 387 536 988 111 828
36 270 31 60 673 938 397 304
467 282 289 636 407 3 583 815
749 868 227 447 169 759 261 489
975 12 69 836 72 233 766 373
429 142 437 169 260 521 71 794
608 616 618 602 686 353 230 863
355 975 53 625 811 417 47 553
12 58 913 529 91 651 956 900
951 596 817 70 62 39 171 0
636 816 827 243 606 566 75 208
892 933 341 817 752 657 153 909
174 636 836 265 388 443 594 622
156 140 925 845 581 520 676 160
952 421 958 711 935 82 148 535
496 98 144 624 885 186 91 810
410 604 66 411 789 966 40 810
227 642 225 172 27 167 775 239
229 93 20 836 56 270 548 520
334 583 706 571 606 349 974 830
487 19 336 751 721 638 642 792
637 695 140 163 566 369 634 480
572 878 927 660 332 952 172 538
691 76 176 710 94 157 534 772
297 487 264 610 638 564 28 544
230 182 244 328 874 93 966 470
56 412 232 10 373 303 259 83
533 131 351 694 21 632 635 751
274 876 116 670 878 385 892 91
85 509 31 249 245 906 552 365
463 637 999 669 832 395 849 187
556 238 952 875 381 469 549 227
637 454 775 27 219 593 371 655
339 774 875 991 819 371 632 818
28 559 950 959 708 37 399 350
698 895 757 874 978 775 509 614
794 278 592 962 59 33 807 373
493 117 931 745 779 237 459 694
807 871 57 58 395 125 922 986
20 805 682 945 916 656 914 550
195 946 538 959 605 866 824 1
707 22 734 384 68 745 832 661
725 985 112 833 531 315 614 788
237 193 853 827 244 996 805 216
50 583 170 131 646 994 823 568
322 18 981 785 811 883 87 168
373 965 929 942 540 336 350 128
799 386 610 526 208 556 411 836
56 945 779 275 181 411 233 181
721 26 552 977 17 799 904 828
460 103 979 972 235 284 84 157
654 634 217 505 149 674 292 230
993 160 370 861 545 521 721 233
472 740 659 551 494 272 720 864
357 936 283 152 115 57 428 59
254 333 321 889 198 967 169 380
790 885 176 443 391 392 88 498
453 516 744 251 886 677 999 61
712 256 354 915 835 603 65 748
638 231 998 523 14 924 738 411
621 932 30 613 4 432 882 997
863 707 504 799 687 937 949 898
318 845 822 287 550 363 799 854
570 561 558 989 410 9 895 711
915 272 669 763 533 414 426 704
417 191 860 385 457 680 464 680
229 691 272 341 756 848 660 820
647 235 686 1000 392 358 571 611
81 439 587 301 336 480 753 947
718 55 182 931 665 907 746 266
745 507 290 882 999 492 87 167
379 522 580 176 790 437 640 707
884 160 105 538 321 108 956 541
637 83 805 798 854 489 561 637
145 29 439 542 94 892 492 99
174 961 689 926 835 759 18 458
114 733 580 192 945 199 239 965
558 719 94 806 816 624 724 691
900 457 194 252 343 964 971 841
283 164 1 911 584 726 492 427
780 234 685 596 533 489 559 254
821 97 851 981 472 59 828 166
711 593 3 704 460 666 314 746
476 551 355 642 507 1000 417 312
730 608 721 866 728 806 374 796
656 758 913 158 285 83 17 759
732 200 913 551 562 21 837 678
945 734 1 894 268 446 12 921
695 506 99 721 524 136 166 49
824 662 852 189 447 604 674 712
954 564 986 111 759 330 502 368
640 93 670 881 715 833 751 477
183 773 472 225 855 423 459 396
964 77 948 31 614 424 636 322
38 112 917 106 582 536 572 329
160 603 649 76 138 843 836 227
921 990 805 250 423 95 604 173
788 917 359 489 590 588 150 917
44 163 853 536 447 197 0 250
672 874 826 572 467 718 936 139
98 906 832 320 458 990 352 340
993 467 651 585 332 651 365 133
180 849 450 1000 518 313 382 621
513 953 781 1000 765 640 447 842
209 708 677 477 808 136 919 758
810 496 183 568 102 850 985 993
707 380 83 853 739 335 893 380
22 531 755 732 332 964 110 790
191 779 840 388 333 406 478 89
3 795 634 571 795 889 985 185
839 756 494 490 564 391 27 286
298 329 32 260 309 798 465 973
14 546 506 232 349 995 737 53
622 55 719 564 329 551 799 373
374 352 366 124 909 844 656 358
358 427 391 132 487 977 383 479
9 806 471 844 187 92 369 918
66 118 354 831 75 236 688 523
50 219 970 794 928 970 222 311
706 557 79 946 271 739 282 157
568 562 19 532 334 936 735 206
428 633 537 450 504 311 550 392
104 429 413 383 996 943 111 941
601 259 769 793 795 211 908 502
746 956 952 774 650 112 136 587
694 206 425 215 815 783 131 780
58 555 927 464 412 478 138 762
404 549 21 677 335 959 261 684
53 5 304 601 104 698 753 291
863 457 948 410 556 502 943 140
974 143 20 82 73 259 51 181
792 470 783 893 260 801 784 475
831 399 101 605 47 551 11 41
339 901 192 97 14 916 388 783
491 924 699 285 325 720 557 842
782 707 334 131 838 592 859 659
705 314 725 451 237 218 542 590
735 537 575 907 237 363 775 556
830 275 247 370 402 430 33 682
466 482 800 869 941 968 150 662
89 462 245 724 974 460 250 77
710 788 984 75 52 213 516 988
852 214 427 0 927 404 215 914
342 909 160 956 880 352 556 912
197 776 663 967 287 786 416 13
88 525 844 422 860 939 832 718
137 457 105 136 523 312 241 110
639 625 652 843 87 620 544 654
114 454 375 301 893 41 841 881
554 170 287 314 955 870 931 34
18 886 966 713 909 954 274 437
758 923 47 520 320 569 625 351
512 473 197 347 121 550 289 441
12 847 182 147 926 45 378 676
969 416 337 9 830 869 990 569
984 343 235 371 838 493 167 259
797 219 187 239 235 733 344 389
369 665 116 267 754 940 169 742
11 318 711 291 133 415 428 461
645 999 719 635 332 724 523 202
488 706 150 783 53 993 17 549
712 323 19 572 365 239 229 804
39 741 508 859 232 972 68 767
523 134 453 254 991 586 179 123
794 128 876 390 58 477 116 367
53 89 203 17 870 37 462 268
844 819 698 759 49 644 78 725
129 307 648 826 452 611 587 193
687 462 16 406 225 825 28 284
450 814 169 804 981 463 510 639
188 214 375 607 742 86 692 604
622 14 752 202 17 815 565 991
81 436 901 238 210 616 312 507
265 111 954 982 504 761 921 571
114 507 465 18 284 338 557 535
257 923 448 613 643 895 408 646
765 478 591 578 9 29 68 892
736 421 839 886 576 667 924 390
501 432 67 768 249 4 353 423
119 542 986 591 893 816 894 864
529 417 200 134 967 383 236 432
188 743 548 543 776 787 738 92
574 907 959 802 885 944 108 634
583 680 226 407 190 116 694 961
640 470 328 419 372 767 779 832
769 438 454 927 902 198 770 500
16 993 662 998 41 448 828 341
141 886 26 180 391 274 338 268
181 567 479 58 546 13 634 31
300 612 420 868 926 423 798 233
20 228 135 755 923 166 181 800
814 760 583 417 709 67 948 665
39 297 89 166 508 59 255 799
581 81 204 936 802 839 818 900
717 941 163 958 683 345 30 224
428 837 35 703 226 321 898 465
884 792 140 916 749 227 992 665
210 269 495 882 670 185 874 619
528 896 471 173 97 224 290 119
304 393 227 249 303 402 70 763
221 207 730 422 845 339 177 162
610 84 798 300 814 752 825 725
991 245 947 418 434 371 98 21
725 734 724 944 29 57 645 353
121 523 138 477 873 615 367 728
44 61 313 855 725 393 154 414
661 363 801 80 469 732 153 885
934 313 19 8 500 242 992 950
603 783 308 775 884 445 795 480
762 696 877 678 762 413 696 896
359 34 131 573 395 957 240 348
843 178 628 407 321 381 312 539
88 420 752 411 812 362 952 833
730 707 201 314 972 664 943 570
440 823 885 981 868 927 711 528
280 595 86 463 597 353 362 568
843 455 760 78 716 381 975 659
601 873 6 624 544 206 69 231
295 595 909 245 639 948 454 659
301 410 713 914 14 395 53 391
591 562 548 460 79 326 970 419
287 79 659 9 285 746 217 220
567 503 674 938 224 691 138 206
830 357 40 179 125 322 736 880
587 706 677 757 559 863 604 128
577 166 809 477 787 56 621 432
170 904 767 48 603 942 472 563
491 206 931 631 422 694 184 314
456 882 168 109 1000 110 971 607
352 104 352 34 627 1 513 377
176 677 47 294 433 865 768 134
191 838 546 123 511 962 763 596
328 213 450 632 177 919 719 497
45 9 641 425 353 87 776 6
16 604 223 914 57 792 21 886
593 200 615 901 298 690 791 910
593 318 1000 784 752 853 471 195
358 706 771 419 651 975 694 234
739 835 445 885 854 429 679 544
7 631 358 402 676 314 266 243
54 716 615 573 382 558 844 977
816 212 605 513 986 568 834 483
258 526 360 306 329 891 858 647
811 22 995 571 420 202 193 171
393 422 539 927 800 925 222 542
313 3 835 937 421 668 234 317
160 345 217 680 838 543 941 259
982 472 171 389 684 426 966 492
503 560 316 902 961 832 686 590
223 220 71 480 161 917 484 686
56 468 434 41 296 463 80 580
596 612 644 146 551 137 8 344
929 258 300 478 570 680 570 11
690 747 466 997 134 326 504 254
834 641 831 20 107 516 681 119
409 495 423 476 211 233 178 646
714 575 235 717 792 147 818 245
715 787 619 421 59 585 578 665
369 84 890 938 296 596 153 919
384 817 983 205 210 219 795 644
889 387 996 346 538 750 53 30
429 154 973 801 41 596 321 718
717 643 859 251 283 44 425 910
900 53 782 976 39 661 737 100
110 908 0 279 910 830 965 148
268 984 104 495 636 749 379 843
304 893 227 30 557 536 609 575
414 637 302 794 117 401 190 632
890 871 435 728 366 881 861 205
436 529 80 198 141 783 343 269
270 656 20 1000 979 667 640 1
645 148 178 492 315 744 913 769
176 13 17 128 671 836 277 221
46 761 807 752 499 945 87 475
482 762 280 688 431 304 950 888
574 818 508 964 883 717 94 695
204 345 5 195 404 893 612 967
169 666 864 210 188 353 373 274
645 93 14 38 489 91 569 933
850 490 320 217 305 274 346 1
705 948 681 560 880 623 310 760
242 182 347 748 452 981 987 374
271 546 771 2 633 455 274 595
862 310 910 766 551 662 585 375
837 637 594 358 295 701 291 753
163 361 595 537 197 786 201 215
501 866 361 512 750 635 171 547
127 53 932 637 673 808 13 278
402 692 232 629 271 101 370 678
112 937 805 481 779 339 78 530
184 939 823 910 478 378 343 337
986 574 530 629 863 434 516 489
923 368 702 609 61 724 164 442
117 766 488 349 458 970 930 404
575 573 922 67 33 588 845 488
865 619 887 397 226 199 219 656
555 486 708 77 742 754 478 208
781 293 574 549 956 523 941 174
487 856 83 574 924 547 185 510
865 788 674 314 574 617 520 143
338 540 918 549 877 384 892 110
40 202 605 557 267 695 780 43
805 846 115 484 347 541 196 794
183 559 606 807 503 445 160 624
83 69 146 497 798 480 793 128
470 642 555 909 404 266 230 814
169 946 761 466 668 400 561 573
995 684 910 349 939 912 650 421
52 974 3 704 339 572 152 300
275 203 52 401 910 511 230 96
902 39 949 286 735 297 416 346
426 372 781 708 64 195 572 77
247 671 768 537 26 970 544 418
888 978 904 50 997 910 271 230
900 784 933 139 740 866 568 858
491 50 852 877 309 860 829 186
475 528 590 290 431 109 434 649
292 854 311 910 16 879 298 452
69 572 877 996 891 4 660 68
170 139 755 272 954 231 373 903
528 73 636 642 461 96 415 460
495 74 188 193 849 761 51 764
735 640 107 712 187 689 587 355
116 394 246 682 534 849 459 312
17 908 975 741 564 636 258 723
876 654 804 577 158 90 595 482
999 892 668 350 866 612 686 391
812 980 276 774 605 283 586 252
183 971 69 440 339 308 365 773
512 563 947 534 298 223 604 119
459 659 822 365 969 826 727 525
709 716 269 881 410 481 535 752
288 766 559 257 273 249 603 759
303 292 50 318 871 334 607 451
596 606 5 495 141 833 744 3
645 247 814 286 346 25 612 29
831 61 370 112 329 991 259 285
589 558 29 803 597 325 320 192
621 566 311 523 0 293 160 109
216 13 323 38 102 152 531 623
41 836 823 40 393 265 188 24
476 280 344 827 546 479 489 150
168 711 46 264 756 27 306 549
541 773 178 567 143 85 407 360
716 308 311 734 186 130 774 458
955 603 938 214 785 238 635 899
738 838 717 967 166 838 428 482
228 669 244 590 509 225 74 776
558 300 3 521 760 967 796 84
853 891 593 994 565 685 507 113
242 517 473 428 611 410 329 603
894 682 761 296 379 579 298 417
823 749 714 982 36 346 845 297
288 578 697 145 521 977 935 570
538 39 199 27 751 73 485 850
861 501 816 95 640 62 325 555
771 490 422 398 698 597 963 995
906 829 619 501 294 954 443 320
160 81 402 914 29 33 320 157
477 550 143 484 456 21 26 998
84 365 173 342 530 626 264 406
443 143 163 827 340 172 982 244
353 457 259 904 415 129 476 762
761 238 653 758 945 262 139 236
440 863 586 276 740 139 618 897
258 595 573 306 223 20 766 120
973 957 392 979 803 702 522 1000
130 903 969 568 812 898 1000 215
965 669 847 130 507 194 821 594
857 309 824 411 203 325 780 889
600 423 19 319 673 701 887 516
847 975 731 776 467 575 474 600
836 260 348 174 181 657 237 581
530 292 242 240 97 210 747 840
379 980 681 774 878 657 880 976
533 586 305 683 81 595 772 924
975 208 155 871 613 904 322 411
105 268 974 840 858 508 255 791
352 326 463 266 764 835 424 785
492 755 571 561 27 745 205 656
420 571 285 497 116 575 75 705
576 461 554 491 624 137 167 451
507 140 67 763 47 643 819 716
232 922 109 137 336 418 950 498
915 469 340 902 899 59 442 250
670 57 330 119 711 93 342 993
961 6 671 345 511 188 939 165
329 402 169 767 520 657 122 535
593 989 879 134 778 154 54 178
875 194 78 807 996 873 389 202
19 726 842 940 861 646 12 807
152 15 200 993 761 79 56 729
440 681 472 191 530 461 764 702
611 616 659 496 366 343 932 317
735 891 357 829 968 995 813 695
919 133 781 99 142 868 872 726
838 656 915 376 863 163 566 99
763 868 981 451 642 143 671 227
59 394 924 578 812 683 867 106
911 275 684 43 200 780 457 504
622 755 389 426 219 532 866 755
395 779 957 366 837 45 447 981
146 246 848 392 765 630 177 711
906 462 549 983 990 389 215 974
502 458 255 266 984 68 6 761
150 912 35 325 903 952 636 933
385 169 421 927 493 512 738 456
279 400 999 291 679 508 389 734
575 191 386 459 23 215 960 633
992 142 496 912 917 491 962 879
34 713 798 583 612 230 208 688
622 531 665 378 606 246 924 94
784 684 72 702 833 1 723 582
191 898 832 344 280 809 326 482
386 706 712 192 917 459 278 316
84 107 27 841 749 699 229 331
905 810 328 778 391 263 274 51
664 695 17 736 290 770 153 302
603 728 503 413 755 832 672 789
540 421 347 696 508 951 474 991
559 539 178 600 159 334 616 195
761 786 847 611 577 136 253 252
871 749 406 644 129 418 239 481
604 257 323 154 894 538 765 714
58 570 498 127 415 213 148 641
302 703 325 545 109 11 829 928
886 727 355 995 62 44 993 465
24 22 176 325 984 194 810 787
594 988 544 726 477 41 973 162
737 40 804 423 419 818 913 182
710 367 593 219 651 328 375 84
835 530 730 374 284 320 692 903
141 791 152 683 196 208 706 465
772 816 36 347 598 150 191 823
131 76 356 5 885 98 738 831
58 338 235 887 303 128 40 632
340 335 527 599 41 482 843 653
712 848 559 553 778 89 77 393
663 550 105 938 670 940 242 710
674 772 299 957 289 396 460 856
134 26 138 425 139 459 383 707
108 61 242 432 576 57 73 983
451 890 673 113 171 65 419 914
981 563 38 59 675 111 515 462
877 402 318 111 913 713 971 665
882 162 55 682 362 237 231 247
515 944 900 444 826 337 68 65
600 575 595 882 120 306 315 564
134 739 302 672 831 28 302 339
727 175 29 856 286 948 815 639
694 475 230 574 579 575 430 422
131 146 622 273 397 211 643 342
913 642 515 447 311 295 453 488
736 663 359 771 134 206 546 128
109 567 509 17 923 670 699 425
526 880 959 55 600 755 192 394
967 524 896 776 59 699 135 738
226 101 123 247 285 567 587 681
595 16 331 511 255 502 45 590
469 127 929 245 667 696 95 141
828 907 761 804 526 806 812 387
220 37 756 612 222 108 263 829
658 817 751 468 756 157 545 304
418 562 30 320 353 501 554 621
67 826 340 313 504 34 132 109
872 723 967 696 364 911 615 604
851 19 723 70 817 237 637 140
352 697 486 570 806 667 24 667
223 321 736 750 613 585 412 372
314 630 522 889 895 608 369 347
349 348 424 786 646 41 63 748
184 830 209 336 519 3 791 745
203 575 946 128 32 63 735 571
721 663 569 58 220 118 407 177
676 758 981 323 760 160 254 722
809 293 976 865 167 788 522 253
71 895 738 677 65 4 446 868
99 670 214 724 214 596 254 238
892 845 509 728 953 761 409 228
747 832 677 495 56 330 728 374
765 519 800 90 30 576 895 86
803 959 313 580 993 77 200 187
978 190 1000 125 667 841 646 853
425 173 539 149 616 111 703 204
666 638 55 826 302 841 602 102
757 583 732 783 54 137 192 575
343 922 416 940 609 707 625 376
404 972 792 728 402 700 194 710
239 134 507 656 263 898 985 686
325 643 921 151 579 628 861 430
564 729 670 456 239 643 146 330
407 881 718 790 530 981 399 17
108 572 418 347 431 133 273 900
655 992 790 318 20 940 753 209
32 638 153 165 512 546 484 339
368 13 383 18 693 902 665 618
236 727 563 753 112 769 458 811
702 874 409 15 869 674 100 382
653 823 298 604 773 341 620 131
210 617 527 150 387 486 235 982
101 850 646 215 687 413 811 639
962 265 706 799 758 356 813 784
491 409 667 711 343 211 14 452
285 20 875 44 122 911 259 842
438 536 232 301 754 160 1 971
870 374 904 826 749 423 125 111
34 382 244 439 508 739 918 224
393 939 817 716 126 576 172 834
549 775 973 225 31 439 296 625
747 15 335 864 641 324 875 378
437 661 265 771 240 273 905 373
336 910 950 685 142 416 325 194
416 373 341 328 383 285 43 679
922 388 703 828 439 819 630 753
987 802 521 538 290 721 505 875
359 740 644 60 348 971 882 991
34 835 577 383 163 424 105 285
634 382 347 868 667 613 939 250
493 459 939 385 114 53 741 594
219 543 751 857 620 899 464 948
501 641 552 455 676 586 170 742
923 410 754 974 140 912 711 358
486 967 797 228 816 330 556 571
486 548 865 307 864 88 542 322
830 57 555 393 283 477 229 507
139 370 1000 332 380 655 554 774
836 927 744 813 201 787 87 310
720 705 86 943 702 406 670 895
452 693 437 166 968 454 620 267
647 641 133 258 416 976 667 435
660 703 270 274 261 926 362 254
453 44 84 170 692 192 246 380
987 972 569 356 506 688 887 20
149 407 143 548 342 55 668 87
949 68 856 910 820 195 798 97
364 122 449 886 72 970 75 591
740 444 268 920 228 102 772 802
779 749 262 706 71 715 760 550
208 182 826 644 971 852 958 596
748 513 992 632 763 39 236 646
465 435 332 782 907 569 8 261
964 652 771 395 731 191 722 877
190 933 188 165 548 248 665 272
692 708 58 450 997 936 643 88
493 626 697 169 43 242 19 202
401 779 543 589 430 772 366 65
613 241 248 801 200 537 722 573
657 105 401 71 393 396 865 402
446 636 344 126 205 727 683 698
37 767 15 119 876 198 569 275
775 556 225 868 876 814 637 528
960 586 136 761 831 406 551 377
648 1 877 701 180 464 426 25
713 717 807 106 765 902 23 887
581 616 200 660 170 699 73 809
400 113 804 115 4 525 333 99
888 523 340 407 689 121 193 776
552 764 284 36 38 323 277 28
992 654 888 391 444 506 721 722
466 270 338 41 209 228 928 236
395 666 736 587 269 860 333 841
151 986 587 106 526 538 353 427
812 568 640 575 908 321 371 591
553 22 972 663 317 445 916 183
298 401 890 375 901 526 510 889
21 478 677 249 812 699 325 9
624 149 91 921 607 763 544 364
126 43 41 776 942 320 711 763
737 997 532 762 780 943 984 998
467 96 836 90 482 751 8 446
916 439 502 342 685 197 605 390
848 604 892 531 192 58 950 460
543 607 371 782 416 14 808 519
646 340 523 707 145 286 204 794
923 932 451 285 466 242 839 812
610 412 753 41 571 713 579 549
434 912 972 437 168 416 509 328
164 480 114 505 748 95 821 818
226 449 331 351 522 296 294 189
339 185 282 783 628 43 885 335
578 959 397 435 542 976 158 787
660 990 712 404 509 326 778 425
435 355 338 951 733 118 540 523
929 781 371 484 588 993 517 605
900 74 262 304 112 920 467 210
525 147 113 985 494 630 753 39
947 894 664 996 257 143 285 651
283 469 81 666 966 359 348 907
941 923 837 760 746 934 133 249
731 948 707 38 949 608 954 793
370 231 660 246 810 107 867 986
415 447 800 618 223 404 192 667
658 117 535 567 586 741 281 476
158 175 603 351 33 513 545 131
917 543 314 371 467 546 66 6
638 721 662 990 750 93 599 106
976 218 152 287 704 447 805 1000
559 787 973 45 482 880 568 400
493 777 180 777 2 209 240 396
152 21 434 963 62 172 356 122
240 614 876 122 282 314 234 136
250 465 259 975 275 530 936 829
512 933 276 190 597 394 794 781
265 378 785 22 984 684 777 688
924 642 87 430 898 108 239 485
328 608 796 528 76 962 943 80
819 417 568 798 122 795 122 483
960 526 663 679 828 673 152 352
857 604 591 918 353 59 1 159
977 760 726 604 735 362 602 687
704 369 329 24 766 451 99 587
919 616 117 552 908 119 983 719
84 553 486 669 797 201 789 729
312 137 700 534 225 261 63 443
31 620 256 21 761 3 61 801
211 269 357 200 105 686 484 365
964 398 960 874 95 9 400 580
133 546 709 675 280 73 49 771
230 112 467 705 499 601 253 983
228 512 428 331 660 879 696 928
472 963 15 501 835 286 547 34
721 948 226 977 626 852 883 821
60 480 697 143 345 238 228 518
496 851 65 52 429 989 848 379
725 742 422 227 754 667 596 578
907 434 43 362 682 545 24 208
210 913 258 910 871 980 621 831
430 719 632 372 363 172 599 486
55 325 909 303 988 444 425 437
893 284 29 186 140 227 752 811
48 354 159 929 176 121 914 42
969 574 632 904 264 949 963 843
638 452 213 27 7 725 1000 107
188 62 292 378 447 541 339 718
865 831 91 250 306 267 504 8
912 826 875 467 449 980 218 279
944 259 776 979 394 722 261 942
172 399 298 508 438 172 674 124
731 797 334 243 575 211 370 649
857 339 42 811 973 537 916 850
409 251 9 111 676 551 182 915
559 676 106 978 157 210 992 91
27 305 608 199 975 953 170 744
478 993 119 909 99 582 123 559
815 305 954 771 791 655 552 655
468 541 983 481 855 8 246 542
647 474 541 291 12 541 907 896
987 837 419 389 960 301 261 57
501 282 84 42 256 185 440 554
755 452 269 944 887 607 316 20
622 407 204 485 349 909 164 542
484 116 372 923 951 454 576 102
964 706 343 616 278 946 155 382
502 488 227 227 874 567 545 227
613 947 821 328 227 900 707 173
235 458 527 271 170 704 477 32
701 425 462 857 275 983 561 558
115 916 237 369 924 864 516 211
822 313 504 300 505 324 50 846
483 24 564 873 622 833 72 269
804 204 58 562 89 240 994 774
266 126 886 283 172 808 960 796
111 749 265 404 912 451 656 166
678 603 484 708 811 748 268 792
390 538 478 170 785 835 178 712
387 880 48 314 602 786 927 589
648 11 21 500 59 560 829 764
743 166 609 52 377 15 533 525
758 856 824 674 295 839 465 215
280 407 361 510 155 625 617 145
524 181 232 471 975 552 610 140
569 340 852 568 169 915 989 466
781 529 410 77 67 525 227 640
692 453 444 827 23 363 669 940
876 381 227 387 40 72 495 989
232 5 51 133 44 633 994 927
390 904 103 10 194 61 944 784
238 995 241 916 518 63 690 671
914 318 142 775 340 180 718 821
783 614 313 221 550 678 890 805
818 104 149 65 571 542 464 59
923 850 933 684 407 382 479 503
242 328 299 930 525 212 515 738
599 80 171 545 333 434 481 753
664 354 165 919 762 135 379 303
511 621 856 399 412 838 951 615
705 822 511 85 353 56 79 134
375 597 862 578 637 554 447 119
385 263 977 582 823 380 126 295
488 389 826 480 415 147 308 880
500 648 477 496 562 54 568 689
215 100 619 990 648 395 553 816
943 302 847 869 833 459 535 430
42 347 660 986 459 327 795 930
216 459 874 97 434 722 527 394
883 520 67 805 933 171 230 191
839 807 510 431 295 104 790 518
776 545 886 105 102 879 283 34
412 52 27 330 456 676 852 502
585 277 75 431 676 619 443 222
2 796 618 956 928 606 109 31
56 705 355 155 758 24 954 789
405 589 459 712 924 244 232 851
816 898 581 590 475 762 84 812
732 173 376 630 48 564 421 819
922 551 689 13 960 637 562 290
779 381 582 108 937 996 906 556
634 229 676 358 195 620 931 581
678 313 902 735 914 39 808 288
208 535 984 965 873 887 185 475
332 755 759 91 862 26 482 412
31 842 701 323 523 500 118 623
848 805 662 880 583 726 633 639
642 830 59 952 226 856 452 359
619 598 815 209 452 191 548 850
67 950 806 94 94 157 50 570
451 760 478 202 608 215 911 795
892 358 606 915 16 99 429 274
329 308 904 852 745 967 621 455
407 680 521 10 884 519 74 686
725 371 194 309 623 591 23 359
43 672 19 62 796 379 512 411
513 668 275 46 436 985 658 70
198 537 29 477 459 463 528 354
989 318 953 533 309 358 172 889
48 476 390 457 472 784 5 578
773 927 363 118 612 1000 63 817
837 41 863 413 801 975 148 905
105 217 88 422 179 598 972 858
115 455 878 909 676 121 773 344
929 71 265 889 353 357 542 391
112 4 80 617 352 349 696 766
911 715 187 42 566 101 118 331
782 575 654 975 503 900 139 523
532 980 102 325 174 777 371 305
468 726 780 197 122 86 678 637
543 135 273 989 614 879 807 426
677 218 242 598 407 635 149 217
423 582 664 145 986 82 41 450
413 724 512 16 985 632 879 880
735 586 449 775 277 652 393 423
203 626 594 875 0 753 980 667
687 470 948 964 388 891 775 58
167 10 428 617 583 996 565 851
643 824 568 230 149 777 957 258
739 224 19 562 244 221 11 675
1 140 145 725 735 220 325 910
216 879 540 652 424 172 805 58
522 434 392 79 360 196 701 226
774 374 939 26 229 668 935 754
253 809 822 316 584 333 239 774
326 733 752 328 489 138 849 318
174 996 867 313 113 335 958 518
595 237 786 54 300 486 191 526
451 372 369 120 256 765 754 410
273 215 800 728 609 237 935 311
472 421 666 296 774 178 117 223
639 150 553 550 729 311 92 807
362 993 376 54 672 750 974 105
450 33 442 155 686 194 245 457
571 603 646 748 398 719 590 836
203 411 420 995 302 707 611 169
485 618 19 610 973 446 95 555
957 544 726 827 560 69 619 938
116 286 580 553 587 689 211 982
337 637 659 777 844 422 206 246
936 214 212 240 483 459 126 541
790 819 159 349 301 520 311 541
52 726 779 912 87 603 487 550
182 636 439 818 469 513 7 56
896 907 10 980 568 871 595 633
645 564 987 555 493 612 587 606
848 802 934 915 799 727 870 395
605 720 594 627 755 656 91 546
894 994 299 73 474 434 159 61
473 920 727 751 700 379 334 665
174 261 415 5 593 389 239 61
76 214 802 702 188 301 495 786
889 581 822 297 312 888 251 132
928 768 766 124 186 387 619 613
678 307 143 863 16 240 314 649
291 914 677 192 764 664 343 68
819 533 234 364 345 446 687 503
884 238 911 627 352 900 195 696
492 652 693 662 213 811 205 94
60 789 656 671 506 917 807 172
825 566 942 330 312 878 592 456
128 134 963 262 124 205 694 530
480 997 14 822 763 126 854 565
529 695 700 681 132 103 530 837
908 74 968 583 697 530 840 730
203 381 821 264 708 51 175 246
498 187 302 188 152 472 853 66
513 281 543 575 610 64 677 129
568 634 739 809 696 253 151 992
297 954 343 860 512 243 293 674
577 409 233 929 316 177 54 830
810 167 773 623 882 121 287 696
749 240 246 616 159 867 33 860
112 340 513 573 593 648 623 848
1 123 984 943 501 400 494 279
616 336 195 327 15 131 496 312
71 263 491 666 804 6 648 697
314 323 291 237 355 166 605 750
68 698 338 393 40 845 972 364
932 908 68 423 516 960 980 943
348 51 647 642 904 471 653 981
915 70 973 169 644 750 7 875
870 659 980 333 657 544 987 404
278 932 657 188 693 298 921 125
549 480 474 959 404 774 344 393
533 156 135 811 594 686 481 389
185 472 957 217 145 178 163 383
603 898 955 336 749 764 823 297
758 988 173 995 588 774 502 518
284 263 98 811 304 210 905 629
676 260 445 429 503 128 385 978
390 210 765 52 243 384 653 553
901 914 218 333 96 225 830 827
355 92 29 892 265 87 473 412
255 228 730 943 721 455 790 158
403 470 113 633 55 674 564 380
611 291 757 972 185 956 647 225
388 628 720 254 230 580 298 434
405 61 249 912 59 127 575 929
1 348 81 933 409 228 994 873
113 463 364 144 650 221 107 857
852 634 126 842 856 20 786 40
456 566 706 726 794 937 81 707
187 139 82 599 0 201 858 393
61 356 817 131 399 163 352 242
831 6 276 34 490 381 975 278
400 486 254 39 975 209 433 666
784 381 786 124 578 861 848 642
232 801 437 182 859 477 365 615
592 499 745 668 783 813 934 569
54 388 394 295 147 333 344 263
814 992 549 447 410 353 380 900
884 88 470 974 511 21 232 392
647 786 211 765 869 664 500 37
965 651 67 961 949 905 772 632
131 240 744 546 181 863 912 842
811 698 152 290 409 562 761 862
728 296 785 163 505 450 500 516
463 437 157 427 13 957 502 726
923 261 870 212 537 103 706 728
635 800 563 610 60 446 839 637
349 909 931 512 689 732 652 979
751 91 263 584 280 587 556 760
643 97 559 611 375 500 717 433
613 608 822 899 682 357 634 128
957 804 367 221 742 552 75 405
983 586 387 878 653 805 465 532
953 863 226 303 407 956 582 602
836 926 433 260 617 940 935 189
864 507 225 772 198 340 369 695
409 548 677 237 399 723 509 195
628 784 761 816 621 98 221 899
234 73 207 8 114 745 45 350
310 975 159 610 353 750 16 80
571 717 324 796 821 757 436 587
564 502 656 385 509 289 673 811
21 385 884 166 959 574 879 560
570 591 195 822 678 50 764 755
104 10 880 9 785 565 673 361
454 182 628 836 981 909 219 795
572 812 409 501 531 248 770 614
231 243 895 345 915 701 392 200
205 972 138 296 133 680 710 665
320 468 205 746 983 756 310 916
665 891 106 786 430 103 422 972
890 439 118 232 434 17 170 618
783 476 367 975 187 527 494 532
767 439 190 740 876 70 990 624
201 502 297 135 89 341 600 283
971 358 779 909 127 300 448 928
871 500 580 159 342 421 556 805
174 355 49 367 551 56 549 146
774 895 970 269 385 156 525 890
151 215 29 638 964 729 42 920
619 592 141 311 669 772 202 534
301 951 515 192 920 851 606 856
68 184 482 257 587 14 288 974
860 805 359 338 940 831 143 603
362 568 108 717 711 648 749 966
548 971 530 680 739 819 240 695
757 675 544 473 189 758 343 310
640 498 511 185 605 178 710 481
7 600 644 636 913 30 946 529
819 171 776 976 867 888 419 389
955 272 390 116 24 253 39 108
835 709 589 215 644 76 874 739
774 779 489 473 774 857 905 579
854 160 77 687 733 212 678 507
169 555 184 761 387 539 553 804
189 496 899 299 690 267 156 166
720 728 76 725 142 426 594 282
995 972 521 948 301 29 87 300
621 203 845 125 653 713 714 407
651 730 103 364 41 534 31 586
604 838 392 442 293 574 957 137
71 327 65 99 638 85 714 103
803 204 877 721 369 207 464 808
669 133 900 839 599 146 587 222
830 86 194 301 983 970 874 156
685 935 616 769 262 418 94 886
753 942 713 870 1 985 272 691
405 359 208 222 631 837 813 698
951 843 982 745 111 484 422 645
613 337 241 686 67 903 413 252
697 388 450 499 757 148 138 319
959 570 565 563 573 580 893 888
204 623 67 550 869 751 537 921
488 183 608 574 963 838 420 387
868 434 175 583 466 513 779 393
476 620 513 312 94 481 609 54
489 890 414 974 491 136 480 218
322 483 202 54 552 206 989 465
6 346 268 255 586 311 114 864
687 929 220 859 940 916 832 548
881 608 581 256 629 627 917 148
996 977 972 206 314 623 296 444
178 804 962 871 800 921 497 850
687 951 163 604 59 895 54 376
274 113 301 451 825 111 178 844
755 880 110 397 147 247 77 430
557 355 79 686 296 892 119 374
946 552 937 632 67 513 507 82
225 424 214 913 996 234 232 436
809 93 10 126 774 651 36 761
250 904 372 673 778 706 681 630
67 586 503 376 524 876 291 675
334 497 511 258 750 940 285 589
210 323 698 382 666 958 749 758
489 613 832 846 716 301 57 961
957 864 482 109 808 632 728 775
256 254 638 971 131 360 390 561
550 721 662 252 103 633 632 611
458 700 846 672 248 810 772 702
804 552 393 278 3 184 295 868
121 294 693 633 220 329 729 538
200 98 325 731 120 57 198 554
824 0 895 831 232 118 137 705
770 209 144 298 830 703 934 713
445 67 518 364 694 503 671 111
500 177 253 901 901 516 794 141
829 299 741 961 618 626 562 864
171 318 76 557 843 272 671 818
257 778 370 868 277 459 10 481
300 19 468 394 85 723 887 387
437 514 170 294 995 364 654 508
427 851 767 574 607 973 470 767
775 417 261 485 964 946 248 431
520 151 896 242 227 433 457 989
445 652 730 978 931 935 357 338
116 327 58 114 755 716 813 841
126 925 386 647 947 979 699 212
778 980 667 449 642 532 13 498
398 194 84 140 343 208 683 388
572 514 52 758 670 795 727 501
594 363 811 289 673 110 476 715
911 860 259 833 70 585 914 936
754 224 656 839 354 482 752 733
334 940 896 467 311 899 32 861
699 243 383 483 319 118 357 80
612 303 596 478 838 177 102 202
47 140 228 404 945 888 745 96
344 217 147 280 939 963 48 341
482 995 277 964 329 22 64 109
412 252 250 40 596 675 832 158
206 201 278 675 682 269 521 597
942 438 113 711 580 299 171 677
988 342 414 880 816 819 965 330
821 489 232 767 339 457 561 975
912 869 915 176 644 843 419 273
741 687 455 632 833 940 695 305
948 412 369 108 590 507 880 370
664 924 890 420 677 668 198 169
833 401 344 484 914 199 411 37
148 973 274 893 621 411 879 399
541 464 700 962 55 879 255 877
368 238 448 133 445 502 194 945
436 688 556 203 947 934 322 445
664 954 789 735 840 741 833 393
185 345 789 476 623 191 659 944
404 132 245 329 531 540 366 703
229 414 376 977 591 819 398 775
57 381 414 154 525 486 871 743
884 24 248 761 180 918 798 32
999 25 621 552 89 565 666 245
345 752 37 922 209 664 237 300
10 514 129 802 757 235 456 622
452 52 171 704 546 668 245 159
864 853 809 810 35 613 682 851
923 753 868 589 81 538 504 839
739 706 144 791 631 314 377 873
228 909 332 464 633 982 496 777
15 18 88 190 206 112 452 179
86 233 767 890 812 416 538 452
539 654 532 192 164 226 901 197
217 87 536 351 52 414 307 618
396 908 19 916 675 589 565 667
942 318 26 519 979 171 723 392
69 728 292 312 203 486 27 467
872 665 608 442 463 992 539 864
915 917 157 477 244 582 324 435
431 242 449 378 237 70 844 28
772 731 235 739 982 908 435 60
936 986 702 833 251 832 655 561
852 652 490 229 674 483 494 241
272 382 61 456 448 755 23 426
735 993 392 246 403 50 587 647
903 151 234 356 352 19 56 747
40 97 422 719 771 588 801 236
59 808 583 476 205 885 519 662
178 930 173 386 745 107 655 488
488 740 947 837 836 123 13 462
224 239 136 414 934 29 420 68
882 112 826 626 517 645 701 284
688 957 393 213 333 323 184 519
477 329 555 392 195 93 523 844
416 553 53 17 347 702 93 983
342 728 154 490 423 168 320 531
6 85 863 368 668 328 940 166
68 700 153 468 36 482 158 978
971 403 24 921 200 97 293 577
294 407 190 451 888 562 212 128
119 266 966 674 225 51 130 139
571 167 747 975 52 266 559 659
26 530 52 897 844 500 870 429
74 997 288 142 192 407 706 974
745 852 777 338 274 304 906 562
274 778 936 898 148 117 758 15
665 918 777 93 307 948 313 319
405 158 156 946 864 317 756 31
877 185 831 15 885 621 97 690
604 754 337 791 756 454 430 671
870 855 189 770 710 683 749 197
181 495 983 975 109 958 775 629
680 241 215 581 373 356 553 639
478 628 912 377 26 541 614 898
826 82 800 257 513 499 92 616
194 485 911 21 634 424 432 412
900 543 332 626 577 834 909 116
335 694 757 825 959 355 670 972
300 6 932 92 593 170 498 221
837 709 949 81 710 576 228 644
230 345 599 95 298 411 651 551
514 641 216 745 386 898 110 650
485 653 77 864 980 991 340 251
360 771 276 161 948 506 660 542
115 121 481 200 951 721 1 775
703 987 525 590 798 551 198 453
821 319 967 452 51 159 73 648
964 417 580 728 536 526 784 630
972 14 38 348 126 910 548 842
396 0 585 233 757 542 620 986
694 400 521 319 395 54 556 181
661 287 20 360 228 459 649 660
648 713 562 244 492 180 373 207
349 563 404 274 913 822 698 504
985 326 31 26 295 516 469 598
320 216 831 253 846 500 220 975
809 81 769 586 806 437 169 43
665 395 328 250 225 513 100 568
851 30 117 704 827 873 738 466
56 864 551 1000 962 404 185 687
590 753 328 706 1 835 326 640
973 761 777 736 815 785 90 477
117 66 846 950 868 169 581 543
372 752 819 422 950 388 482 572
678 103 63 569 921 891 233 711
685 219 606 765 863 826 290 39
778 736 101 407 581 925 498 356
308 37 448 551 357 99 655 596
27 930 121 805 645 974 301 917
806 756 692 202 156 451 417 13
35 300 885 577 664 43 108 161
993 338 845 133 251 990 746 10
46 394 992 820 137 986 348 319
198 90 638 728 458 650 978 113
417 467 703 407 707 703 726 456
310 316 441 717 381 884 228 965
244 28 977 374 931 592 885 482
751 308 960 52 282 678 139 384
111 611 404 714 155 467 340 214
69 964 583 760 138 708 195 202
328 273 454 649 413 129 417 780
832 913 136 579 526 530 112 928
623 860 157 558 314 719 641 120
966 63 742 237 243 136 993 531
127 320 370 427 904 239 48 292
927 515 718 641 659 209 990 494
553 454 264 931 692 794 999 625
393 182 86 101 790 438 565 771
472 122 316 216 302 60 12 796
987 609 337 614 423 62 943 79
387 351 687 961 181 776 981 786
740 13 447 155 93 558 393 902
501 730 812 384 782 725 321 898
990 918 263 764 525 922 796 93
31 580 217 809 349 969 769 501
984 633 95 383 103 578 41 889
607 197 274 266 890 62 231 176
166 886 533 497 919 781 368 405
56 345 60 515 182 776 304 424
848 374 968 713 121 27 970 833
91 600 528 720 801 214 203 675
649 555 239 729 372 448 580 590
891 393 808 113 488 815 888 19
193 821 314 155 352 110 474 248
965 55 175 665 285 205 254 585
683 907 761 979 223 691 561 435
456 738 18 46 617 807 198 517
328 955 172 193 829 814 333 798
937 742 100 51 383 379 130 123
781 742 487 708 658 61 88 241
971 262 637 713 157 590 952 974
98 956 676 945 714 892 190 273
725 137 166 169 600 695 840 31
729 753 512 777 563 507 151 220
712 886 131 716 823 763 559 430
941 801 826 44 85 208 714 395
334 616 577 124 442 175 954 919
865 948 479 850 504 708 299 743
274 123 480 156 674 198 18 137
160 292 709 753 51 790 967 920
920 104 849 301 403 692 150 386
692 192 566 964 194 863 754 258
618 68 569 731 494 497 195 802
471 997 273 10 894 777 320 222
840 878 118 700 877 253 27 920
354 912 672 139 772 51 420 433
257 506 908 180 477 299 490 43
880 607 28 47 758 523 256 765
622 841 28 348 536 252 985 944
500 782 700 916 85 721 975 970
565 156 559 258 893 714 143 719
737 151 592 847 855 280 207 771
788 890 301 433 579 659 958 330
424 321 951 513 37 40 269 404
472 895 774 227 687 690 585 773
738 890 297 242 852 467 310 812
923 804 332 209 465 371 804 768
964 915 797 518 696 895 828 444
927 712 48 615 882 776 974 113
826 285 28 381 273 30 846 131
519 669 745 280 154 286 260 213
255 186 842 892 939 3 972 600
351 119 770 915 155 913 638 411
908 247 922 256 971 238 445 161
349 302 395 478 153 11 266 743
919 628 643 568 462 390 472 947
941 278 834 44 572 27 193 625
93 294 384 556 624 526 162 904
627 916 989 713 568 534 420 6
598 401 506 863 540 775 351 116
595 541 67 94 422 142 104 720
955 743 30 861 15 335 558 431
959 915 56 169 862 456 113 910
572 48 237 708 596 713 753 311
769 124 738 93 745 412 252 749
813 474 120 924 612 949 157 174
431 312 536 954 896 856 752 770
597 430 315 799 590 891 607 132
298 589 636 236 312 904 149 214
655 626 487 82 336 346 197 586
313 86 64 539 851 288 748 382
773 701 761 530 782 629 252 362
149 978 272 96 397 54 756 322
530 309 670 424 188 643 177 24
32 963 516 25 855 507 504 511
293 738 91 834 41 745 125 482
582 575 667 756 510 791 257 144
818 114 266 258 814 897 985 537
712 393 780 736 5 571 598 539
330 428 367 556 723 389 606 222
191 609 323 548 628 41 882 235
865 265 521 242 292 160 841 775
162 823 178 257 604 873 34 871
441 459 929 93 482 188 756 383
823 806 787 436 705 952 250 151
916 975 665 787 401 225 69 79
36 407 182 118 224 156 734 301
974 574 562 825 887 753 575 574
802 647 662 955 486 168 981 673
172 304 101 757 730 667 354 740
74 617 73 891 143 753 920 684
585 428 913 380 276 595 555 281
870 481 421 488 791 88 569 17
301 456 475 701 326 782 940 719
66 695 246 995 315 330 108 806
872 891 854 280 872 908 433 778
422 263 372 801 233 394 908 831
20 458 580 142 985 835 28 578
611 548 452 793 230 688 988 165
554 186 959 530 639 613 881 559
987 933 746 920 946 564 766 79
480 291 18 214 655 78 472 95
13 252 147 718 317 588 792 149
846 350 463 956 879 555 45 339
751 852 42 230 318 869 951 341
238 613 227 234 416 816 280 855
796 7 864 985 833 745 113 212
235 318 732 343 812 504 655 396
751 439 826 148 720 779 605 729
428 699 781 280 56 978 150 405
980 136 690 947 349 136 219 214
608 505 978 390 514 383 982 836
449 678 797 737 597 614 25 240
644 584 768 743 37 321 875 925
435 696 506 134 303 449 743 408
899 23 915 738 712 260 413 331
68 743 25 442 40 98 911 35
120 612 459 425 463 294 741 890
410 283 509 316 930 740 57 772
887 212 920 347 893 518 195 639
351 422 139 400 398 397 200 601
924 887 471 128 732 467 671 926
214 393 650 726 967 973 319 512
311 486 842 663 348 774 613 560
179 926 177 135 773 7 740 442
119 334 700 87 320 738 976 969
950 843 569 592 263 344 185 733
578 682 953 772 917 405 91 412
798 665 130 861 674 159 355 648
503 324 197 992 787 305 248 487
682 421 692 449 947 785 424 324
47 23 327 92 394 499 453 393
728 225 717 532 309 376 457 805
916 266 272 786 986 676 327 882
50 437 907 855 768 612 230 170
270 227 383 191 361 883 147 389
795 455 441 980 474 345 873 691
428 252 626 543 757 697 338 752
288 778 273 166 595 604 726 49
334 459 680 236 982 179 409 729
514 453 245 229 323 721 521 893
303 293 364 750 396 301 180 908
618 895 144 885 323 122 601 720
219 24 732 675 311 131 200 883
978 35 35 429 984 549 147 174
334 881 937 747 569 217 865 178
760 665 508 376 906 619 605 100
896 446 18 405 25 794 686 546
302 535 88 834 461 400 189 900
172 705 376 735 658 543 492 380
855 433 766 524 178 923 511 444
191 592 922 538 978 130 832 947
172 200 753 76 409 523 182 476
502 619 611 25 962 582 533 857
875 549 93 541 63 736 62 666
874 488 774 276 943 538 44 426
642 877 517 824 136 944 338 131
918 833 56 720 326 442 989 254
733 637 907 211 258 851 288 288
823 342 640 332 898 465 354 67
316 114 6 657 494 599 209 573
800 626 678 694 646 626 874 382
553 801 867 524 828 339 820 333
130 316 629 953 831 493 763 8
657 401 540 405 355 444 792 253
33 867 986 422 438 595 464 990
229 248 184 518 172 710 615 277
75 489 938 328 864 656 627 432
471 192 271 803 161 504 738 130
303 837 767 289 489 489 317 306
0 560 673 489 278 33 130 292
659 440 552 855 446 89 718 117
33 918 90 905 747 448 817 691
254 276 887 212 676 757 904 756
901 375 884 992 286 397 135 634
458 826 958 413 747 450 361 340
555 941 374 412 125 165 814 159
167 956 116 665 394 175 598 206
266 927 822 471 561 991 607 574
588 136 990 364 46 15 891 152
353 800 977 686 210 469 592 719
216 724 779 372 229 254 231 144
734 268 358 233 326 862 799 175
452 929 490 208 398 199 363 688
653 562 458 470 647 485 980 628
887 427 118 439 486 796 821 72
337 13 734 263 607 884 715 880
372 232 645 517 142 443 958 452
38 844 828 341 745 54 117 263
25 680 371 943 19 306 185 45
883 666 385 514 486 741 248 178
256 45 843 996 531 612 903 783
794 347 353 418 449 458 373 214
695 543 542 960 763 819 97 699
171 919 189 890 418 329 225 395
898 443 20 921 51 642 507 874
657 460 979 276 731 909 136 829
636 250 220 760 464 727 525 642
899 941 349 375 652 446 91 636
208 779 841 922 552 692 940 243
153 774 674 148 874 336 701 944
561 38 316 547 183 124 628 660
566 66 948 279 741 714 387 871
740 729 850 771 794 995 427 431
35 591 834 30 476 548 199 250
217 432 38 638 891 413 152 750
923 171 991 986 383 387 550 520
504 908 645 398 326 840 571 452
909 836 732 837 305 170 311 714
566 577 213 357 827 613 575 701
192 638 158 753 216 625 729 28
4 270 831 28 396 798 273 383
671 539 200 1000 731 651 541 411
860 132 785 948 294 589 664 806
679 879 62 321 803 777 471 929
691 460 652 935 175 771 899 722
892 342 233 601 149 360 317 356
725 987 754 858 568 176 969 45
182 633 654 625 73 355 265 339
213 582 803 928 651 166 561 556
374 485 880 330 902 686 689 771
275 583 958 465 628 328 715 22
983 214 577 413 483 288 709 926
624 999 882 991 328 652 380 619
994 284 836 720 764 266 719 414
486 788 602 612 874 915 577 545
627 474 846 323 947 343 871 656
620 837 967 473 554 969 358 8
8 774 795 110 92 660 471 922
710 800 88 774 908 956 359 192
498 393 109 266 372 685 950 80
111 980 566 400 190 647 318 234
873 559 714 801 770 687 42 926
83 85 768 851 306 969 301 535
119 852 987 990 235 579 197 686
127 312 792 191 993 318 768 476
444 342 109 406 240 308 385 977
15 889 455 752 349 744 602 702
233 182 319 885 435 702 404 317
448 160 201 147 868 56 504 907
319 488 320 217 588 298 442 113
870 664 667 588 540 68 554 814
47 976 640 636 574 168 356 992
945 273 690 96 646 569 638 711
46 532 962 139 329 735 37 557
754 854 491 323 503 983 777 445
520 290 901 360 807 315 513 822
665 774 40 79 811 746 785 452
358 731 22 965 425 45 123 119
640 196 325 529 816 415 550 66
957 329 617 867 691 786 431 392
626 416 616 932 397 645 501 317
498 592 545 134 906 704 305 159
540 75 520 628 413 578 237 736
481 773 210 604 492 547 347 346
631 277 80 175 505 299 208 240
201 922 169 170 620 689 236 131
597 411 511 723 767 852 187 993
564 316 537 882 123 279 502 316
241 762 766 208 955 702 375 235
331 545 259 540 879 352 585 654
542 15 792 202 367 933 529 64
834 771 699 986 416 336 215 700
456 718 371 774 791 399 453 544
558 899 640 805 663 547 990 719
586 500 737 592 899 470 920 239
599 114 966 97 936 157 22 486
153 739 59 92 837 928 897 726
979 757 862 313 872 986 348 967
487 490 749 760 320 19 513 396
465 398 713 434 160 589 78 53
367 240 267 9 51 25 34 673
980 161 816 480 255 114 860 839
889 605 839 816 903 657 861 471
282 366 555 904 467 382 995 829
765 112 721 379 730 653 326 251
994 970 82 9 372 510 638 856
96 695 737 703 220 556 966 886
749 603 700 82 924 593 122 546
339 879 101 354 199 870 755 83
833 141 725 395 425 52 369 284
615 487 611 636 74 824 62 388
455 456 611 118 752 298 861 468
521 725 719 193 139 133 904 693
540 829 648 79 46 967 148 172
828 831 163 244 857 656 965 284
398 851 183 658 936 199 376 769
654 953 282 39 631 365 425 482
482 787 785 572 163 225 802 953
505 328 404 955 125 664 246 756
751 440 609 423 307 753 976 89
173 752 242 668 857 449 131 343
155 961 633 243 628 517 761 792
715 202 898 536 642 354 88 361
951 483 240 261 476 530 498 99
809 931 193 61 365 14 394 346
324 706 231 194 470 944 915 690
41 573 593 49 486 302 205 976
828 405 96 643 743 839 440 852
892 765 569 877 138 821 334 205
390 678 935 582 946 238 688 343
753 154 523 495 920 200 166 450
508 180 41 329 654 490 766 474
457 177 653 9 334 509 902 737
824 293 700 483 749 282 313 508
467 306 952 229 562 750 735 900
313 633 964 124 110 392 226 293
734 279 387 3 580 540 629 75
125 764 632 40 424 119 547 964
34 550 700 145 543 767 832 114
133 116 5 602 383 649 926 849
912 328 272 561 233 350 496 365
168 932 932 391 453 845 493 660
792 110 538 650 195 806 873 544
411 819 148 805 87 271 550 663
913 751 805 740 972 453 730 177
673 76 461 289 967 559 466 22
444 702 217 356 193 171 847 98
310 523 80 971 782 217 900 120
791 664 672 417 19 102 734 107
792 386 947 941 549 723 509 931
239 483 52 588 444 808 475 26
584 190 881 829 78 768 555 772
972 346 791 317 36 921 850 968
51 191 672 824 968 856 799 808
757 989 951 637 911 35 197 664
563 325 544 293 457 69 162 829
812 77 291 647 216 37 260 804
858 896 108 447 126 790 968 386
509 736 646 986 529 838 16 121
281 856 945 926 672 713 597 89
429 524 569 160 413 880 201 416
136 117 380 791 576 721 145 262
28 74 318 646 526 101 516 930
217 763 695 972 118 736 617 126
81 428 270 465 234 733 579 397
392 589 624 847 334 854 164 448
84 446 567 854 802 149 517 94
87 272 733 6 218 719 398 611
444 970 834 219 553 298 631 578
986 205 682 575 765 712 439 975
878 503 11 428 796 740 287 275
21 741 412 979 494 376 466 261
928 358 891 370 924 846 363 202
641 705 932 569 468 299 744 359
687 754 558 854 455 246 457 833
646 698 307 703 510 349 423 185
33 786 406 700 758 291 577 728
0 368 796 362 173 425 636 244
80 485 498 844 940 12 436 767
185 296 909 658 931 524 323 63
327 929 860 664 628 802 367 384
603 622 70 662 941 368 486 782
829 321 896 913 644 514 623 313
354 42 387 213 575 988 746 109
969 982 711 134 383 373 844 69
676 840 479 953 293 81 984 934
868 416 657 835 147 174 413 499
357 568 364 94 269 940 861 449
832 527 976 896 405 937 292 413
641 200 724 714 276 260 964 136
794 701 182 325 351 202 811 923
507 883 0 405 18 442 302 410
220 543 340 631 817 958 186 246
25 104 591 577 484 373 998 963
153 5 833 393 963 944 503 135
556 300 166 499 592 473 147 523
855 928 734 696 347 530 542 820
532 510 967 547 705 751 344 402
941 358 717 696 109 315 536 952
416 813 623 293 892 293 426 581
651 817 13 305 616 836 516 92
866 515 142 62 551 321 573 814
496 1000 938 103 508 406 506 808
839 44 535 602 339 782 498 132
627 858 272 457 72 535 369 734
996 90 334 547 578 598 210 514
203 274 629 162 25 801 140 98
23 855 450 290 945 552 956 301
471 791 420 588 834 151 235 503
614 955 426 147 666 19 641 898
26 635 579 915 971 543 770 196
128 955 104 600 694 128 470 285
888 550 522 202 838 461 677 260
311 734 621 148 899 157 218 174
719 818 244 143 84 979 10 369
388 495 992 452 76 678 821 502
607 0 317 168 94 532 835 474
112 68 423 921 138 547 528 658
534 755 372 134 246 467 306 137
477 436 877 752 343 411 779 243
545 698 110 878 809 681 46 344
26 927 149 141 891 674 510 58
603 224 795 911 112 244 221 466
587 428 14 991 797 944 580 333
588 424 386 471 874 77 799 693
698 139 702 117 349 766 455 860
583 276 878 87 471 358 188 581
375 894 390 231 875 393 446 530
999 160 232 734 282 135 655 157
339 362 532 279 525 724 4 867
359 131 660 663 639 178 55 199
876 100 699 346 532 728 460 483
168 958 4 616 650 465 543 716
257 810 430 562 865 956 321 475
953 113 723 323 543 156 471 87
597 324 693 719 472 702 194 941
882 551 503 63 334 29 170 650
369 784 146 918 49 703 454 346
103 85 220 643 433 37 70 163
688 504 236 525 643 380 140 584
169 131 369 365 996 248 704 539
492 336 6 250 341 564 260 740
702 444 4 625 961 964 721 210
820 344 469 213 669 980 359 714
144 909 37 44 442 474 82 93
893 172 641 221 111 365 400 619
971 723 341 623 367 674 565 33
745 977 534 121 872 851 317 957
163 205 555 99 961 314 442 547
550 206 24 654 699 68 815 270
733 251 186 574 899 741 688 583
500 924 659 87 545 167 962 760
320 921 740 826 235 305 210 390
438 111 149 631 423 462 667 552
831 791 375 292 292 802 632 593
239 173 607 576 351 747 678 566
521 550 250 915 593 14 437 470
863 774 236 119 137 904 150 656
194 105 208 902 189 379 251 475
455 622 515 524 395 111 413 302
135 906 832 25 925 23 973 895
728 676 576 909 68 899 497 327
477 290 236 512 187 226 902 903
403 427 123 696 517 526 311 227
951 306 625 381 627 44 311 405
750 274 486 713 120 729 713 595
568 176 95 905 742 948 594 624
70 793 474 178 604 931 936 340
833 984 144 885 331 31 95 447
2 129 219 758 863 452 681 88
339 483 233 407 419 715 788 140
760 80 725 251 595 620 302 847
937 796 971 979 56 239 303 961
642 463 37 57 489 961 584 629
866 451 541 959 108 65 469 828
769 293 402 989 749 76 775 290
980 597 160 264 999 590 480 864
850 272 823 524 749 840 486 137
652 670 722 963 290 665 213 536
771 728 768 1000 256 889 277 869
729 41 109 184 832 384 20 872
19 502 695 217 475 98 40 654
966 530 528 700 716 342 473 518
113 610 139 719 40 692 182 650
533 986 415 363 166 818 80 853
998 57 426 951 759 910 135 389
986 978 22 798 507 289 505 932
435 20 916 201 940 301 498 141
607 342 964 692 50 477 831 991
152 534 569 649 877 424 194 339
76 138 642 164 331 350 997 635
198 759 620 402 547 704 19 700
760 42 839 314 318 186 505 290
955 405 521 456 469 837 80 375
426 946 325 501 394 798 348 198
163 795 45 87 410 416 189 995
162 283 416 881 121 298 44 402
344 320 223 502 370 875 609 438
404 106 256 763 403 48 588 628
530 892 840 357 336 47 387 247
697 338 271 797 66 4 406 166
739 232 750 390 275 850 696 286
247 191 486 735 887 240 953 598
341 732 23 256 21 968 707 789
842 844 828 449 516 72 612 399
756 666 300 932 766 605 160 261
291 973 220 316 865 683 251 661
110 418 673 261 472 951 938 297
778 18 548 511 897 118 472 362
204 372 911 940 150 824 638 462
963 584 944 621 151 80 879 116
742 346 577 414 986 929 29 664
305 299 758 224 267 545 97 940
541 893 99 979 942 4 757 972
271 183 618 284 54 11 533 116
161 850 46 576 634 552 174 535
668 804 596 608 773 528 740 857
115 493 407 631 621 811 598 190
750 550 99 605 193 33 45 429
546 587 375 668 207 253 996 985
746 343 520 588 613 124 695 732
105 944 974 698 198 122 750 108
794 759 885 646 43 29 642 889
452 903 493 256 498 178 590 69
641 315 568 400 679 184 102 609
813 332 870 680 656 998 77 612
311 419 946 84 93 873 289 978
811 534 636 270 314 323 26 518
222 830 363 158 597 739 399 640
997 93 992 959 701 3 875 310
662 659 605 466 102 464 263 346
898 376 677 744 832 129 666 951
379 529 989 678 658 384 329 769
452 846 458 483 340 121 823 39
835 385 401 577 324 303 386 186
453 543 174 519 715 464 382 512
158 900 823 651 314 232 927 684
267 739 837 211 165 115 885 319
547 965 852 431 787 529 202 343
880 765 265 898 33 635 116 139
267 210 786 474 403 578 562 916
421 148 52 17 198 381 161 726
668 893 318 649 611 90 994 112
75 45 176 659 1000 790 404 520
641 851 834 656 13 492 478 555
551 712 3 888 560 559 208 294
41 553 15 311 687 535 276 698
848 392 147 712 146 855 907 40
391 651 459 484 124 991 596 240
280 93 335 706 752 957 154 124
723 112 108 634 433 209 561 619
631 220 750 537 850 857 209 356
3 793 931 149 805 726 932 504
784 401 636 482 352 792 337 293
795 136 149 763 982 844 538 679
480 632 872 42 204 878 898 437
673 605 649 974 773 650 82 525
850 665 563 433 545 199 513 671
147 148 234 839 641 903 481 232
760 982 177 889 918 976 9 798
181 38 638 887 479 321 919 620
441 541 563 419 446 51 876 861
675 273 371 240 766 624 490 43
121 23 591 294 324 720 268 183
485 661 526 256 196 212 211 949
936 189 766 205 908 3 332 179
123 344 604 776 0 756 821 837
460 581 603 163 949 810 205 919
9 820 449 778 914 754 65 722
837 494 93 514 433 418 347 495
326 170 820 446 821 267 823 388
254 340 724 798 274 621 204 643
575 871 629 410 300 687 740 441
501 687 81 255 743 521 856 918
416 346 379 383 224 800 64 190
261 532 209 570 26 186 452 138
957 655 13 50 788 383 38 642
895 466 346 62 368 886 912 824
650 499 251 372 203 278 769 774
128 595 219 261 754 376 373 381
149 872 423 515 809 29 508 194
289 854 110 583 461 386 357 550
141 803 185 935 284 557 311 224
652 923 676 356 467 436 354 749
877 36 44 638 202 47 745 984
976 904 40 70 267 355 986 39
121 329 896 671 233 439 286 177
661 844 613 199 653 276 680 417
697 442 608 64 739 754 511 179
296 214 667 586 566 199 887 189
600 566 487 968 454 873 904 859
861 233 83 328 210 56 170 650
650 696 280 230 961 407 353 253
284 860 867 671 553 279 191 334
364 19 929 148 510 389 280 789
605 158 443 306 383 818 66 183
752 411 166 989 622 31 705 22
952 812 474 870 705 764 835 517
78 696 173 76 563 869 550 443
548 101 775 500 89 209 483 438
782 123 831 245 220 983 924 5
924 794 967 108 986 375 140 493
557 173 834 514 386 667 528 79
720 476 365 167 714 794 949 607
735 946 364 617 905 496 7 479
179 129 476 155 54 26 115 944
358 529 355 541 924 71 85 442
166 499 186 923 383 517 457 722
677 316 598 779 152 424 767 731
48 544 482 380 135 824 5 552
145 255 343 455 918 984 414 97
391 685 596 192 420 470 920 215
689 795 724 854 780 694 934 42
454 250 62 913 616 638 200 524
618 447 291 952 686 654 32 373
752 717 408 506 474 867 340 490
37 110 350 11 994 957 18 13
346 522 103 373 574 551 362 567
352 352 279 692 825 366 892 787
63 388 744 506 383 835 235 176
694 959 301 373 478 748 893 197
693 997 654 771 159 696 908 137
348 861 88 502 255 518 231 677
521 863 97 918 85 888 161 164
890 592 659 822 825 631 61 140
785 48 88 175 688 700 101 302
139 716 145 657 918 261 824 205
779 457 204 698 188 162 430 896
667 539 174 243 265 18 338 812
377 485 103 762 721 19 462 4
815 911 711 763 650 655 725 242
108 227 778 162 751 440 354 708
838 77 454 756 914 771 795 147
857 918 404 304 497 114 503 861
122 913 706 861 559 243 464 790
141 904 677 80 428 732 646 301
38 960 238 900 235 397 467 416
91 901 773 373 250 411 551 342
172 737 102 645 544 849 858 96
675 102 538 692 923 557 876 727
695 467 239 895 293 528 654 815
467 390 628 24 515 43 86 233
22 631 169 139 838 437 973 493
322 110 949 908 785 235 76 156
654 563 996 869 972 100 290 564
317 42 346 980 661 209 787 481
226 106 762 119 345 285 549 520
932 854 71 917 34 421 732 671
96 746 138 543 610 125 360 103
718 615 966 180 145 623 86 584
314 612 812 122 229 970 675 517
491 779 282 137 815 202 759 227
756 937 812 363 528 346 628 758
785 210 533 800 107 56 354 381
91 747 785 335 332 645 324 489
616 536 25 331 978 357 420 143
964 819 249 668 467 204 900 138
494 914 649 337 842 810 924 706
499 860 693 351 174 830 967 275
730 227 48 338 216 251 638 733
996 251 554 703 667 301 137 36
253 640 851 286 398 217 812 150
172 801 298 185 261 78 105 821
721 891 596 379 163 946 844 521
760 421 550 196 158 853 732 275
571 1000 536 111 442 120 605 273
792 226 631 161 763 790 515 729
626 502 574 446 896 231 675 123
927 362 706 407 453 801 533 785
886 955 665 526 811 797 524 177
400 423 865 998 492 979 563 196
767 529 527 408 697 637 134 881
135 418 57 870 458 635 827 626
157 624 426 922 433 492 289 109
425 251 200 696 537 550 50 188
214 939 807 974 798 287 771 535
701 651 419 557 196 488 410 479
620 945 467 159 766 297 13 211
621 558 386 616 859 758 695 798
870 464 977 867 520 242 689 357
468 358 502 727 248 232 254 717
822 321 763 181 709 717 26 627
259 80 54 941 276 647 551 282
265 274 138 105 509 832 651 375
30 690 995 298 537 405 600 135
182 124 166 298 698 397 750 583
802 921 236 180 967 747 889 854
164 573 798 608 772 488 489 36
499 375 451 443 506 399 822 397
587 710 829 544 462 836 381 925
181 448 860 240 509 310 297 922
524 19 310 547 183 901 715 373
115 842 496 521 206 6 473 105
162 925 277 513 220 840 728 56
395 270 138 882 582 651 974 331
614 198 651 874 269 508 385 211
524 729 412 932 744 119 299 226
531 853 464 369 322 247 219 73
443 161 791 473 900 625 859 222
432 818 114 884 224 563 688 376
782 899 938 983 943 432 82 54
322 873 55 333 631 411 702 351
247 205 586 104 115 104 990 493
904 938 623 134 656 171 26 448
847 670 54 624 929 934 145 878
832 11 212 324 841 972 974 949
305 403 382 916 138 235 705 948
124 637 831 209 74 544 321 758
710 591 231 395 695 385 881 175
631 27 592 178 883 478 764 299
485 422 144 850 388 230 802 37
659 990 200 470 985 240 795 676
159 109 646 330 60 802 945 703
300 96 95 410 988 13 927 482
519 511 140 263 160 332 428 94
802 626 151 945 976 390 885 88
273 276 350 528 379 405 564 785
150 724 59 198 678 384 269 474
499 489 1 77 108 479 974 935
537 298 556 942 566 780 286 819
611 501 66 247 232 610 30 252
754 759 52 22 911 249 614 893
936 676 27 725 984 285 932 202
749 290 724 593 408 288 628 852
184 246 264 245 210 885 377 799
543 225 295 724 162 667 606 652
705 916 766 229 461 544 972 109
65 541 425 182 567 576 450 335
94 338 284 18 911 861 187 197
501 935 95 605 948 702 249 731
993 204 906 914 509 729 645 313
544 95 470 885 845 307 127 856
391 949 456 12 858 722 326 302
791 149 508 546 814 195 335 146
697 886 152 993 394 502 432 881
694 797 520 560 256 407 275 136
889 961 581 620 215 598 780 726
521 532 903 685 346 663 587 220
674 725 286 827 355 676 608 732
133 546 108 678 19 670 220 78
863 158 530 353 862 807 539 236
126 398 988 405 619 541 247 439
161 912 323 624 857 237 115 415
543 35 671 378 816 927 733 96
391 315 812 759 115 30 309 484
384 1 61 177 315 645 835 20
655 273 435 875 133 402 745 459
302 474 809 716 6 37 316 338
286 388 618 614 767 679 192 651
718 515 411 132 144 872 307 249
406 774 528 468 823 727 879 950
973 98 634 748 798 343 627 844
112 891 184 227 370 64 322 506
11 505 887 427 266 138 200 628
274 911 127 823 402 464 945 540
218 403 93 89 730 662 398 616
699 229 758 654 895 224 820 89
524 485 718 154 400 50 765 212
412 203 696 315 34 578 748 932
568 877 867 749 186 461 154 737
734 786 786 616 368 639 357 911
863 162 41 749 258 80 689 357
39 237 35 323 744 116 271 948
73 711 917 233 658 643 967 959
252 980 195 167 737 254 661 827
352 825 2 978 735 308 404 47
10 545 206 839 977 402 765 318
412 78 801 410 292 124 514 607
639 513 270 218 399 286 990 127
67 508 140 950 750 650 532 299
595 687 193 827 980 241 592 389
420 82 604 541 841 911 947 538
879 502 131 284 756 618 256 970
349 73 967 869 449 349 706 861
600 304 695 912 996 402 332 995
87 584 444 992 680 633 634 685
927 648 945 384 868 586 10 260
366 377 989 884 146 383 707 752
434 553 303 717 397 2 457 101
998 438 48 30 666 810 427 155
588 384 891 516 455 917 977 21
346 410 989 232 832 17 658 696
114 659 835 759 811 42 396 127
380 359 51 850 697 813 676 159
283 813 986 63 110 191 918 443
617 975 958 270 200 894 966 456
662 257 601 993 308 478 520 438
178 142 992 259 905 16 213 180
614 338 831 840 83 895 314 665
475 547 928 338 554 589 267 947
972 494 116 790 110 32 662 800
997 600 563 378 420 219 377 676
406 609 875 648 995 724 15 244
464 457 481 625 242 955 52 59
243 970 629 172 512 210 232 5
683 949 724 715 176 387 506 994
497 768 900 366 859 303 841 658
941 775 345 716 418 182 30 351
351 989 241 98 506 622 318 340
172 963 990 165 125 59 619 675
276 375 292 982 683 117 631 93
889 805 192 645 103 232 336 84
305 893 501 502 125 622 888 35
704 694 953 370 221 663 390 999
802 89 732 153 651 552 811 783
639 160 570 846 625 206 220 725
517 395 608 241 987 278 890 984
316 546 712 566 119 957 246 760
294 528 892 589 150 736 726 959
225 574 252 539 97 834 103 403
816 788 335 190 977 817 875 396
42 341 231 573 87 478 408 672
526 698 965 625 563 47 942 464
56 604 93 217 863 349 346 785
504 266 337 402 900 29 882 475
246 368 328 781 7 933 957 14
20 122 616 461 446 349 372 762
17 194 446 806 889 999 357 519
672 750 60 919 360 134 231 608
978 365 445 444 339 364 532 53
443 43 488 556 461 900 345 705
951 454 9 6 856 669 88 60
844 712 80 436 275 737 830 409
214 225 886 579 576 384 151 133
773 195 717 961 657 800 17 554
151 552 526 471 634 249 420 974
210 710 934 177 720 670 25 219
413 421 262 534 155 725 494 891
512 37 875 226 404 758 31 157
966 270 128 499 194 656 751 123
610 473 737 727 560 410 341 609
186 841 286 880 544 641 829 955
3 460 366 699 695 232 922 925
476 50 271 390 941 834 9 290
920 461 351 762 198 557 310 181
789 627 770 291 554 293 726 891
33 642 625 192 212 92 195 247
43 788 643 849 292 848 803 139
667 804 359 316 841 44 629 287
860 295 212 497 61 228 327 265
651 480 74 450 512 342 110 787
519 614 758 733 791 646 394 406
504 793 335 591 789 931 581 331
860 582 322 33 602 1000 999 431
812 258 802 419 81 832 428 660
875 563 314 925 938 711 487 195
124 594 793 408 885 27 430 84
43 124 107 460 156 77 563 318
51 516 890 579 428 482 983 973
974 637 905 987 316 432 666 286
958 616 887 78 960 549 607 101
563 881 537 225 816 987 14 586
546 998 819 324 164 326 51 191
108 340 664 682 548 371 839 840
218 624 247 673 357 125 334 712
201 535 960 985 302 915 124 345
695 740 782 694 62 956 267 629
533 873 347 579 656 614 442 104
668 646 185 539 974 580 636 726
7 711 445 228 139 847 568 826
102 924 571 111 978 665 549 858
484 518 535 778 162 313 730 552
148 346 87 142 702 792 308 846
81 452 40 459 368 491 819 336
982 71 163 946 288 887 334 9
603 67 38 109 476 882 160 822
541 534 333 628 226 967 211 903
921 521 789 388 427 634 514 540
765 393 637 649 490 275 805 803
778 985 282 846 541 322 225 989
645 899 564 14 57 673 500 981
827 553 303 423 823 182 100 442
822 805 606 867 738 306 888 197
567 761 617 776 967 7 258 311
827 436 727 126 22 795 125 3
534 537 968 512 133 459 9 740
781 631 835 169 472 597 949 89
846 348 872 106 11 892 387 519
557 228 864 74 924 919 632 440
574 77 795 56 978 914 982 905
240 397 539 405 703 90 418 694
638 426 912 129 58 282 512 447
591 938 721 466 679 241 729 311
474 109 12 597 557 737 941 220
313 599 699 18 595 290 487 756
236 590 178 612 750 955 797 323
776 562 404 585 812 972 735 468
470 440 632 176 700 956 561 96
437 55 598 884 0 575 837 360
436 236 424 419 914 257 678 497
547 4 251 880 552 524 577 964
468 908 301 176 586 364 875 528
350 746 75 762 921 554 259 302
693 49 821 507 92 802 930 546
568 165 380 67 557 327 271 943
964 313 385 32 666 155 385 354
889 587 626 702 740 32 866 968
450 580 224 156 151 32 429 365
329 902 711 244 515 311 533 380
702 744 957 906 373 693 774 410
746 912 12 955 940 917 554 211
367 15 454 677 119 63 711 954
299 245 817 131 408 168 587 428
629 973 945 844 649 723 973 101
366 331 157 544 839 548 289 791
747 365 525 688 766 262 806 538
698 502 115 1000 37 814 957 346
117 810 643 405 0 173 606 857
758 223 594 689 778 477 119 146
684 702 243 509 12 189 258 265
247 167 970 568 184 275 551 567
494 1000 130 979 366 487 181 990
282 928 376 325 119 495 213 446
282 293 155 242 740 317 22 960
678 955 855 50 142 122 40 711
11 190 180 613 518 879 74 899
950 461 397 665 438 105 122 828
771 718 817 819 550 105 238 72
87 285 632 930 272 609 527 457
123 164 534 246 278 310 596 602
148 390 227 185 346 145 619 329
567 2 851 395 657 775 567 163
488 912 409 408 595 526 653 574
693 517 889 622 645 160 60 364
615 980 973 94 217 744 922 134
62 732 197 315 136 348 628 910
326 559 990 414 300 991 188 263
595 671 308 866 612 835 4 686
9 376 403 39 519 758 674 666
603 155 767 234 975 620 241 654
815 350 411 471 101 876 145 111
570 783 895 769 686 608 275 330
636 579 403 466 466 823 398 990
529 620 666 593 705 963 996 948
959 369 5 84 910 17 319 16
394 441 551 763 372 411 15 507
749 647 853 969 859 659 929 455
706 738 144 901 930 174 164 119
542 946 960 343 590 664 926 116
218 57 299 305 652 550 907 615
452 498 66 412 801 475 356 530
350 32 32 15 262 732 411 995
991 712 467 343 828 155 812 368
492 449 909 153 996 965 951 152
916 628 255 628 344 815 285 162
648 261 335 796 142 624 178 382
672 554 126 524 424 707 446 764
623 341 995 373 360 157 907 634
284 526 824 32 927 724 772 16
632 537 150 214 704 52 702 245
44 815 491 653 871 76 97 494
394 85 250 565 971 87 282 511
284 455 348 436 378 309 840 425
929 328 65 37 822 144 426 986
660 554 848 528 423 27 861 281
520 472 222 684 142 469 300 758
283 536 588 711 893 373 705 317
413 897 897 922 175 93 945 298
943 496 48 757 254 607 205 757
782 219 52 657 982 157 53 671
37 710 876 204 904 698 125 694
996 674 104 267 67 34 794 251
219 184 120 388 31 786 97 535
981 450 688 443 949 1000 169 657
487 477 259 400 95 358 840 315
550 1000 736 390 310 905 555 474
217 494 841 212 0 981 198 708
869 350 838 621 80 849 164 17
700 152 980 551 149 228 678 733
664 790 447 361 73 661 270 449
454 769 183 178 807 267 184 153
547 279 533 224 372 262 809 479
982 161 469 479 903 80 123 175
315 512 806 280 262 504 33 968
379 494 107 738 205 60 403 60
934 733 360 52 122 660 696 105
864 729 863 572 869 843 491 835
741 793 170 130 977 680 866 964
572 361 701 465 301 833 343 108
745 193 735 946 168 735 463 376
208 438 841 58 403 763 758 556
903 106 729 306 215 217 30 840
560 744 241 461 982 417 717 986
406 803 337 466 506 41 247 408
18 337 655 140 702 600 172 225
968 586 566 165 503 683 907 591
749 226 911 746 427 660 606 553
755 511 664 269 688 126 530 106
798 893 31 783 446 612 492 741
272 205 708 46 275 36 877 67
553 113 135 862 2 843 804 434
708 270 696 391 993 268 480 219
63 37 649 911 641 254 188 740
637 302 450 818 925 351 728 691
604 258 313 192 563 232 81 336
633 308 204 408 467 932 185 579
83 354 531 909 491 269 774 118
356 542 427 420 732 6 541 39
688 239 70 1000 934 176 178 377
128 257 943 936 901 215 224 910
959 850 70 132 277 712 184 969
28 400 143 180 528 699 208 177
433 350 382 631 120 466 579 534
222 34 543 996 463 446 230 167
202 399 884 669 305 484 961 800
13 792 739 892 893 603 932 28
45 667 51 407 987 707 733 825
101 172 392 908 525 131 748 64
510 931 543 457 262 902 262 918
763 764 103 986 860 997 610 13
949 307 402 983 224 609 423 907
118 583 820 231 607 458 436 4
909 418 617 715 56 942 773 882
380 878 605 390 695 80 195 764
145 210 901 77 274 942 370 308
581 786 50 643 990 10 918 676
589 215 796 672 665 48 22 307
603 217 664 65 9 365 435 635
254 865 552 96 386 551 779 890
267 374 764 558 664 84 777 202
664 471 34 700 826 158 932 459
827 849 795 664 162 852 947 186
965 152 866 148 723 816 492 378
907 384 410 960 648 211 343 141
60 63 767 64 314 107 795 280
921 659 983 35 146 361 343 588
587 204 969 186 614 795 357 678
877 541 968 95 393 714 199 589
918 242 194 682 590 582 180 625
758 831 449 163 632 456 559 672
912 683 115 331 815 877 760 414
493 990 885 593 19 628 363 882
536 767 762 679 935 96 356 187
790 543 706 451 412 66 974 32
723 185 782 262 258 360 741 638
838 770 879 148 617 622 183 988
144 758 985 483 241 834 642 390
201 584 320 385 632 61 21 611
518 325 570 777 764 90 213 554
887 238 393 904 233 951 872 968
2 791 994 824 803 201 893 233
941 597 803 971 283 154 48 82
734 771 428 934 17 427 23 547
438 834 547 380 511 995 692 915
146 202 107 35 938 60 765 280
167 955 828 274 22 371 628 169
873 287 450 320 410 466 350 473
783 917 135 830 238 35 505 845
646 682 219 743 132 667 610 521
816 990 832 258 661 651 799 798
34 1000 42 376 33 433 74 436
295 106 108 722 701 247 195 665
606 737 686 563 979 464 459 614
967 444 680 147 536 392 381 812
492 633 241 719 24 259 619 970
989 869 676 448 992 956 744 261
590 832 637 63 384 538 148 829
316 516 236 407 569 564 735 234
828 619 292 731 683 259 166 240
146 534 697 270 943 431 383 228
37 468 962 730 191 186 346 723
689 588 141 437 679 417 222 816
339 474 71 704 453 876 579 997
735 350 528 611 12 190 407 366
26 792 92 615 450 155 676 787
207 310 604 841 235 538 439 33
445 521 376 847 440 97 944 928
124 246 256 386 843 410 918 143
257 843 938 119 394 46 551 240
303 612 502 809 340 443 771 74
542 134 304 874 840 883 17 620
963 500 603 765 480 351 737 733
498 473 150 823 844 735 402 613
916 748 369 11 360 410 27 706
807 796 399 492 390 105 273 872
484 913 47 195 363 993 932 684
515 872 609 879 636 313 300 175
163 731 541 884 721 525 102 127
744 578 808 220 456 83 108 315
807 876 848 783 509 348 866 667
321 222 494 38 759 544 901 875
512 213 428 325 701 475 654 847
76 404 868 898 111 631 922 176
733 304 229 138 827 487 390 210
435 444 154 971 880 892 647 651
903 144 158 491 257 641 249 443
886 560 390 443 694 976 684 763
427 830 48 781 565 389 528 894
511 396 185 314 544 334 810 931
513 935 710 395 37 910 62 747
70 818 584 142 244 857 997 310
408 853 796 129 130 689 452 953
933 631 944 751 363 18 8 597
659 632 499 3 979 212 169 562
227 573 109 404 827 862 135 836
473 224 475 734 538 315 957 402
1 992 893 36 447 633 721 377
822 225 823 733 677 687 710 260
547 551 361 628 444 266 767 398
731 189 225 280 411 787 387 498
395 349 172 687 943 376 839 691
889 559 525 131 928 507 300 133
330 445 508 324 75 75 402 861
409 441 521 58 282 696 223 696
503 140 880 581 931 259 242 763
164 46 929 105 904 164 946 852
692 20 261 147 548 82 475 274
673 154 46 907 662 822 62 230
850 850 679 936 22 487 241 754
580 878 632 531 630 996 141 971
904 474 571 350 38 767 982 552
87 919 218 389 496 805 757 888
734 911 681 590 54 967 833 625
48 882 68 116 788 809 458 743
598 609 843 583 141 278 459 678
464 649 296 681 610 424 400 44
267 722 168 497 888 426 231 34
675 486 421 893 214 20 891 349
793 289 693 56 276 512 85 71
167 711 709 945 170 618 668 376
95 369 675 212 859 434 132 655
283 191 949 885 589 113 135 609
94 264 79 893 664 451 681 230
779 801 470 378 146 6 236 708
212 152 356 496 708 476 123 703
322 746 800 811 962 550 432 470
990 312 527 552 643 0 931 761
42 641 700 644 804 537 666 8
166 313 226 455 310 531 499 486
325 519 940 670 493 806 548 590
62 99 642 837 656 825 787 421
782 699 720 274 297 622 869 133
754 942 160 752 635 146 446 134
7 357 906 375 187 388 280 439
103 405 62 920 935 758 790 845
49 690 631 932 419 947 621 883
460 658 982 540 583 332 253 133
863 405 857 114 263 169 784 675
418 555 920 970 791 191 887 400
722 682 157 544 785 428 336 18
560 146 141 441 140 34 279 99
836 23 973 72 659 195 832 425
873 100 312 100 490 250 614 584
499 476 466 712 423 906 552 381
182 221 680 308 986 128 354 500
392 154 190 736 562 505 281 675
34 745 640 503 576 913 872 812
393 616 519 895 332 609 945 995
640 634 401 78 99 36 730 538
761 244 829 220 687 853 231 493
731 137 353 59 728 539 877 782
736 211 409 883 985 566 677 572
108 375 743 264 180 344 532 624
51 772 552 384 956 595 935 621
740 129 584 654 502 857 928 557
390 139 308 874 531 257 840 299
505 541 38 611 636 873 474 265
245 412 725 336 800 598 921 881
7 651 888 994 890 696 456 858
441 333 572 389 101 626 585 507
311 232 974 335 549 956 586 529
962 587 161 878 347 622 718 636
119 604 520 313 320 373 784 341
69 399 235 379 108 157 535 888
922 291 685 243 312 799 67 809
93 420 896 33 757 176 828 888
86 590 847 44 77 811 312 175
129 761 758 634 555 814 884 717
99 966 149 260 906 102 495 422
16 153 178 149 159 711 303 517
168 620 974 297 5 514 736 454
441 573 746 554 417 1 239 186
120 638 435 978 966 902 875 210
170 917 741 389 203 388 931 336
634 1 169 530 715 47 656 687
901 645 78 50 958 982 441 362
68 362 967 631 486 462 255 845
103 994 140 753 17 536 868 370
623 642 906 43 439 254 608 433
211 574 633 673 813 139 3 288
827 113 744 242 38 155 972 97
910 105 869 304 231 325 702 75
99 533 916 156 428 291 455 826
145 629 126 101 579 909 375 477
326 328 964 32 317 797 473 428
816 512 158 930 404 54 87 875
183 844 214 275 449 13 612 457
826 97 14 263 596 869 280 12
652 897 946 765 437 734 29 976
227 206 448 959 219 739 120 856
92 114 155 771 288 74 183 830
824 267 539 182 939 7 763 192
855 278 954 340 14 485 920 568
678 124 192 514 751 892 734 59
398 169 704 851 557 649 293 278
939 942 841 111 453 552 583 269
137 126 388 506 63 216 246 375
865 253 467 624 364 283 87 493
568 702 640 545 862 423 88 404
696 440 571 576 902 441 11 956
772 664 539 544 364 340 599 19
42 223 862 85 647 631 263 307
457 805 182 983 81 793 573 987
414 674 251 608 662 408 834 978
728 28 947 201 21 875 175 87
648 550 812 946 933 256 525 311
434 105 833 273 673 25 207 773
32 693 875 7 885 260 325 449
205 193 41 928 826 243 193 457
386 119 895 609 723 442 656 506
588 381 807 890 53 811 342 683
118 368 249 402 522 533 961 572
317 760 961 702 618 891 463 491
360 22 740 144 197 307 714 758
751 809 276 522 208 366 510 309
682 805 865 751 17 287 536 992
83 854 280 368 852 994 476 940
152 887 623 764 96 78 643 274
330 591 191 334 361 686 331 260
878 728 885 734 251 755 650 205
404 932 50 708 732 599 741 613
842 927 300 543 202 704 367 756
543 918 726 725 350 997 277 621
619 781 89 826 265 124 113 488
368 727 936 498 732 439 620 778
830 710 531 999 790 389 471 268
893 609 449 194 68 335 48 341
254 252 946 626 458 185 906 804
978 538 807 191 885 839 501 180
404 736 29 986 903 175 327 948
881 204 359 936 473 395 558 624
606 970 907 690 875 235 971 88
215 237 268 307 754 561 205 484
673 511 845 870 732 371 83 621
599 670 72 213 9 801 338 325
640 406 201 491 794 461 660 600
777 673 567 416 904 995 758 879
299 121 517 488 499 459 948 455
913 24 392 751 793 167 972 913
449 271 769 574 275 302 600 476
254 1000 717 594 218 900 733 154
519 93 463 236 626 148 907 301
962 84 173 945 12 675 481 476
83 112 575 662 421 807 866 103
527 98 302 839 695 226 449 679
674 461 232 554 983 345 115 508
921 110 543 526 899 334 83 870
202 208 647 218 590 802 763 486
738 625 48 442 480 859 440 371
918 94 53 968 351 349 308 296
91 37 955 188 107 737 245 472
586 988 434 487 689 68 859 562
818 637 777 921 216 704 351 362
415 155 157 576 537 598 405 648
332 997 292 653 581 189 250 746
125 447 452 285 912 673 720 372
666 604 659 644 684 745 156 540
808 788 523 41 554 21 674 101
649 497 572 153 618 665 874 104
399 781 985 640 842 725 650 464
438 397 869 525 296 58 88 557
130 170 200 742 143 822 616 220
282 964 577 418 46 393 907 170
274 390 607 24 14 371 832 837
210 270 186 242 792 37 691 406
551 101 974 470 184 345 646 52
996 789 517 708 31 317 704 925
638 147 97 580 1 820 807 842
298 521 800 992 711 90 53 381
718 891 87 564 551 672 618 262
851 474 706 468 475 857 669 767
131 919 414 348 392 854 89 994
488 543 988 425 180 36 258 690
161 559 53 28 478 919 74 732
978 743 857 984 782 803 995 104
379 394 825 256 138 109 320 588
535 580 654 140 281 634 253 221
802 807 84 825 908 213 116 960
679 425 552 335 592 210 502 114
540 936 396 394 395 177 807 195
623 864 412 158 140 962 611 174
575 461 320 820 619 74 902 890
929 742 482 54 529 970 473 974
204 105 207 320 714 743 755 21
618 729 212 557 761 50 290 519
880 43 971 622 996 535 155 520
90 107 63 670 298 503 545 288
901 398 853 926 275 28 497 932
972 730 258 357 384 951 2 107
70 196 393 695 172 664 104 292
595 815 324 672 148 788 538 370
898 543 573 799 769 161 393 660
626 384 909 6 68 839 186 254
736 433 970 438 235 218 693 20
793 362 325 606 912 492 65 860
10 502 350 704 747 865 835 335
91 436 64 220 670 341 261 207
674 904 475 829 868 547 704 725
11 248 239 934 255 956 370 974
881 190 36 893 255 989 314 979
328 133 597 954 990 826 685 538
899 480 698 897 210 229 900 485
791 722 895 824 89 787 113 152
875 349 264 26 555 733 838 755
245 807 769 738 466 758 174 673
266 253 909 496 318 276 922 505
919 801 522 283 337 209 800 199
183 665 893 561 614 771 661 508
657 760 498 558 669 720 793 488
240 497 183 788 289 415 737 214
466 276 769 873 685 21 739 637
887 34 546 689 956 848 702 951
253 482 900 146 271 789 623 488
984 83 295 334 953 592 105 592
906 63 112 544 406 194 456 838
87 638 704 92 871 666 6 847
195 900 974 385 280 559 141 377
820 802 763 568 757 780 717 89
890 804 324 464 710 401 179 623
391 559 114 384 187 84 613 142
650 108 820 606 881 850 854 632
660 914 594 328 374 822 292 699
109 243 659 244 977 237 951 864
745 616 118 167 772 726 146 255
793 914 540 404 274 694 699 289
682 215 866 807 622 228 518 610
958 23 150 7 958 631 412 973
742 639 476 812 617 655 485 469
132 912 245 586 845 980 856 879
151 86 109 631 485 84 124 454
834 289 123 696 244 803 840 667
108 917 414 609 55 29 631 438
822 809 440 345 892 786 709 258
755 791 0 524 341 310 603 544
912 378 443 807 133 681 716 713
322 916 652 756 784 815 526 328
709 487 590 210 901 627 18 479
352 91 621 823 611 199 237 696
698 213 332 518 394 52 126 720
116 861 699 468 888 273 359 524
682 998 634 760 181 484 414 580
11 630 741 561 203 373 184 52
76 768 857 780 249 775 199 13
908 736 883 581 620 941 456 65
759 375 494 164 748 33 390 606
419 797 100 172 961 195 913 888
88 674 304 709 369 557 48 355
732 758 888 410 160 183 182 615
594 471 775 410 957 11 448 65
892 649 380 744 737 950 257 207
962 138 284 824 851 189 815 478
818 427 646 934 28 281 675 370
357 255 68 652 216 15 533 70
78 735 78 600 549 494 45 603
166 759 948 633 334 742 798 770
459 638 820 878 421 250 146 338
533 495 306 121 743 838 370 650
201 262 801 696 440 457 424 333
649 191 920 523 526 910 769 389
975 232 927 771 114 180 86 267
604 687 261 831 527 877 134 434
55 642 35 535 855 222 293 239
531 349 689 433 469 800 513 685
153 292 456 584 485 51 817 32
416 839 814 299 457 733 353 142
872 96 298 49 971 116 496 678
493 799 299 107 4 847 224 484
71 759 328 304 573 537 48 50
389 231 185 103 669 924 376 271
912 635 792 766 620 598 188 745
847 866 274 815 526 308 421 902
551 572 388 936 464 992 193 439
664 953 927 942 389 28 921 506
92 510 639 935 231 130 598 78
161 269 23 941 953 394 831 483
613 105 593 938 421 875 982 323
865 319 240 941 824 950 877 12
781 869 870 409 256 705 819 946
240 816 288 621 580 763 900 315
852 985 352 692 418 596 690 487
279 29 450 226 699 916 129 103
235 470 421 51 872 679 567 114
261 863 300 987 890 374 323 439
100 994 978 887 920 81 526 393
113 937 492 386 807 613 693 371
777 179 985 389 698 355 714 209
115 349 159 80 960 793 763 776
825 817 855 862 355 578 941 72
310 227 675 697 730 548 759 864
560 164 146 506 628 67 665 780
756 112 132 792 634 501 968 982
214 352 63 955 568 871 980 816
807 89 272 722 901 433 171 77
838 306 350 211 160 360 619 315
502 670 540 913 359 334 396 210
805 340 436 664 271 208 379 45
924 929 786 347 504 587 251 4
516 53 523 804 362 336 647 359
902 886 296 530 780 616 1000 126
844 225 996 34 105 218 561 595
181 360 666 504 438 909 455 198
989 842 473 546 249 412 319 994
526 527 413 429 472 530 40 1
922 32 112 724 792 731 413 55
820 0 57 919 780 816 680 931
881 311 735 748 931 759 93 263
356 131 61 150 811 171 320 350
162 790 149 971 785 978 236 923
47 831 193 280 335 260 7 188
726 766 322 662 833 761 514 327
381 791 883 739 807 766 539 238
385 402 104 114 619 249 806 714
466 909 614 939 702 579 176 394
448 257 51 340 16 901 216 134
603 281 341 502 769 532 591 714
900 431 199 770 822 0 58 12
768 268 60 731 339 790 925 669
215 574 943 500 703 488 642 911
192 847 315 369 820 514 182 753
995 846 636 64 565 268 926 192
777 918 360 895 453 600 874 410
431 783 589 85 523 785 38 26
311 403 803 976 777 175 39 504
218 477 231 118 504 756 438 465
493 284 527 971 173 930 757 998
152 782 218 955 663 793 190 116
123 451 882 583 27 820 263 112
353 500 544 377 640 721 829 251
578 94 761 226 180 16 740 750
100 801 150 845 160 309 641 45
253 394 829 286 328 99 985 56
20 967 411 475 812 132 406 214
458 995 57 883 463 528 796 339
196 989 1 427 298 869 281 215
832 591 442 821 90 27 791 916
850 783 610 620 443 728 831 795
925 690 615 311 560 823 495 891
234 366 1 371 586 832 165 119
237 455 852 322 894 345 839 465
368 180 872 2 721 413 797 258
625 583 595 953 375 742 965 125
173 738 466 77 973 689 444 780
411 154 366 563 87 750 2 466
714 167 460 929 794 417 548 464
356 107 679 178 891 725 480 175
369 361 16 655 977 79 745 997
215 204 103 40 694 275 854 715
190 989 585 437 890 782 54 720
993 754 512 133 693 991 267 202
201 655 203 819 63 851 836 142
160 796 392 902 187 388 795 367
162 804 494 374 153 758 678 114
962 186 986 847 54 463 193 903
472 219 668 239 506 945 369 9
59 308 484 102 605 512 800 694
445 384 335 313 483 477 481 173
166 766 217 100 439 308 527 935
96 908 126 614 24 342 383 204
233 334 15 26 280 563 783 907
325 178 794 385 567 431 754 749
965 991 820 846 742 782 433 740
42 406 122 844 93 143 33 316
403 632 277 960 352 426 256 424
600 769 714 377 221 217 970 100
910 297 724 400 275 856 325 486
248 269 917 933 936 804 256 422
438 231 568 845 408 937 538 295
597 321 438 708 138 139 14 7
554 150 706 943 62 157 790 639
933 246 22 697 998 765 112 846
219 421 143 343 735 665 204 291
224 988 418 483 180 802 197 96
416 139 236 409 47 909 280 933
881 466 249 607 344 791 87 385
830 138 434 937 408 1000 448 188
163 844 473 463 222 395 501 219
770 556 862 787 668 694 381 142
750 682 154 927 864 961 449 206
94 326 367 285 863 645 507 285
43 115 294 762 906 253 503 964
134 422 192 735 718 334 166 464
607 539 756 72 316 384 34 491
42 828 205 349 65 219 458 472
704 58 253 961 843 279 478 123
719 657 28 875 365 123 889 332
383 681 113 465 575 247 457 608
323 26 285 728 80 71 863 796
333 472 907 46 505 73 681 216
694 390 8 684 149 685 40 594
37 840 818 603 598 933 295 637
258 189 949 874 528 780 825 382
12 850 313 22 942 777 60 172
74 301 950 14 91 780 141 43
601 898 523 596 655 161 517 229
987 268 410 104 276 667 916 262
548 158 70 297 134 901 643 79
551 884 516 560 614 583 628 664
22 768 267 152 162 215 164 821
268 950 503 309 931 627 423 997
402 791 782 458 985 578 841 200
586 479 204 467 474 305 658 383
588 625 144 815 911 471 411 917
325 921 400 759 995 455 819 222
949 605 138 6 696 892 255 478
414 482 343 441 814 12 366 346
850 261 573 127 146 808 765 533
72 588 80 594 713 190 152 378
804 411 982 797 226 929 139 330
498 42 103 523 466 964 306 968
290 248 621 383 453 270 464 300
185 913 586 385 932 556 316 195
21 946 714 9 794 119 763 374
542 863 540 467 688 290 887 157
536 705 964 636 362 758 242 582
600 786 736 330 210 995 562 282
902 103 841 387 107 197 971 259
118 255 260 893 236 32 148 855
675 996 640 603 165 231 887 211
637 793 26 964 9 407 803 366
127 249 431 955 274 411 48 880
903 347 389 990 725 2 568 23
735 509 606 521 578 717 199 586
47 740 558 903 115 679 825 218
493 924 988 213 472 918 265 82
144 429 461 539 444 741 822 468
9 220 671 553 947 24 363 243
109 30 474 56 771 796 820 636
704 380 63 317 460 120 674 312
266 822 313 324 399 876 438 591
535 502 95 558 127 974 365 935
625 412 688 140 432 557 567 363
10 264 180 751 645 731 995 655
797 757 172 312 255 735 772 908
300 385 704 101 799 270 478 852
240 979 723 6 308 171 519 361
249 518 366 876 615 806 989 238
168 355 616 653 359 221 691 646
479 648 488 498 185 237 635 932
398 47 160 42 637 611 934 794
830 701 288 729 178 834 769 380
737 74 437 390 243 494 701 572
142 940 39 23 657 794 24 820
939 727 831 827 312 207 481 838
785 908 939 784 382 190 322 322
348 14 230 786 537 496 396 764
83 683 619 527 979 601 747 83
664 251 146 845 101 170 429 793
117 262 986 555 120 29 553 516
486 64 687 645 776 711 337 865
323 403 500 354 436 92 298 732
223 543 880 254 443 435 708 464
457 50 56 912 72 281 153 973
250 490 873 981 286 912 364 566
73 394 41 553 694 871 768 471
940 78 982 664 459 281 959 31
357 182 628 324 840 715 122 697
357 87 677 33 62 357 376 588
481 146 887 809 224 355 105 128
470 97 967 157 790 636 188 231
794 622 698 146 349 234 897 500
381 764 159 102 589 269 352 131
203 599 206 339 187 752 875 667
58 34 108 315 470 919 69 696
863 687 504 869 980 292 197 951
46 716 980 809 85 82 215 167
538 699 449 563 337 787 1 902
347 831 842 821 698 2 978 381
278 433 355 114 261 841 479 769
571 142 496 915 264 548 741 973
804 244 38 164 353 790 730 403
424 962 70 589 873 902 486 567
723 404 619 272 103 514 125 990
67 514 81 1 335 959 245 345
957 956 313 842 326 860 17 576
327 715 588 700 997 126 90 217
27 4 365 1 179 60 874 938
85 850 523 357 279 654 834 32
592 888 919 118 874 680 443 453
59 866 784 337 423 653 401 147
467 931 238 586 540 997 851 858
965 388 401 957 814 937 313 977
327 44 760 793 669 778 610 795
77 125 113 977 216 296 193 998
11 861 677 286 36 973 769 475
237 596 318 891 615 202 977 132
974 509 291 963 314 159 582 185
155 723 291 842 668 83 804 8
563 878 491 1 960 560 17 954
846 368 73 458 312 303 13 629
892 319 411 957 701 136 140 460
291 608 259 668 576 362 765 330
800 225 692 944 285 32 570 622
664 973 605 675 122 700 684 314
180 631 414 898 51 995 50 59
264 227 657 481 203 967 520 170
463 804 759 160 549 91 107 673
642 696 732 732 351 921 76 179
461 20 35 776 732 253 254 814
196 825 736 919 657 393 329 32
330 836 754 520 685 313 335 678
439 96 44 360 422 579 991 86
986 26 963 379 702 782 126 280
162 328 913 699 565 648 693 302
518 677 450 751 354 840 621 921
957 357 856 277 857 62 632 394
976 955 68 632 665 998 434 165
3 258 566 318 459 106 301 635
106 674 869 10 170 785 588 954
949 947 213 832 496 217 520 408
141 405 425 555 783 970 556 927
814 889 492 715 75 385 865 959
512 242 942 404 640 316 896 650
731 174 15 767 242 633 684 787
581 642 726 308 674 573 178 755
395 541 250 561 554 500 424 515
535 796 944 382 514 365 500 272
84 33 418 595 713 505 556 539
178 292 264 941 688 798 465 174
757 791 272 135 436 479 898 171
236 845 537 409 679 810 375 285
389 366 700 685 614 941 680 733
509 564 538 897 461 481 895 925
883 569 114 189 991 288 104 427
602 775 878 145 88 435 487 671
686 903 425 309 637 636 2 377
474 188 580 403 53 368 139 180
631 865 876 200 563 213 886 76
609 769 855 829 203 157 521 790
644 435 587 186 328 936 282 253
285 731 636 222 454 769 965 336
423 126 307 403 616 594 262 531
636 29 396 781 630 815 488 99
998 960 143 826 838 57 734 644
461 826 441 806 527 197 712 291
799 923 734 363 573 809 62 370
988 962 934 276 156 471 532 758
816 300 590 677 662 179 788 59
615 739 125 958 41 383 535 810
324 576 478 340 232 53 735 998
958 188 148 300 512 307 212 341
135 823 569 291 971 753 547 866
937 95 618 648 976 585 189 130
76 768 895 771 700 761 229 381
879 611 480 230 106 831 316 800
378 528 9 615 773 468 526 702
862 420 722 755 551 638 892 912
866 997 311 343 245 261 275 182
698 803 144 277 372 541 179 613
534 238 764 412 49 499 239 959
239 203 158 289 498 912 334 3
162 932 364 287 208 611 310 368
797 39 213 928 950 272 575 687
178 903 862 385 893 600 158 896
433 34 926 32 408 11 952 197
814 446 790 565 241 896 833 641
666 759 134 289 338 108 506 12
334 121 329 484 962 97 775 462
58 547 540 189 68 115 575 238
156 476 810 840 366 627 965 85
480 206 306 383 140 247 257 831
869 126 507 711 45 740 381 180
754 547 981 917 681 7 674 550
444 736 899 32 576 526 414 177
40 503 968 238 540 477 141 400
454 147 60 134 776 74 498 787
116 50 678 328 390 801 451 205
173 833 759 423 246 95 714 366
543 741 877 668 540 603 536 100
897 508 419 843 172 20 724 498
875 657 276 946 643 606 801 418
75 696 834 689 630 691 342 305
56 768 383 762 570 191 44 285
517 623 548 674 538 163 917 871
801 933 313 226 243 146 270 862
506 907 613 616 219 252 175 274
674 946 690 181 197 973 253 543
748 85 704 78 394 918 582 426
906 997 662 126 674 960 65 448
304 642 951 144 369 528 630 998
487 974 371 505 58 308 411 196
664 80 647 610 513 392 948 561
319 409 890 823 972 135 678 771
612 76 648 829 371 647 603 912
833 83 522 951 604 172 945 753
313 489 766 352 873 237 540 493
850 604 573 745 842 498 888 593
547 791 38 354 621 861 674 840
897 322 378 333 561 502 722 203
573 943 773 916 236 201 976 375
68 250 16 85 82 618 391 843
881 714 607 327 995 808 901 258
492 304 80 801 375 459 525 60
648 59 800 713 103 134 59 392
351 257 882 156 745 60 971 369
839 932 134 434 691 148 283 944
527 448 4 712 930 360 843 909
519 596 547 4 134 201 178 793
592 767 326 561 370 196 301 486
234 845 292 650 266 198 142 326
156 481 292 409 214 102 200 323
176 833 808 87 62 353 280 152
757 31 121 643 574 827 244 328
206 550 496 727 673 561 341 810
319 800 5 813 726 744 582 56
245 887 578 767 157 113 686 706
689 955 370 850 948 3 772 74
776 895 608 337 913 397 602 378
564 296 699 587 570 22 393 508
777 152 123 251 131 532 928 575
539 296 623 981 779 854 93 238
508 463 329 525 438 973 387 63
185 854 725 908 47 827 667 532
728 624 785 732 211 708 509 808
804 688 261 688 835 372 19 619
726 999 946 610 995 975 709 232
1000 40 128 78 606 868 440 695
396 760 643 360 574 771 965 292
539 977 544 5 885 964 663 521
18 609 485 486 677 798 740 433
817 127 13 55 243 994 502 854
341 849 61 651 228 597 169 973
457 410 393 586 264 83 409 9
582 542 521 161 702 932 793 114
176 150 884 797 274 232 974 150
391 721 567 471 224 665 593 338
648 632 879 472 639 438 631 317
96 624 471 944 537 318 242 763
586 329 253 158 686 972 558 657
524 334 76 769 536 505 625 821
468 103 17 279 53 522 77 713
27 125 439 788 202 249 749 875
545 936 309 878 451 8 427 185
932 77 483 43 111 997 95 600
628 107 384 584 381 842 647 100
226 380 238 909 551 40 192 34
155 482 586 675 690 797 824 783
166 289 215 537 199 257 627 897
713 354 527 519 440 862 692 978
711 1 607 511 778 582 461 201
798 338 943 318 196 718 586 701
550 999 738 992 202 618 457 81
373 208 189 445 888 310 53 726
989 146 4 539 950 99 241 185
783 793 944 105 871 592 62 723
208 381 924 544 179 859 57 673
797 970 253 425 529 824 62 255
680 400 377 179 153 506 993 8
879 917 692 195 92 418 541 731
57 766 601 273 176 79 60 766
440 448 63 879 566 864 862 512
264 963 66 298 188 11 94 666
551 519 222 856 44 488 743 858
329 6 214 694 285 452 738 582
649 602 806 798 802 552 958 397
238 473 161 661 254 790 670 892
554 778 811 266 186 998 725 863
838 504 509 33 612 127 350 760
669 143 567 550 348 737 29 558
764 249 660 583 682 936 171 968
588 817 317 310 535 775 397 68
939 330 816 117 216 811 327 662
865 143 797 824 290 906 240 969
767 928 314 982 43 297 773 169
257 909 546 824 942 127 711 819
251 508 417 320 459 234 431 619
635 408 901 504 787 846 499 577
333 103 810 202 372 485 124 853
888 809 238 899 820 124 360 510
457 442 284 232 446 564 919 208
908 693 167 280 837 747 657 209
206 192 194 882 891 48 358 728
430 779 189 316 257 507 34 437
501 897 401 472 968 274 692 665
80 653 118 747 615 599 771 253
274 538 185 734 533 221 886 560
778 199 463 461 320 790 40 349
780 209 821 415 249 238 168 235
7 260 989 892 49 37 344 550
111 597 666 484 997 264 172 397
473 297 112 32 817 257 311 857
682 373 966 236 913 348 588 929
699 500 149 674 434 669 574 80
577 975 185 88 473 397 433 911
968 849 357 468 271 744 266 63
191 667 795 822 769 442 859 633
606 965 305 749 65 702 209 710
549 743 670 754 694 920 985 20
910 460 765 574 568 603 34 682
302 832 500 470 738 905 537 229
385 880 632 499 826 303 457 53
383 307 694 671 108 351 384 167
738 200 352 181 736 808 365 477
502 888 280 201 946 8 488 914
31 752 467 861 221 384 454 642
247 936 375 214 262 977 313 460
690 425 82 14 503 563 6 772
364 620 430 4 351 888 295 31
521 784 505 331 70 586 776 377
528 379 82 72 776 486 692 462
238 746 747 302 108 995 286 550
371 985 620 494 424 113 32 102
383 222 163 181 613 593 491 467
167 956 715 432 252 719 523 534
794 615 512 472 603 157 397 578
38 227 755 160 818 672 14 170
75 603 619 98 602 293 852 2
331 727 383 207 985 612 495 542
928 920 390 469 675 881 362 921
172 609 693 935 419 536 500 839
755 785 895 940 926 193 665 633
536 439 30 529 408 629 268 598
923 231 712 846 602 935 350 308
552 719 907 117 753 991 526 272
874 539 993 941 535 952 865 840
126 769 100 349 199 698 730 13
450 334 531 893 848 552 300 719
746 894 506 439 472 95 798 644
937 88 622 218 648 616 193 679
988 991 732 887 560 665 515 508
939 113 424 480 65 464 526 49
189 710 488 495 773 191 922 834
484 522 400 668 854 130 465 862
484 272 165 215 998 305 729 75
213 636 145 817 20 573 268 254
724 232 508 44 307 662 444 523
886 492 254 7 559 998 980 348
833 240 946 292 474 763 713 259
511 146 643 609 781 57 522 463
375 143 686 69 216 288 101 269
52 598 417 170 715 149 8 318
438 985 399 192 612 451 716 386
486 723 927 699 402 573 78 791
229 19 589 567 721 331 538 816
344 116 88 391 280 448 980 418
937 634 392 835 250 367 329 607
310 408 435 606 100 207 929 457
333 410 669 347 659 266 29 189
144 487 626 741 540 118 820 884
978 968 352 422 836 661 447 612
523 932 693 937 66 847 435 255
956 948 813 620 181 446 37 405
645 699 473 569 571 215 890 274
722 116 807 523 149 632 875 130
106 205 109 227 992 605 908 173
49 381 114 880 572 36 917 79
513 420 618 751 744 441 463 750
942 695 231 383 114 242 433 370
255 86 576 423 665 506 875 734
857 336 92 680 554 847 570 762
968 701 222 631 444 874 599 629
506 581 881 787 39 211 374 615
140 569 494 105 146 997 25 606
383 247 772 265 933 59 82 786
989 746 285 950 919 578 687 528
548 33 230 68 897 829 943 247
771 583 236 292 120 761 250 808
520 67 995 232 100 312 306 511
701 829 500 848 361 261 318 16
577 404 493 999 726 224 435 748
955 46 264 57 827 268 205 552
515 892 675 503 972 325 867 353
377 771 200 487 995 87 431 753
461 274 202 161 735 948 522 725
79 360 585 538 616 329 89 344
361 473 667 242 116 26 692 490
485 583 96 304 388 934 509 896
171 509 357 51 936 721 57 239
142 407 23 487 715 971 151 339
337 492 276 947 759 145 290 444
899 884 277 709 236 716 799 951
984 150 951 324 888 878 668 746
175 846 10 369 210 642 453 206
879 507 987 995 310 426 401 205
646 691 457 318 729 472 442 288
348 768 91 6 315 81 341 21
993 906 134 92 581 877 760 250
531 167 925 662 743 109 628 650
22 966 834 536 558 942 435 80
847 43 542 995 683 488 187 109
969 408 341 750 311 391 783 978
234 285 192 305 793 56 950 832
62 986 568 124 142 503 881 850
101 436 362 740 136 913 631 324
363 353 517 138 562 42 966 670
653 289 337 312 69 725 382 428
619 810 166 748 928 267 313 77
784 760 173 745 240 287 126 84
683 865 512 778 734 230 406 876
711 708 983 278 758 838 997 548
984 265 738 585 253 895 775 233
70 571 702 979 43 117 116 789
219 622 115 275 754 29 884 342
702 478 699 863 486 362 26 580
960 680 876 956 100 626 776 596
235 720 599 508 60 330 479 207
787 300 11 751 583 254 479 576
791 1000 550 795 225 466 355 85
722 179 945 815 672 160 876 121
1 321 862 561 481 265 787 256
558 644 130 337 837 154 718 946
631 926 714 960 979 993 2 115
326 408 522 502 439 262 187 737
872 734 890 332 461 595 246 551
462 293 626 34 889 499 399 130
501 727 122 879 339 721 767 962
224 505 556 472 246 224 897 669
27 837 233 522 274 320 17 509
269 995 890 995 572 634 63 559
187 513 543 862 83 436 159 430
147 60 631 939 374 334 35 652
172 373 757 561 565 177 987 79
603 468 612 149 907 192 281 808
791 727 174 286 657 684 138 459
836 270 149 52 732 116 927 632
656 71 488 271 191 365 969 672
86 230 651 996 110 156 438 840
128 300 256 110 285 586 196 484
430 663 649 726 959 899 195 564
303 287 16 612 578 545 820 122
360 420 839 94 745 130 203 703
32 608 164 898 621 183 551 684
121 544 869 317 229 805 155 361
531 15 754 757 266 496 1000 158
924 602 590 608 484 994 926 632
561 601 68 112 560 263 853 220
363 330 190 541 295 548 477 660
932 584 92 68 911 315 697 93
972 280 154 715 694 607 459 857
221 789 129 24 552 67 239 587
797 939 562 447 349 849 656 401
304 519 586 3 150 431 592 120
832 303 242 747 909 883 697 210
920 687 416 645 605 400 918 952
57 748 176 808 687 482 681 723
78 311 895 692 950 885 673 67
187 423 162 319 242 696 874 592
54 319 526 544 732 540 0 2
470 767 750 486 598 873 697 285
963 517 183 580 502 442 294 112
640 966 821 306 571 838 513 475
678 670 608 671 408 160 144 46
880 137 671 886 55 320 715 888
352 630 342 606 456 532 464 840
989 250 839 864 791 391 456 202
577 697 709 294 407 496 708 419
896 759 898 815 356 336 372 607
921 687 167 284 537 831 591 573
884 181 229 503 163 483 0 181
469 335 791 211 869 589 762 547
643 239 381 100 737 731 914 72
45 387 301 809 10 451 831 626
907 245 606 744 218 8 378 123
926 333 463 443 646 628 761 635
836 542 203 235 174 663 857 793
144 283 27 437 180 497 529 519
899 380 994 709 381 832 426 988
851 622 34 566 188 987 535 744
254 966 542 654 181 709 443 581
526 568 37 858 665 682 1 624
617 581 533 301 292 619 680 434
511 668 325 469 415 488 421 832
478 495 478 504 491 432 899 205
459 298 145 994 402 124 189 241
658 255 174 893 88 603 773 558
185 369 262 71 244 295 887 181
342 287 139 435 831 920 570 530
781 716 354 2 481 591 16 275
207 595 911 363 393 708 65 460
944 966 446 468 592 250 258 211
506 511 538 525 891 785 264 354
237 739 150 414 878 508 268 287
836 418 14 113 770 315 192 843
995 47 615 397 788 415 953 131
878 196 787 385 850 177 667 163
125 808 294 555 769 959 612 232
655 265 277 834 734 986 584 320
920 941 220 992 360 914 984 728
565 778 314 920 418 297 858 982
329 513 626 119 251 937 251 19
718 363 88 654 306 914 939 652
429 63 368 785 540 332 155 612
345 799 985 311 64 514 776 27
916 464 508 906 768 380 670 409
343 769 432 865 999 925 608 753
492 923 460 697 952 993 213 200
466 796 981 156 256 832 84 897
997 757 433 576 716 867 880 759
118 859 224 146 61 285 657 401
419 601 801 778 650 120 42 813
346 273 698 859 857 434 84 907
771 661 181 626 213 855 857 557
77 413 236 288 837 560 413 371
155 984 774 225 890 166 201 848
524 679 118 247 962 229 809 598
584 167 309 346 916 487 745 294
423 549 472 152 129 652 420 78
636 987 289 565 132 268 504 891
932 215 140 873 348 295 149 198
550 357 920 178 788 943 18 222
331 300 988 164 334 891 254 508
408 890 816 665 473 63 686 500
256 292 487 285 254 506 612 624
509 500 666 134 926 761 388 866
607 78 556 391 562 655 814 693
628 626 339 787 414 434 14 663
543 375 441 292 24 557 192 261
278 815 346 884 569 101 403 919
273 758 160 603 310 713 715 862
664 836 161 166 200 162 552 392
455 263 76 747 666 10 623 996
866 505 239 755 827 23 472 706
805 224 834 88 168 481 514 284
603 639 569 12 141 481 961 758
977 177 553 856 320 650 636 832
818 463 807 392 456 315 169 1
997 792 809 923 247 208 288 33
727 454 451 925 331 0 813 371
460 784 4 701 298 443 151 320
183 99 450 516 506 861 702 800
180 854 523 721 720 194 449 638
581 872 105 187 742 211 48 250
767 537 729 140 804 316 558 300
331 50 99 108 343 718 784 901
111 599 271 276 737 803 65 275
476 669 108 378 581 539 84 670
551 55 641 370 785 106 35 714
239 268 565 496 305 439 523 129
875 550 230 114 109 272 744 667
919 667 568 882 377 799 285 298
67 18 164 860 659 442 949 568
966 8 252 531 417 369 873 95
398 159 632 749 890 348 240 260
679 360 355 656 221 875 198 209
853 383 247 329 567 815 126 619
743 102 678 693 695 237 527 783
316 34 341 503 580 949 828 763
291 76 765 62 307 717 646 930
431 111 604 576 358 716 319 82
185 57 27 960 167 140 133 626
138 856 242 223 637 200 527 416
731 454 417 280 419 655 80 172
274 206 560 283 151 935 828 693
560 58 718 875 672 724 273 918
372 500 586 654 42 767 188 560
463 892 550 292 225 49 553 311
84 234 528 413 679 160 674 994
591 137 146 378 873 717 743 629
28 241 473 787 503 723 405 832
922 490 802 717 662 583 195 855
546 126 945 300 491 481 91 418
775 900 821 436 165 144 562 27
65 968 73 508 404 215 992 211
573 288 63 73 742 461 41 394
425 308 28 495 193 59 115 111
170 818 855 801 518 444 227 270
2 598 932 875 175 573 306 399
524 537 301 866 831 291 229 870
803 930 714 314 307 822 69 637
633 731 591 268 504 5 126 343
981 723 993 164 978 477 567 194
517 108 45 374 771 398 880 250
767 836 862 628 65 765 479 203
955 120 526 922 429 299 987 658
556 78 619 589 793 743 375 847
499 948 780 846 683 932 449 487
766 455 587 323 342 552 1000 522
278 385 51 493 284 914 914 626
46 347 602 249 332 33 714 774
198 300 966 586 280 728 164 477
242 535 100 990 29 755 234 889
251 886 672 124 296 298 588 556
51 184 451 106 624 186 523 422
6 640 886 123 368 751 819 242
288 712 25 743 121 997 765 368
113 339 992 98 16 778 885 517
40 605 389 316 670 613 516 329
172 271 162 548 613 870 746 148
238 107 408 804 686 627 385 822
141 749 627 977 621 374 92 10
77 896 299 685 376 497 43 289
330 707 161 418 729 382 53 443
474 220 110 160 273 668 121 625
994 454 355 598 962 134 953 601
748 545 475 330 870 204 762 498
966 617 464 505 276 442 604 512
603 20 105 96 467 25 228 166
961 817 569 600 826 338 365 540
68 238 242 362 843 63 907 99
654 469 466 18 818 122 547 359
769 487 484 136 670 380 91 324
235 910 962 186 634 640 813 549
734 381 812 282 504 235 771 603
512 712 598 276 603 357 297 687
65 764 574 103 682 874 253 788
34 242 395 522 416 577 173 751
603 508 279 338 76 929 115 649
748 897 427 460 123 998 303 698
5 786 972 59 811 313 329 238
65 714 258 735 81 126 372 992
679 992 37 214 707 68 309 269
827 256 725 805 93 420 368 580
22 656 684 246 209 399 785 701
615 446 253 88 114 300 220 400
250 898 99 816 149 958 881 491
749 974 612 597 317 356 612 350
961 762 101 129 567 280 412 339
107 88 224 580 645 299 509 645
362 878 97 464 343 113 81 404
100 14 328 428 394 535 205 775
495 131 191 395 482 208 55 35
820 357 838 496 306 212 109 844
157 55 306 811 788 312 848 914
987 707 887 243 466 390 912 687
415 367 904 886 273 652 152 503
743 714 490 653 969 912 230 237
608 821 948 327 878 107 360 786
3 4 434 256 208 203 563 875
906 119 611 189 988 769 828 675
176 798 88 32 970 105 318 167
976 756 197 745 10 169 918 945
693 199 234 283 538 594 972 970
440 477 64 934 797 417 553 295
875 725 582 858 927 412 49 555
52 907 648 545 300 820 996 318
341 309 5 169 402 832 957 84
886 485 143 905 851 55 440 158
36 594 744 967 565 466 499 167
283 725 989 381 846 640 907 854
734 551 866 169 508 959 336 359
665 257 458 182 804 192 650 280
736 393 84 922 781 192 539 163
469 387 470 286 503 121 93 754
126 477 804 834 630 542 426 279
290 918 860 577 149 629 113 398
216 89 333 542 969 914 521 723
332 231 986 255 753 595 838 759
584 347 591 843 527 351 321 820
350 501 326 545 333 755 934 707
529 197 849 809 155 630 826 949
878 210 207 317 519 224 702 11
578 795 353 631 624 186 185 51
894 63 21 438 230 866 827 959
120 880 809 449 800 51 510 35
444 888 894 403 951 522 45 780
376 431 243 379 364 788 260 473
126 889 136 134 120 36 651 668
738 405 343 158 565 138 848 87
612 536 266 458 542 662 499 255
169 661 29 57 351 535 584 244
488 434 310 545 964 229 6 862
611 99 795 62 761 363 264 294
20 237 442 903 76 319 11 61
736 408 663 409 470 399 75 711
721 696 456 920 331 354 749 854
334 981 694 807 619 313 61 94
93 105 127 990 44 595 789 905
162 648 234 549 799 322 542 78
73 99 611 620 527 736 480 814
465 340 706 217 732 132 332 566
113 263 71 826 168 923 262 76
757 888 116 549 285 792 793 509
891 148 117 681 488 408 988 891
440 91 536 218 108 814 744 468
911 91 10 771 386 291 845 881
123 91 486 348 503 129 883 872
994 730 37 984 304 792 653 732
240 977 982 493 859 138 805 877
127 267 3 775 106 160 178 334
925 299 141 446 617 550 116 988
589 668 433 732 57 573 843 195
436 473 481 527 817 163 129 470
898 256 331 813 442 119 740 632
433 949 697 672 17 738 297 979
897 198 692 508 872 513 404 582
665 464 825 77 310 101 174 651
578 210 580 318 277 806 277 314
570 208 849 618 835 878 712 584
55 179 950 225 449 533 142 721
426 652 869 713 193 0 580 743
459 428 398 718 861 526 715 50
809 466 4 462 259 309 875 233
502 22 778 595 782 677 390 797
167 496 444 714 23 704 28 338
219 598 118 287 11 140 869 340
599 945 321 634 943 794 300 140
168 879 559 525 373 510 566 196
318 385 381 951 497 429 534 529
569 494 102 270 122 174 100 261
159 570 403 315 851 800 500 958
527 700 963 940 227 524 711 291
318 100 787 275 770 14 496 333
999 431 633 45 700 857 161 578
307 752 994 817 591 534 250 715
489 859 182 50 521 627 17 237
155 838 146 133 952 447 750 541
466 111 184 426 761 626 737 322
626 968 572 574 758 577 356 355
408 632 599 113 300 168 418 64
231 963 110 817 140 864 388 425
482 951 377 483 429 250 211 842
532 708 511 973 40 655 81 284
33 962 207 236 6 588 64 52
163 367 24 290 544 124 991 847
739 880 340 309 961 164 423 472
326 240 91 721 462 21 271 381
655 268 999 20 912 277 413 531
766 299 366 652 25 442 135 631
866 431 476 144 537 818 464 568
810 133 983 907 9 617 867 212
779 808 409 75 265 236 431 708
693 143 391 690 845 232 721 535
231 544 236 633 316 640 960 456
269 184 678 134 927 917 692 152
102 796 303 297 861 515 871 926
836 944 65 587 614 270 118 899
483 11 180 724 220 190 221 571
474 883 489 532 561 68 756 376
268 40 362 368 544 463 84 411
758 495 948 785 426 724 395 461
525 756 391 560 967 303 830 181
118 765 840 151 900 647 520 722
785 878 884 310 508 562 311 67
5 956 760 187 40 59 507 667
962 391 849 156 222 614 857 461
852 727 115 409 102 471 113 310
481 662 592 950 752 934 526 371
616 294 10 78 813 101 720 737
175 619 285 18 78 955 751 332
304 652 46 526 771 5 251 933
50 84 795 783 885 753 327 647
79 325 492 755 791 306 574 545
933 277 69 785 344 460 554 153
850 758 447 525 196 85 182 583
538 349 263 300 256 645 250 221
349 428 165 535 801 998 454 853
162 423 333 390 687 796 996 112
417 95 96 652 289 115 714 261
596 257 376 662 911 185 58 113
253 848 39 558 314 542 609 417
338 907 558 180 215 758 369 264
379 23 694 510 282 397 797 969
353 512 199 932 149 976 644 869
278 651 376 693 816 14 430 660
64 354 734 625 219 66 561 304
279 566 488 560 385 117 516 671
486 854 124 233 993 831 452 345
776 278 161 144 338 737 660 691
646 710 230 729 817 717 602 352
221 786 270 457 845 244 838 994
599 774 887 636 601 905 271 324
300 659 423 252 338 932 359 918
950 107 591 625 47 149 885 162
121 296 322 862 59 929 809 151
199 192 442 335 372 941 45 634
244 489 968 630 682 812 160 641
127 548 491 426 419 64 380 409
569 759 843 911 660 659 65 657
822 429 992 851 330 251 96 907
187 364 546 101 99 762 476 113
340 637 465 506 996 124 320 769
484 890 343 730 59 817 502 616
488 555 702 458 271 60 13 193
295 647 272 967 110 263 948 576
168 879 235 295 480 941 490 484
904 817 584 34 283 331 10 193
939 619 750 150 436 925 655 867
722 389 187 435 856 243 632 183
50 26 186 284 696 66 786 621
213 519 3 420 253 78 888 711
332 785 52 229 233 353 222 226
294 891 595 81 488 202 104 201
803 515 531 544 211 840 128 900
879 815 835 858 796 132 232 486
429 490 16 66 268 886 805 978
714 224 60 526 237 749 111 894
590 679 440 954 387 68 691 357
904 979 699 362 660 278 873 347
880 397 460 44 406 134 117 526
927 670 676 556 249 561 861 479
265 644 379 488 349 833 254 508
305 564 91 844 357 284 201 543
550 924 882 577 237 340 128 723
939 368 492 372 242 662 185 499
484 373 124 221 418 621 894 620
829 822 241 325 541 996 773 907
975 244 83 923 567 478 538 571
8 514 594 876 423 877 313 881
492 798 364 913 465 663 850 924
671 241 157 731 133 965 931 392
159 454 342 17 284 74 60 724
865 200 168 604 661 340 634 283
948 241 992 360 60 173 667 292
256 492 441 752 671 662 101 306
240 943 176 325 488 746 122 819
325 299 364 294 40 980 711 165
335 849 28 261 367 589 874 595
361 539 402 384 246 328 970 124
2 452 292 890 893 443 270 883
133 63 413 885 433 583 543 969
849 48 293 999 901 365 665 189
490 279 834 861 88 227 126 49
138 806 361 579 455 33 601 373
536 974 711 317 248 650 907 584
597 543 367 129 922 685 63 189
216 584 46 747 367 490 313 76
711 266 18 979 535 689 38 443
1000 575 804 877 464 622 758 164
926 594 427 799 137 55 704 336
205 327 559 221 440 805 33 682
269 892 426 169 790 147 963 906
687 237 240 482 119 48 938 847
179 799 16 815 470 806 498 367
905 158 989 217 444 579 169 830
904 583 643 298 868 468 53 73
384 895 997 263 699 781 121 255
481 659 501 250 24 950 493 147
245 336 980 92 416 869 348 185
996 764 907 988 525 637 618 135
855 282 60 881 832 458 253 512
193 71 294 289 518 635 441 98
353 576 676 178 359 376 218 811
650 615 451 945 428 328 621 65
727 240 994 761 473 203 615 730
147 995 357 553 720 256 861 290
574 182 990 81 665 877 863 488
420 350 957 937 59 24 708 674
999 535 407 416 102 718 980 616
629 544 450 885 232 512 166 194
366 633 750 548 853 118 47 821
441 64 400 681 118 467 406 44
947 421 994 537 228 259 189 191
543 232 102 677 100 353 484 668
574 388 418 310 924 349 707 821
747 720 256 692 295 894 761 979
317 481 859 598 941 631 0 752
267 923 204 897 648 887 113 911
8 68 995 246 709 245 993 617
675 163 533 139 771 595 176 947
329 211 454 806 774 859 21 944
297 586 964 134 723 265 80 405
888 997 681 436 430 543 602 987
966 376 260 299 235 684 968 738
260 955 317 773 475 921 692 270
852 893 507 317 846 66 173 219
741 956 766 166 733 189 263 826
934 625 872 448 362 496 555 314
129 219 194 71 274 771 959 662
233 114 752 932 52 577 24 924
539 537 118 958 517 966 538 981
278 639 500 184 432 726 941 587
721 827 292 277 434 431 159 252
443 152 375 4 914 613 745 848
590 118 300 993 821 795 745 423
65 953 487 775 63 321 563 793
392 914 555 91 80 976 151 163
83 248 500 778 16 871 45 423
920 374 29 47 524 604 754 769
325 380 378 638 272 97 55 506
112 372 420 395 29 248 335 251
910 177 781 685 488 388 689 138
811 60 514 12 528 625 925 614
92 591 896 325 281 583 903 951
736 15 0 524 900 763 23 674
937 509 133 930 968 821 572 185
737 640 226 142 80 33 384 702
977 580 605 42 296 305 541 480
581 960 7 512 374 70 185 499
690 868 438 409 413 622 27 757
971 542 126 331 2 378 508 943
717 595 190 515 39 818 50 906
144 802 610 370 785 760 430 903
929 764 906 157 451 993 417 439
163 63 96 133 353 787 503 979
287 130 40 399 320 171 54 624
407 87 471 520 548 157 914 481
590 152 970 345 870 382 574 256
481 288 42 469 998 27 456 300
554 174 411 805 666 552 368 965
832 212 328 23 978 3 659 330
725 157 976 883 122 299 41 878
774 377 966 796 138 990 83 499
646 177 221 122 570 769 275 280
787 254 70 376 752 484 166 827
106 316 503 2 723 233 87 869
136 172 167 398 445 806 526 831
45 37 365 823 221 586 712 7
742 331 219 640 629 509 10 657
78 885 380 794 500 137 96 731
151 614 750 167 886 1 747 996
261 512 783 574 782 986 429 227
627 292 847 257 163 265 837 287
35 960 38 53 558 654 326 192
965 461 322 106 492 998 74 269
434 821 333 542 542 994 799 744
992 348 294 656 985 676 246 875
755 601 831 852 768 785 156 179
820 484 498 738 81 319 415 79
506 348 33 573 806 501 886 138
139 441 114 492 262 449 480 131
874 926 903 533 484 502 959 884
469 21 621 694 602 612 504 162
537 828 493 487 218 622 72 191
314 648 45 879 895 922 245 13
810 373 738 313 43 261 915 198
599 851 47 283 240 304 125 176
648 476 209 937 270 1000 202 948
592 254 465 75 167 992 278 131
805 172 287 369 184 136 414 826
888 945 580 477 366 180 972 614
199 729 86 797 637 248 80 688
153 315 907 867 261 937 304 513
248 801 150 577 240 7 100 865
687 273 79 990 687 789 855 571
342 92 966 483 399 316 855 415
827 118 473 935 686 46 126 86
407 142 745 904 592 704 556 301
359 700 226 570 238 450 192 542
211 6 733 33 252 571 209 424
942 399 323 30 65 975 78 383
985 150 286 787 941 994 688 125
968 522 93 805 917 99 562 767
266 279 234 913 626 739 830 46
938 442 434 37 865 377 880 372
639 776 398 180 477 976 815 346
77 466 304 804 654 173 641 826
139 624 473 577 15 475 597 907
726 78 37 266 140 323 482 105
400 391 103 557 673 181 87 377
956 832 318 665 860 714 247 750
566 323 119 687 663 520 755 583
573 794 511 594 228 766 681 593
438 640 513 700 568 422 832 343
294 994 340 321 166 884 259 797
729 947 670 134 956 372 511 708
582 276 955 469 219 11 313 661
104 468 587 874 272 257 541 804
728 232 680 573 456 707 355 935
446 953 383 347 520 790 667 702
844 13 175 52 580 98 711 425
836 597 238 119 2 870 522 118
353 392 848 920 370 562 626 553
409 392 540 730 100 395 0 951
185 913 365 254 908 598 323 752
881 739 636 159 978 337 39 25
27 518 930 66 83 281 323 865
854 944 383 313 855 53 308 236
337 132 257 147 894 744 148 727
452 831 580 261 31 867 735 43
325 18 944 251 745 281 657 290
772 330 539 703 382 383 426 285
345 873 978 191 158 777 702 905
114 552 879 922 217 375 865 649
360 875 652 164 345 39 737 121
588 611 294 167 359 40 621 732
191 143 688 3 165 668 930 417
133 421 90 238 935 434 782 504
228 835 715 321 753 642 511 875
469 176 404 561 136 525 340 944
631 386 190 365 454 752 968 511
976 291 240 512 778 230 979 230
379 393 721 719 483 977 970 977
281 635 642 32 85 690 267 118
235 888 278 241 875 127 267 616
324 486 726 189 575 729 585 329
769 266 294 641 640 994 498 328
435 547 906 320 129 685 236 370
732 834 288 436 228 433 845 776
388 384 74 224 31 567 942 696
589 977 250 211 654 394 65 595
265 196 951 376 737 272 358 197
93 992 303 833 944 834 714 999
307 888 612 344 326 931 597 76
877 251 203 212 934 861 740 230
427 75 390 344 419 603 409 282
837 53 187 553 84 772 285 836
684 476 340 117 176 755 994 817
317 227 118 329 81 830 989 129
339 967 131 896 721 382 70 853
592 533 496 516 82 574 596 953
638 93 460 474 86 613 796 177
76 287 886 543 62 486 687 312
442 904 20 798 235 688 881 219
904 146 389 125 169 820 567 643
56 267 189 255 105 160 516 618
664 469 551 558 958 519 317 866
360 322 354 397 870 142 883 287
172 213 648 793 377 272 186 614
239 60 219 670 76 750 75 858
759 124 40 313 879 144 397 261
279 843 424 673 50 714 243 820
613 46 129 536 2 885 48 70
776 385 765 633 756 185 950 345
877 965 97 52 310 889 277 438
369 41 788 442 820 470 970 937
865 822 541 815 593 122 562 696
907 798 530 661 963 204 849 630
955 501 453 246 570 840 590 517
662 551 168 139 763 924 238 323
666 305 786 836 740 489 76 212
339 758 474 714 379 865 385 795
774 860 217 101 506 198 234 322
112 859 361 164 888 200 782 900
50 24 276 474 814 545 333 668
81 372 177 84 532 52 211 131
50 380 300 829 2 21 764 17
499 835 383 984 721 787 6 606
835 965 361 204 612 246 147 485
826 99 862 619 551 638 503 603
373 184 658 579 785 661 161 157
742 531 517 974 181 894 664 678
419 263 411 875 458 382 838 621
606 672 532 485 681 863 6 617
755 354 757 66 322 702 412 217
127 345 602 189 177 990 892 105
172 72 226 867 485 192 456 886
116 883 468 352 154 19 790 491
808 983 98 159 203 61 928 372
396 352 916 479 43 964 73 713
258 850 446 291 614 77 454 19
707 785 324 535 468 97 276 410
6 423 532 111 690 594 400 981
6 29 91 5 426 607 481 664
851 85 469 494 951 173 861 381
235 18 780 20 659 562 476 920
70 714 221 302 16 29 608 436
633 660 433 313 740 22 109 340
935 335 765 888 565 5 983 7
353 101 947 704 324 270 390 255
681 286 246 320 12 362 761 244
54 693 319 113 134 293 105 861
141 508 666 523 837 288 274 722
296 942 258 70 774 939 841 661
664 238 26 779 180 682 939 85
243 119 995 340 204 265 389 609
146 300 686 168 481 7 837 308
756 160 679 362 544 230 490 257
802 6 874 647 269 29 740 906
868 823 332 972 522 229 692 63
504 89 505 959 731 623 858 749
140 658 191 123 592 270 998 243
500 613 291 355 43 617 363 370
665 199 993 316 829 585 565 426
7 981 702 482 306 401 239 723
753 537 199 526 732 117 519 562
472 58 595 620 111 387 386 756
929 255 242 377 293 117 691 904
942 641 524 126 870 712 184 504
403 63 434 775 371 165 314 598
266 611 224 606 508 807 507 448
558 458 1000 781 956 564 310 22
764 967 249 763 729 266 33 582
988 507 806 493 417 212 511 332
349 673 444 275 457 423 245 778
756 320 480 732 116 348 225 531
183 870 535 584 832 358 690 891
684 950 846 955 606 820 130 225
586 695 884 771 809 177 466 676
664 545 447 526 774 447 67 286
486 780 541 423 734 930 400 684
868 876 132 175 920 516 390 209
720 173 136 526 116 357 865 857
904 628 666 595 272 601 738 594
853 363 466 263 779 560 144 344
79 455 717 564 105 210 201 471
494 408 333 882 67 948 709 250
811 699 174 746 258 786 692 274
623 984 12 277 120 495 882 774
683 337 479 495 665 583 430 900
812 831 621 760 166 969 178 350
546 456 456 929 934 290 157 945
35 949 979 518 79 71 314 556
696 994 584 240 962 23 769 697
906 496 539 178 298 2 734 421
622 941 765 303 891 591 697 904
804 435 991 88 29 471 906 75
101 580 187 785 920 642 637 422
591 445 572 344 681 1 222 514
108 924 836 908 482 648 248 8
968 624 92 83 123 396 47 38
13 885 445 623 995 619 481 356
425 892 672 475 212 414 378 447
660 367 806 58 255 101 895 273
123 19 626 974 251 132 800 184
782 772 698 820 511 806 368 642
438 197 703 488 934 829 865 522
288 826 280 353 78 163 564 214
576 862 897 694 847 137 377 556
497 403 157 299 733 81 480 630
666 541 312 765 652 708 697 180
209 832 81 19 979 163 284 250
334 928 597 878 730 265 947 114
298 495 219 452 962 276 514 645
626 650 81 65 389 21 528 145
637 744 252 894 792 926 202 648
143 355 178 181 995 140 872 565
730 364 971 918 963 137 101 364
797 505 277 465 530 871 273 865
916 115 28 394 788 992 84 431
310 831 273 757 215 180 887 437
518 408 95 564 624 280 110 164
579 830 248 835 110 37 164 712
33 541 194 87 366 834 126 948
166 488 383 865 144 75 346 500
892 907 309 396 771 752 269 817
842 868 478 495 259 93 674 223
830 312 969 885 599 928 741 407
667 714 369 919 331 767 714 125
11 337 143 677 536 580 478 845
45 532 42 962 50 314 184 712
225 95 326 778 36 173 963 125
733 913 732 921 323 970 941 804
86 191 423 707 974 838 292 562
963 407 307 613 951 136 702 167
841 33 241 268 827 356 848 239
174 779 27 798 851 578 881 871
559 119 725 249 909 146 413 166
206 834 743 899 118 57 31 409
509 325 17 437 322 25 166 502
273 516 430 418 380 197 736 830
475 335 403 510 474 247 378 597
356 984 869 46 845 32 116 734
106 364 97 551 321 213 455 592
685 766 586 425 649 153 470 784
180 613 18 679 723 506 403 716
206 125 473 627 282 419 918 195
438 671 163 12 503 507 738 987
158 231 700 440 903 559 373 613
242 605 238 508 675 881 157 166
681 783 351 114 307 814 842 700
470 298 241 703 986 261 211 797
837 427 523 820 767 583 660 647
779 322 879 651 848 850 108 586
936 402 999 1000 69 653 122 815
414 244 369 0 314 308 925 257
185 359 315 888 649 395 305 734
132 316 116 1000 913 819 679 345
521 348 282 906 744 937 688 535
571 412 735 431 703 362 629 829
973 704 592 959 37 252 367 546
874 102 677 768 827 811 287 64
274 541 360 230 65 364 451 391
885 697 144 748 234 482 758 7
22 520 973 418 981 317 33 332
357 136 958 671 588 234 367 776
981 113 164 89 1 266 150 836
918 481 459 2 206 8 29 313
465 327 212 535 743 16 764 962
495 447 919 457 72 656 849 944
486 312 464 724 315 910 517 165
238 480 318 900 899 642 872 541
536 937 954 230 968 726 458 538
711 304 393 993 863 730 187 157
716 914 111 269 804 284 757 530
184 604 733 34 810 134 754 44
415 191 923 474 436 904 761 720
964 371 144 538 135 296 536 619
351 12 844 333 516 803 676 60
603 782 570 161 408 650 800 679
441 21 700 935 483 859 594 200
424 171 564 616 395 674 255 391
418 915 922 611 760 945 82 592
717 438 549 465 600 492 868 680
330 886 877 652 448 680 931 316
336 932 384 381 711 256 511 450
260 74 553 473 954 435 226 606
324 676 125 953 852 66 997 863
501 773 611 353 658 785 783 382
207 521 499 746 462 768 512 695
992 84 130 704 989 531 323 650
729 89 474 550 458 179 381 875
956 802 497 122 475 149 998 691
637 869 866 546 283 145 299 707
962 273 262 362 405 445 740 572
329 449 674 485 783 319 647 55
592 750 490 771 339 27 480 92
574 698 892 712 632 832 512 653
508 303 124 65 605 53 777 243
405 273 817 355 476 953 337 837
459 803 322 845 265 1000 886 727
14 79 274 466 667 521 625 975
55 700 271 144 291 872 140 331
988 674 219 680 487 245 612 632
335 650 340 419 394 449 653 14
159 769 610 350 458 25 609 173
246 2 502 22 167 70 59 358
239 947 178 20 275 120 848 910
73 890 567 253 45 810 873 378
690 824 773 107 772 623 335 391
566 338 144 753 907 809 800 331
320 804 874 759 786 714 131 921
810 358 958 905 926 859 953 742
17 987 392 786 378 411 162 960
725 886 880 227 874 597 793 780
232 309 870 795 913 843 947 96
570 629 366 852 727 693 111 631
25 927 804 61 822 572 150 478
879 542 626 2 695 98 639 500
501 537 359 791 482 209 468 972
608 820 248 324 853 261 481 133
169 338 495 11 209 943 465 734
986 87 26 365 762 120 53 516
43 415 162 337 57 173 694 269
865 733 529 84 237 684 715 447
53 197 446 664 569 2 232 944
10 932 972 296 199 459 538 804
586 543 732 276 761 789 461 393
518 204 419 270 548 583 592 404
362 267 794 535 637 331 918 231
766 606 27 512 750 13 264 517
525 331 49 643 205 131 116 438
231 76 236 801 597 730 622 872
682 168 302 659 918 903 389 252
361 398 42 381 305 636 52 80
249 281 152 879 572 42 43 900
761 295 151 355 914 593 363 7
259 509 515 585 304 312 765 883
472 77 728 912 567 405 250 448
135 573 709 582 136 1000 337 818
851 567 855 740 975 196 143 542
236 388 373 748 753 666 177 621
325 625 534 632 0 123 361 264
512 453 107 241 849 471 426 371
876 708 793 702 38 263 48 402
380 164 794 588 395 765 855 100
338 689 84 225 239 518 929 160
604 206 441 669 348 200 355 153
514 331 521 666 96 503 961 457
599 411 935 899 803 671 743 373
732 238 322 712 801 659 709 794
991 186 706 369 308 131 252 826
130 322 579 320 909 368 897 536
675 203 589 662 230 835 632 203
89 811 886 255 594 70 885 435
916 152 306 669 893 822 212 189
402 671 814 443 380 12 891 823
565 108 373 496 721 364 458 19
582 76 577 699 263 308 189 184
992 183 75 506 729 492 997 482
894 496 990 540 863 672 201 246
27 467 543 241 947 628 771 373
778 305 337 842 680 20 676 41
874 223 275 99 570 810 896 478
894 371 441 446 668 62 700 360
693 598 215 786 486 548 261 516
1 134 667 139 603 840 922 963
733 425 896 197 145 795 393 353
98 901 940 876 824 854 439 980
168 231 408 967 560 431 9 332
501 31 379 497 817 293 319 305
16 126 800 410 43 353 181 702
512 153 50 825 158 509 474 861
963 144 524 629 936 519 559 438
398 379 111 693 817 558 615 811
465 981 986 939 869 107 781 571
982 850 337 402 234 700 199 403
744 55 801 179 599 335 734 826
164 305 837 770 87 839 31 131
175 748 237 331 181 692 299 757
685 258 613 410 133 324 929 212
236 760 784 181 551 415 424 952
725 252 700 45 56 96 637 958
431 512 218 65 724 440 410 666
811 429 602 393 623 478 392 317
953 844 32 179 870 392 39 235
496 634 293 640 244 399 487 576
515 802 443 200 186 981 545 426
57 95 87 988 931 325 145 831
998 450 269 265 811 136 347 135
614 514 20 17 362 692 443 41
809 682 800 629 849 593 518 340
241 202 429 886 80 527 478 967
264 378 641 970 266 999 892 317
485 325 323 979 557 788 548 375
137 745 234 377 833 615 813 14
138 736 994 293 266 460 697 366
71 4 418 194 439 317 986 239
803 173 472 25 263 602 439 340
824 821 148 935 795 716 221 494
859 682 783 185 815 195 533 850
195 842 440 759 345 99 129 474
592 676 519 756 929 732 986 611
285 861 916 252 989 379 828 194
550 781 524 63 571 473 622 717
833 20 552 966 538 28 972 243
543 978 260 498 273 505 717 284
939 194 734 512 909 778 915 850
608 687 390 913 413 709 109 588
828 805 191 801 951 1 184 77
613 637 303 900 513 162 466 78
857 86 939 38 802 388 256 405
215 586 117 680 75 26 833 315
892 412 613 145 127 149 827 418
686 152 267 436 226 775 478 942
994 467 697 394 189 671 248 550
251 842 754 998 826 460 944 970
363 12 479 639 975 171 42 626
619 553 368 140 961 892 560 31
310 802 552 105 822 961 143 900
730 954 361 762 856 263 647 151
36 623 189 524 868 707 119 214
147 5 716 518 726 278 827 227
21 348 221 477 108 260 532 976
598 296 870 978 289 658 445 731
296 301 364 30 429 750 754 743
525 991 312 777 9 434 632 285
1000 938 921 167 660 259 917 899
612 620 333 71 14 676 746 954
166 479 858 905 932 553 887 402
239 240 297 833 113 997 632 202
438 301 662 2 511 57 703 482
705 690 730 676 752 553 740 566
563 363 175 822 424 919 770 471
502 161 3 209 836 798 757 669
405 318 280 335 459 806 664 244
717 388 479 592 382 902 397 171
410 755 97 384 166 351 550 74
43 710 161 30 722 978 331 458
761 568 428 495 0 366 471 471
218 226 989 640 585 823 891 925
326 377 448 489 397 942 388 941
264 139 258 629 57 525 512 113
153 437 781 173 137 170 901 506
179 905 958 482 256 661 175 508
397 145 533 185 23 882 380 469
511 484 537 999 459 838 643 312
829 274 473 446 942 909 642 938
589 693 574 928 521 380 154 238
55 213 110 121 486 672 407 942
570 290 899 824 227 496 744 5
494 366 926 362 46 553 850 377
714 588 641 1000 113 278 582 990
356 5 701 279 761 540 836 346
570 989 300 558 334 113 999 376
111 826 315 857 344 688 155 904
138 691 689 740 646 678 985 303
121 830 645 374 679 601 903 384
523 193 607 987 99 699 55 517
746 71 928 676 934 696 606 928
335 632 504 547 197 701 196 633
803 648 11 991 445 13 552 739
142 879 387 54 148 275 323 524
116 308 456 169 469 412 837 400
990 257 647 49 755 57 582 313
279 951 191 835 941 85 851 193
813 490 611 249 709 330 916 433
748 877 72 444 176 346 100 179
304 410 495 804 787 317 387 735
985 883 112 999 271 670 494 527
443 490 712 143 624 343 920 844
457 1000 544 56 724 95 538 526
68 736 200 320 908 655 704 846
429 142 984 423 341 126 623 697
584 585 545 407 817 709 505 960
194 487 112 800 506 34 741 584
462 317 51 228 785 30 941 797
386 994 193 24 14 23 154 44
602 908 950 160 22 67 101 615
709 949 274 962 608 48 900 8
47 530 630 148 188 921 320 243
735 981 647 402 871 401 612 537
269 91 968 647 71 19 163 376
519 155 91 142 924 795 218 140
490 341 262 197 655 562 293 496
455 619 460 287 248 49 278 893
976 514 676 642 412 25 867 672
69 762 660 851 234 898 713 537
9 652 759 338 585 661 148 820
170 140 963 148 376 758 819 658
721 701 454 324 38 647 245 171
549 809 180 197 712 457 421 548
603 348 722 970 452 33 729 781
535 337 756 376 70 59 326 259
196 350 875 186 545 41 635 437
352 138 22 532 273 248 226 902
86 844 728 748 157 314 605 557
157 441 892 812 450 785 161 458
692 207 690 607 893 222 607 733
297 254 506 744 713 797 431 383
832 303 111 845 921 897 307 690
101 278 368 84 1000 451 872 838
860 530 501 34 194 235 983 405
237 223 560 614 141 237 326 61
984 110 258 41 719 106 29 565
480 891 69 631 407 298 646 847
891 14 341 120 836 58 717 435
187 586 775 377 909 931 781 106
895 320 118 499 117 229 620 924
389 98 524 913 561 422 47 535
908 776 701 704 770 611 190 726
900 548 917 14 893 672 468 616
434 865 179 337 877 983 513 142
26 949 369 673 554 602 141 92
224 717 552 144 235 492 816 608
838 239 779 562 51 323 459 392
201 410 550 750 207 681 473 846
799 987 6 425 330 430 899 525
573 465 592 592 13 241 67 221
717 165 880 433 589 913 648 617
459 352 691 643 10 213 575 503
615 980 162 318 84 566 576 376
860 128 984 36 727 336 501 56
738 0 442 218 969 970 647 851
15 32 300 270 362 680 586 285
263 482 127 397 412 262 97 336
335 891 247 980 300 983 946 195
299 645 68 276 241 511 703 687
511 96 730 483 892 358 918 870
43 782 771 111 778 937 304 340
545 330 850 447 855 491 888 849
227 177 808 924 876 939 827 31
120 84 894 706 994 894 353 670
727 616 894 704 490 627 552 111
510 841 412 816 692 249 879 661
516 317 61 939 455 787 482 761
320 997 216 534 372 474 157 39
873 447 22 350 264 401 978 716
271 227 54 676 513 710 461 794
350 309 149 834 109 142 575 601
850 833 904 107 97 123 852 192
122 28 238 79 964 693 383 981
432 909 61 534 511 650 222 823
107 348 220 279 93 302 697 665
272 796 401 521 204 648 609 965
226 582 748 135 951 734 838 750
172 793 537 602 334 704 690 914
219 134 699 233 19 17 92 845
20 562 904 412 813 655 888 912
935 519 654 866 969 286 388 850
229 855 833 776 147 642 61 409
927 306 894 990 378 181 903 544
504 11 491 211 634 273 450 352
325 162 966 390 402 191 899 821
708 623 949 806 238 780 596 212
785 18 545 258 88 800 815 528
756 70 718 763 527 730 691 954
982 570 804 228 944 917 536 453
756 442 278 864 370 959 376 307
557 495 194 446 919 38 833 401
63 31 282 753 829 863 671 925
867 926 478 0 977 46 539 439
442 356 823 899 283 529 630 562
911 184 66 707 120 415 331 259
970 564 540 844 60 578 197 904
699 738 478 438 537 60 190 154
289 152 508 613 555 771 929 289
0 958 928 682 26 868 805 528
335 957 608 912 843 853 582 965
911 16 998 662 936 487 888 228
229 619 777 23 257 45 807 902
643 373 70 904 824 459 429 938
205 400 304 534 469 805 502 492
729 472 186 520 887 519 317 713
368 882 582 22 793 34 624 290
925 108 965 655 354 117 668 32
423 181 20 741 818 921 335 514
780 362 382 417 173 526 932 65
166 697 253 738 163 616 467 445
579 150 435 242 511 515 143 936
683 299 382 217 112 642 677 178
643 441 230 99 244 660 136 189
692 573 861 112 489 383 125 669
970 563 362 796 894 579 303 589
399 594 311 558 835 375 382 56
547 992 295 856 231 65 32 950
662 532 599 455 302 73 864 700
704 922 758 119 677 117 862 928
167 232 496 620 969 264 753 758
992 666 824 64 904 895 641 429
824 388 972 952 64 792 654 530
88 407 387 525 769 715 65 903
363 481 595 525 451 761 342 482
985 316 239 1000 855 841 97 523
424 268 925 745 208 496 780 424
117 244 377 468 763 491 285 808
486 961 243 12 765 581 168 76
469 268 529 735 865 255 661 573
559 558 807 368 580 693 544 495
738 543 520 179 583 594 66 668
638 402 641 163 65 991 697 832
149 843 586 970 84 369 9 760
580 646 526 876 885 7 814 198
92 2 308 451 937 663 638 37
802 359 796 529 145 634 190 487
908 346 343 681 883 970 73 877
535 828 403 766 883 314 399 375
528 770 51 992 630 34 382 962
165 922 822 519 730 449 508 689
914 76 216 538 773 421 981 940
256 297 493 231 625 207 817 70
592 795 123 27 712 653 888 344
901 271 567 309 980 373 37 419
368 564 142 111 715 179 565 543
772 883 530 253 700 676 403 877
750 109 506 455 547 436 126 255
270 137 604 579 77 619 418 317
301 657 849 444 98 332 454 610
208 562 351 351 790 771 490 599
621 490 702 452 709 264 646 491
903 661 573 25 795 375 159 550
489 13 362 28 280 255 767 524
253 926 603 75 334 429 599 593
31 790 900 351 702 171 905 946
628 778 919 868 982 344 615 198
75 903 792 429 713 169 145 358
281 277 885 521 269 428 135 554
253 130 15 550 659 509 45 562
394 809 952 409 260 278 818 659
907 115 152 27 521 887 371 582
238 466 300 624 398 831 368 10
792 105 957 618 311 944 928 928
981 583 865 123 836 680 902 118
932 464 900 905 49 295 217 952
305 848 549 265 11 440 2 369
452 914 377 85 853 243 679 100
413 671 673 13 380 948 194 801
885 466 15 673 556 679 39 875
612 105 819 49 371 581 129 239
441 944 845 278 460 39 827 916
718 498 382 531 812 862 976 14
728 636 15 788 315 35 982 720
401 284 722 356 252 613 427 27
490 531 876 830 463 518 401 58
638 826 654 559 679 655 766 845
602 227 857 153 644 584 742 991
942 28 649 944 185 946 908 380
988 542 16 752 21 774 266 306
143 579 354 871 8 11 373 67
410 585 786 440 107 214 834 541
778 650 921 175 764 933 378 282
611 794 555 561 515 523 369 497
792 237 438 625 276 277 84 272
813 291 213 235 400 27 298 6
774 33 823 261 493 445 60 918
68 226 850 823 933 344 259 385
692 67 259 194 984 929 916 417
680 77 169 491 571 939 960 357
990 595 267 63 607 103 465 322
243 527 732 265 477 425 477 143
261 911 122 585 638 78 84 214
103 772 198 904 189 306 524 9
849 135 466 883 786 805 740 667
651 197 801 116 830 291 5 214
530 365 527 586 343 54 57 113
858 487 91 845 959 727 519 651
203 20 894 845 344 894 288 369
309 223 422 610 914 727 144 821
220 69 392 970 660 445 948 822
802 791 225 906 438 350 186 322
91 224 24 795 1000 689 668 215
321 762 391 567 488 1 109 860
576 940 460 244 513 160 415 85
740 617 688 110 665 907 249 707
467 64 585 500 831 392 984 765
403 125 937 253 410 718 745 793
490 556 463 804 593 11 361 782
465 965 922 215 791 556 891 28
631 478 767 5 761 144 466 102
969 102 330 595 677 96 619 414
319 777 109 829 288 67 865 87
249 700 484 450 496 188 553 769
77 700 377 846 228 346 173 401
710 374 660 989 27 309 386 4
58 235 430 637 110 514 182 137
975 799 747 544 483 897 877 799
796 955 882 728 338 694 1 718
411 137 641 105 148 82 403 908
653 961 43 385 181 518 859 735
950 83 441 101 934 986 563 172
958 299 280 960 788 577 602 646
385 463 585 920 953 808 815 62
29 747 630 275 824 885 566 288
303 84 66 524 823 204 510 958
554 104 13 0 616 447 934 565
462 486 489 157 837 461 781 689
96 888 54 676 328 930 695 542
408 55 615 900 317 980 890 40
148 940 641 237 490 193 173 155
11 325 537 141 675 836 619 279
55 493 257 515 121 755 906 407
873 935 452 152 321 163 180 715
298 201 565 702 350 754 635 649
599 115 985 222 781 335 797 354
415 987 305 276 345 135 911 174
13 725 39 751 646 806 883 210
748 202 707 789 601 342 407 587
801 496 822 544 309 925 512 581
354 966 756 613 63 614 764 620
677 98 411 471 763 900 733 994
761 21 712 567 422 671 463 776
80 796 484 923 732 508 835 718
633 229 567 433 868 333 483 244
258 95 196 300 438 21 326 87
826 522 342 696 289 370 605 252
232 781 0 536 50 657 31 412
995 731 728 570 317 784 560 473
479 169 923 335 53 511 241 902
491 292 199 976 708 861 725 544
329 123 173 343 69 435 452 792
109 130 109 436 614 127 151 898
960 534 601 497 104 379 304 826
921 776 121 908 974 632 509 201
428 976 783 289 450 419 154 690
297 839 31 155 391 923 723 55
434 257 814 855 677 428 115 554
717 558 190 583 204 67 348 384
72 889 789 173 702 408 510 773
287 899 743 883 337 318 640 68
163 197 182 501 884 122 27 488
579 836 947 269 162 831 233 667
769 85 467 338 192 554 988 582
378 957 544 356 85 383 934 607
968 822 777 855 474 773 399 806
545 421 185 777 919 477 853 477
870 495 122 972 162 35 156 365
849 64 983 400 916 246 369 739
450 582 242 889 260 885 226 251
933 764 819 887 931 321 911 314
212 532 22 782 269 807 712 921
364 364 357 131 331 907 754 381
200 973 917 89 708 6 397 562
915 902 275 133 630 731 543 369
169 746 876 503 740 354 503 79
345 505 354 222 725 535 721 729
994 25 729 735 813 852 499 917
711 540 780 840 84 240 113 106
673 558 426 40 562 34 662 852
372 915 106 420 51 696 558 50
936 535 883 621 806 39 584 328
666 702 570 724 584 401 560 144
548 437 470 984 682 343 104 938
711 48 762 538 250 105 657 652
370 826 223 495 178 902 340 46
944 610 718 538 546 271 486 22
918 586 447 826 952 821 147 860
152 305 874 550 98 144 709 279
38 247 932 42 336 0 759 126
758 570 680 995 534 572 305 647
117 450 972 883 453 705 778 818
107 749 321 863 954 205 984 416
298 483 455 164 425 235 821 390
866 321 423 804 543 250 48 926
256 200 785 68 756 662 905 854
591 318 799 198 341 838 450 416
112 375 885 589 467 32 709 461
467 277 943 788 164 497 115 876
116 522 994 649 174 723 721 39
771 261 924 210 738 794 356 646
317 427 720 405 816 657 912 919
858 776 920 175 34 180 15 721
145 399 99 843 831 136 923 499
287 25 285 827 825 179 940 128
388 486 407 603 907 116 182 356
578 180 687 941 670 419 283 391
697 469 153 676 222 17 772 651
532 599 461 656 560 983 661 624
379 247 71 476 110 855 707 40
466 602 752 683 698 330 542 431
996 618 667 821 457 539 760 133
583 888 173 174 8 915 627 571
936 658 37 10 404 965 951 445
72 665 239 737 232 886 6 477
22 494 921 105 394 539 507 478
443 855 434 561 735 932 659 868
249 16 892 123 636 140 197 131
84 553 671 893 718 478 416 852
189 705 447 350 290 844 627 471
268 667 948 845 372 455 417 506
697 754 197 839 110 942 283 175
424 20 989 580 143 461 422 383
954 740 102 376 0 372 436 282
793 128 393 407 260 32 96 164
804 825 877 129 637 272 633 36
393 843 690 268 188 561 91 753
254 703 803 335 481 131 477 474
279 733 398 234 121 601 982 876
585 343 260 677 542 632 436 647
805 84 707 572 542 866 531 832
138 275 95 394 884 238 340 621
319 578 98 817 316 553 415 146
980 542 33 818 681 928 220 440
35 665 169 768 930 418 260 803
185 178 177 966 404 695 692 512
289 900 431 308 725 681 58 720
792 426 630 773 303 23 178 879
892 899 301 898 293 983 99 19
960 786 195 433 899 35 502 500
185 481 33 521 302 783 942 1
258 1 506 5 446 444 971 884
929 318 319 217 343 602 606 365
797 130 28 996 797 419 118 87
503 395 56 259 843 630 188 20
341 627 667 418 842 777 594 987
47 431 615 649 120 365 697 163
262 786 636 596 326 807 16 42
714 113 257 773 896 325 89 855
497 390 996 641 427 822 679 440
886 872 803 80 482 781 649 214
968 899 683 39 975 776 794 40
520 648 151 273 82 29 784 680
971 694 842 765 25 904 342 938
785 460 188 535 222 208 935 48
687 674 567 846 455 987 220 657
772 815 926 479 728 904 972 799
839 922 640 3 365 948 358 451
431 187 68 625 976 324 30 261
241 550 908 247 180 855 75 706
655 824 124 47 680 966 836 413
454 44 877 100 808 314 769 781
702 184 414 989 329 953 461 716
15 981 650 772 343 312 375 484
530 753 994 817 946 789 487 372
127 807 906 493 44 747 936 538
296 183 326 816 927 981 311 238
771 739 764 742 77 406 495 550
170 93 587 630 538 596 1000 385
899 187 380 56 454 798 690 136
210 574 129 268 279 679 276 184
842 295 359 373 733 930 282 11
808 565 946 574 235 917 521 51
70 343 839 793 902 796 296 226
360 190 706 631 483 788 631 676
288 223 279 659 845 260 846 436
719 628 610 432 541 980 577 954
898 504 849 13 108 756 356 326
701 64 428 818 918 468 415 85
311 527 761 898 462 704 0 1
539 208 285 504 287 5 551 932
630 342 460 743 896 359 425 945
111 637 171 36 330 284 153 566
324 815 310 167 680 464 924 722
362 905 543 484 666 858 591 900
525 23 157 955 816 815 622 59
614 166 680 633 554 149 362 472
206 619 411 879 480 46 177 971
433 47 760 733 155 88 410 498
472 790 826 100 963 993 824 359
369 103 317 690 994 739 161 207
116 673 325 675 119 688 57 255
741 831 332 57 858 363 80 32
297 363 810 62 167 816 593 836
986 18 628 330 986 469 630 54
525 221 665 537 970 0 366 396
244 622 589 438 196 896 213 79
340 27 125 250 489 769 297 396
957 874 776 896 980 390 357 886
568 798 171 849 738 938 501 975
450 364 291 163 347 753 462 926
554 526 177 347 380 31 661 609
612 712 626 389 26 340 857 396
978 919 304 671 708 682 571 261
447 988 663 568 51 633 936 274
655 881 673 366 163 563 179 990
468 82 543 355 903 250 48 335
385 349 404 698 918 152 659 332
537 267 385 201 152 72 335 419
613 74 269 176 71 676 269 481
45 579 951 213 162 485 85 617
27 420 896 994 558 748 924 110
681 822 988 946 149 28 226 214
247 888 868 84 942 705 834 202
451 862 789 118 755 24 268 559
51 6 738 126 212 909 384 60
831 385 783 815 520 28 423 118
899 675 548 157 780 385 178 262
418 394 697 898 898 276 799 171
927 591 26 333 806 296 697 652
651 241 243 767 350 978 418 703
990 949 478 214 46 693 302 798
730 359 349 258 704 406 949 147
248 952 838 753 255 485 100 314
399 866 417 419 420 908 110 318
540 470 599 816 308 938 813 801
836 78 747 999 199 634 118 427
83 92 91 336 189 31 35 784
499 409 814 385 911 799 673 247
844 764 151 367 788 301 490 763
663 487 150 960 472 748 909 937
215 626 399 242 693 811 890 321
187 450 983 142 598 969 416 609
348 625 562 507 571 229 450 636
674 786 28 542 521 788 550 413
904 350 903 528 293 217 870 767
454 504 153 292 443 4 822 838
145 158 4 340 267 504 653 193
844 34 438 97 815 275 421 901
399 254 252 114 10 655 413 726
808 95 6 254 64 54 224 577
40 216 713 605 355 698 889 271
209 76 291 647 661 660 679 580
309 216 58 33 781 453 813 287
188 507 459 932 831 472 366 315
375 894 420 573 726 57 212 721
409 274 354 428 667 514 396 865
641 118 360 996 332 442 33 293
878 738 517 351 153 748 9 846
224 330 722 359 671 494 675 653
667 996 443 518 779 518 463 517
703 644 917 761 181 520 557 611
59 777 963 145 822 826 422 49
504 218 325 722 488 740 68 818
477 715 247 762 908 5 728 804
459 739 162 226 723 232 698 161
113 372 274 36 160 38 480 334
385 397 555 640 228 100 378 693
402 994 916 982 863 387 904 322
693 84 694 156 724 462 262 996
35 25 962 420 658 707 836 666
921 675 540 982 465 619 348 799
145 477 894 757 866 291 415 699
24 729 602 317 41 167 745 716
540 504 776 258 588 676 813 346
920 4 576 735 460 863 572 910
964 270 220 503 333 137 547 621
78 617 95 371 730 32 610 427
292 364 876 771 723 783 693 732
780 627 722 735 686 386 354 45
437 742 871 660 246 301 833 0
188 576 914 45 809 162 903 232
237 839 26 220 104 635 201 939
494 400 376 160 512 63 945 577
746 213 349 21 721 101 936 677
143 550 887 969 898 115 267 292
148 725 835 917 876 337 923 511
955 918 59 418 589 683 625 186
422 539 65 929 685 329 663 262
595 140 529 385 664 152 451 397
701 873 861 274 929 967 188 21
530 177 861 110 276 924 112 371
806 545 521 396 137 398 836 821
825 334 42 391 582 667 991 878
859 675 256 235 304 99 977 533
77 165 622 456 52 471 446 549
444 581 92 992 753 850 744 386
400 319 554 542 264 497 607 395
449 702 619 80 862 262 71 977
230 342 209 450 407 752 552 405
332 104 934 208 449 668 640 432
655 318 849 21 103 162 333 294
867 925 290 310 865 972 183 907
484 902 325 593 543 212 778 453
972 499 923 617 734 436 157 976
397 175 843 58 463 936 49 248
768 17 813 583 590 98 195 253
873 893 92 473 934 546 461 839
538 781 83 100 681 273 919 339
152 974 229 881 137 297 266 375
428 731 329 538 962 499 234 182
747 928 231 590 766 576 456 61
111 846 423 2 885 978 916 245
369 598 717 529 363 747 198 172
795 373 397 303 876 415 711 302
609 221 330 883 102 123 268 719
323 875 104 636 214 819 909 20
386 53 697 785 159 506 439 344
531 310 275 739 883 957 687 374
280 6 419 838 381 365 169 322
646 798 481 275 29 453 282 736
53 168 880 892 856 842 762 791
891 600 607 713 44 405 320 825
305 544 54 667 693 79 621 747
564 937 720 245 950 872 601 872
303 629 623 416 22 533 863 798
212 473 403 394 716 162 64 45
71 710 707 777 89 701 617 24
820 95 510 771 76 673 945 514
773 47 971 893 214 227 289 243
413 552 326 287 834 794 783 168
985 184 730 584 294 955 569 649
267 169 275 301 808 280 180 216
790 933 680 353 94 918 539 856
868 795 145 21 334 130 496 309
170 896 509 887 979 267 335 352
13 415 976 119 196 460 947 690
224 18 286 567 849 703 392 403
251 169 41 431 859 575 815 598
400 655 598 28 120 707 448 59
56 178 51 98 695 608 222 93
911 236 961 643 812 121 748 332
101 202 11 766 17 989 277 999
433 193 894 32 615 491 19 490
177 554 298 867 513 884 587 428
879 981 654 879 319 406 265 586
285 960 995 865 989 569 482 446
550 831 134 203 65 427 71 815
331 535 956 369 833 775 912 28
684 446 490 270 165 120 730 508
819 318 523 512 729 46 486 584
637 850 292 105 188 524 513 768
851 374 38 75 930 153 460 730
452 725 590 199 942 474 197 911
820 10 49 237 46 206 369 379
435 783 358 642 805 0 441 903
231 717 863 373 329 280 692 663
251 158 761 122 100 163 438 451
541 796 537 493 116 455 522 591
211 973 365 607 63 835 377 4
188 755 927 600 752 724 219 149
424 954 226 990 469 27 261 275
719 507 884 796 149 296 252 572
140 21 458 944 283 522 169 16
342 693 947 114 425 56 922 880
50 759 792 186 440 358 958 652
512 812 973 27 131 174 97 735
228 784 542 143 993 276 271 398
997 213 975 55 542 519 964 253
358 127 396 904 448 339 804 363
873 674 521 607 276 522 782 620
842 377 830 971 348 6 342 136
0 270 851 466 640 94 352 129
879 274 134 371 848 294 478 578
472 478 916 1000 607 697 72 113
427 88 622 301 951 916 137 531
900 858 662 729 126 904 329 285
335 344 772 15 382 431 792 568
920 66 577 231 217 648 350 29
480 868 514 744 139 309 209 335
547 545 522 500 754 653 519 181
816 816 499 438 77 743 681 349
488 784 801 682 731 948 392 638
684 218 85 674 435 545 576 219
343 787 218 448 575 191 998 410
127 621 618 589 577 180 479 708
827 567 856 16 446 989 945 802
356 314 196 480 624 164 500 211
320 29 31 112 363 452 442 728
207 637 459 193 846 533 775 806
102 394 640 617 999 360 733 286
593 753 43 794 982 31 481 28
375 240 109 580 944 751 485 85
377 443 781 257 384 207 206 375
723 789 843 865 423 769 956 389
163 671 456 873 884 176 29 906
965 424 628 196 671 248 405 533
756 195 1 767 810 992 594 765
948 259 72 860 627 658 795 639
557 550 556 483 155 377 338 675
935 254 468 301 881 41 141 167
8 477 229 518 531 525 206 298
543 244 815 152 621 155 211 129
594 837 664 387 721 427 801 818
880 835 621 579 914 415 950 630
52 693 18 866 315 242 417 558
368 939 279 165 245 702 517 869
94 377 72 414 431 557 845 214
28 334 917 112 786 85 160 694
711 642 78 209 516 176 919 450
219 301 902 928 895 261 277 769
883 118 481 690 890 825 245 730
38 747 782 427 135 463 281 902
747 626 771 662 612 472 862 151
627 578 839 458 439 192 705 381
560 116 425 52 664 625 505 623
566 402 462 948 658 413 544 792
63 440 376 460 469 629 972 222
798 168 17 226 668 195 140 951
400 634 43 140 129 736 718 79
540 614 451 407 939 446 874 214
885 346 635 663 408 331 309 506
190 710 287 946 314 664 550 625
325 65 171 560 676 497 941 269
439 774 280 504 616 718 598 491
620 653 756 32 257 704 911 192
256 681 602 646 535 367 579 367
223 169 34 847 407 126 773 434
287 574 456 850 807 944 805 205
737 249 531 89 176 449 964 307
493 647 905 267 310 71 277 659
548 991 370 252 83 464 190 21
394 362 843 968 853 538 150 951
709 709 525 419 616 421 91 98
794 727 248 991 505 95 125 871
321 607 628 777 117 939 98 309
987 513 675 295 966 18 316 666
157 655 999 225 594 365 616 922
381 835 842 505 308 439 494 993
612 528 674 131 393 421 944 864
348 406 807 250 671 40 966 4
981 872 474 458 197 840 343 502
436 38 742 556 561 498 302 793
154 644 214 322 933 315 32 661
143 304 729 964 413 977 130 519
439 277 704 206 256 446 742 367
218 310 715 461 661 296 239 210
141 974 139 25 967 140 519 63
897 309 956 243 764 957 186 955
237 150 524 742 954 517 979 809
70 264 914 248 755 671 851 821
916 758 881 484 666 224 973 32
670 37 22 346 776 198 909 597
338 254 727 780 54 158 518 291
260 881 584 294 912 161 579 881
936 834 499 879 687 929 162 42
651 383 604 477 199 865 409 920
196 630 635 52 580 419 808 655
756 446 854 433 19 102 218 766
325 611 497 839 641 866 684 341
606 14 244 117 871 539 251 675
36 760 321 363 423 826 420 272
275 464 54 361 588 162 32 575
268 243 225 464 837 538 50 864
176 798 315 949 346 687 992 650
465 350 678 51 265 260 360 968
932 411 902 917 616 530 368 879
596 765 914 100 773 628 894 580
957 357 478 238 102 654 255 412
420 374 764 696 98 713 783 620
617 594 739 363 195 51 163 159
416 582 764 953 180 224 559 107
40 790 275 258 482 474 211 265
579 817 734 777 516 900 815 903
268 958 827 174 670 78 255 795
419 779 203 257 366 741 428 537
105 800 78 168 868 63 597 42
3 592 0 522 636 40 160 782
761 849 677 233 951 920 699 147
396 143 58 815 939 769 320 387
901 240 953 230 404 912 254 563
58 264 904 706 47 991 866 137
676 672 801 778 808 817 504 431
651 741 539 252 455 858 743 626
389 217 873 24 676 647 419 427
821 63 66 863 706 634 45 208
520 323 299 729 903 845 23 280
821 975 721 179 50 914 667 954
637 124 223 743 202 785 81 448
63 23 879 782 866 972 204 434
955 426 227 694 756 274 649 616
259 13 303 593 758 67 280 494
413 968 790 147 272 645 327 234
381 604 187 397 311 57 607 437
281 745 740 861 639 434 237 574
200 35 628 362 386 351 652 128
714 46 989 89 873 374 296 646
349 290 829 957 65 843 855 63
340 933 685 856 99 591 301 510
568 502 743 988 33 339 242 819
835 389 724 684 830 220 856 843
854 877 203 657 666 212 875 605
923 786 846 353 923 198 571 777
447 971 739 961 258 864 816 212
284 440 393 801 828 88 70 794
203 528 941 76 779 461 604 810
431 709 212 487 79 961 186 256
6 98 252 9 290 959 708 869
773 449 690 475 43 280 408 622
16 338 893 198 509 683 806 513
577 23 319 52 971 135 152 542
639 688 471 580 205 356 770 323
899 472 569 822 369 241 405 139
6 602 499 177 569 431 192 711
731 836 434 688 137 894 442 963
751 403 210 969 920 252 606 403
165 173 461 54 750 888 166 753
562 2 469 204 626 703 387 954
886 585 942 401 994 824 524 516
984 84 822 973 955 6 39 373
389 566 188 989 246 36 942 805
760 511 601 29 725 640 30 873
340 591 64 357 969 798 874 189
292 852 43 591 421 114 544 779
273 576 208 305 541 627 819 90
186 117 111 180 256 473 177 621
724 927 117 42 889 649 226 582
205 767 979 104 791 788 303 380
69 326 315 369 220 278 30 793
154 93 273 870 865 187 262 232
55 238 31 694 861 621 189 924
905 851 442 179 171 613 65 193
669 815 466 980 825 522 538 859
28 765 707 269 250 820 478 824
873 63 453 26 616 336 373 456
386 621 824 819 778 577 603 467
468 378 259 813 191 82 380 538
770 443 745 609 52 187 728 327
55 870 380 606 622 685 1 316
426 293 795 64 532 905 628 861
388 645 435 17 365 437 191 724
121 353 961 943 709 745 482 708
250 534 1 898 364 167 852 803
112 310 75 533 738 743 17 142
580 213 381 128 433 769 109 138
581 874 37 924 846 590 602 340
796 570 654 977 383 291 697 771
165 870 996 535 276 178 352 248
437 41 291 931 448 0 243 288
233 589 300 804 856 26 197 805
611 177 29 941 50 851 226 819
371 380 383 39 177 424 858 72
625 674 959 981 559 571 761 894
413 522 160 888 69 127 732 399
221 981 41 934 256 414 570 806
78 491 751 799 823 675 518 272
784 906 926 8 370 412 728 661
383 351 493 911 108 326 385 870
89 485 140 115 718 174 212 912
954 579 269 696 554 350 621 207
423 290 176 905 839 958 942 276
988 702 151 28 855 911 540 821
409 728 77 46 748 422 7 258
979 295 13 311 43 488 962 411
560 837 314 50 421 713 901 25
778 81 620 754 551 920 722 329
654 600 935 292 724 822 9 503
174 89 6 985 765 642 991 101
93 973 822 940 632 922 345 317
232 721 326 887 761 379 16 888
996 997 66 144 799 359 452 535
338 349 865 396 109 110 404 856
893 660 368 191 555 178 188 197
296 92 959 842 398 675 526 709
505 81 653 561 226 131 884 126
721 988 428 237 257 404 877 493
876 323 363 495 36 151 44 296
578 470 963 70 454 302 272 995
14 496 117 163 861 263 476 677
76 787 360 332 381 910 558 79
818 875 977 310 151 88 129 736
125 998 424 706 186 640 691 672
896 672 870 77 830 208 587 641
681 425 882 102 107 912 393 23
283 842 70 224 297 762 605 6
626 334 459 791 819 811 246 655
371 18 283 614 379 789 803 185
933 211 714 25 211 129 337 163
220 186 977 936 540 762 917 45
474 456 607 343 349 118 144 592
897 26 472 82 119 148 678 472
838 263 786 937 867 255 465 523
959 134 552 73 978 126 175 658
76 864 608 474 589 94 440 443
851 259 814 949 966 703 846 96
868 644 518 847 290 410 279 987
942 650 234 5 783 132 318 166
638 896 288 270 492 530 539 510
707 147 160 960 595 107 49 18
911 376 505 985 906 359 661 465
745 403 624 533 818 631 965 402
249 433 249 981 727 212 601 239
862 653 587 383 644 443 726 51
248 622 630 333 916 224 795 72
107 942 507 3 546 169 302 221
719 379 46 826 175 447 140 454
698 798 651 672 954 319 758 737
977 371 316 641 664 916 671 466
648 985 942 906 240 969 781 715
548 971 522 425 813 524 839 972
972 904 955 296 631 273 708 911
816 49 964 991 494 205 5 213
909 543 562 408 877 440 170 19
957 826 486 515 65 152 379 874
889 161 574 898 516 261 700 24
224 54 263 567 860 561 394 604
263 147 36 355 114 490 119 39
505 976 689 481 633 162 246 678
863 843 973 759 163 909 654 371
970 144 660 936 666 12 484 570
568 574 535 661 66 9 120 884
292 61 565 946 258 938 646 884
901 902 937 287 745 467 328 184
424 829 161 169 886 234 478 531
744 768 529 55 525 140 898 424
504 904 821 63 889 733 502 613
697 219 655 623 711 873 251 885
832 872 110 227 216 642 254 821
34 744 832 866 45 296 266 43
561 472 229 278 504 867 647 181
88 328 126 664 752 910 972 643
898 529 705 811 591 115 116 330
18 469 87 60 953 989 524 568
365 248 50 218 529 306 838 848
142 748 613 279 520 929 310 581
248 168 83 188 22 343 504 68
127 90 852 852 963 223 785 769
950 981 752 1 142 618 866 153
671 808 519 458 382 940 919 64
488 485 160 413 906 276 892 551
233 969 775 14 999 954 225 743
418 395 645 181 754 242 666 726
476 877 345 234 785 675 167 916
867 261 728 533 619 696 67 699
803 241 84 15 581 535 686 88
89 165 350 496 988 199 332 502
778 79 169 815 804 500 545 819
979 535 470 135 17 413 414 709
542 979 343 153 361 402 770 123
424 802 380 593 941 195 365 111
794 673 795 959 48 999 511 209
737 653 552 8 989 821 461 187
304 0 790 982 769 295 797 492
512 187 503 508 542 67 753 717
822 378 938 699 446 590 929 863
989 226 581 720 490 367 226 969
323 820 290 872 118 82 788 736
322 888 635 167 651 743 164 85
896 192 269 881 349 74 295 851
313 762 930 468 965 624 916 544
561 193 252 766 557 917 388 595
676 83 918 529 742 45 249 23
829 290 928 75 774 267 273 495
989 357 39 621 147 593 993 927
974 236 732 160 619 639 251 159
544 543 267 106 785 740 125 957
941 37 698 113 162 183 566 944
141 753 331 702 811 562 123 604
222 804 275 430 4 919 570 282
888 994 192 523 415 205 3 920
299 66 0 825 447 2 924 658
17 734 716 249 625 918 368 598
121 461 607 119 66 561 296 557
414 514 691 276 765 401 503 869
311 455 164 693 113 230 101 603
287 540 782 364 662 848 75 225
515 822 607 130 13 57 370 704
892 401 431 730 833 817 867 997
223 992 419 790 63 495 208 878
97 119 793 923 737 365 580 767
27 243 654 420 248 246 45 955
893 583 613 508 527 855 581 130
227 64 405 78 513 883 900 774
998 754 386 340 333 907 945 456
135 327 179 630 969 888 595 927
238 414 102 133 586 21 34 315
905 446 798 104 480 867 186 500
182 448 905 487 950 904 636 89
862 424 865 335 630 176 724 149
556 627 736 538 292 989 793 531
275 889 88 95 597 623 940 958
237 536 313 547 172 13 458 369
325 997 733 219 32 330 403 109
6 739 873 39 293 719 363 908
177 986 722 391 937 957 694 888
856 398 584 997 994 77 441 847
804 7 342 379 585 214 116 897
93 337 212 433 969 744 973 166
823 846 789 788 641 545 81 243
664 541 174 378 854 977 659 331
100 597 571 356 791 660 718 996
279 630 602 48 583 141 449 175
721 802 623 275 834 200 397 838
633 318 290 710 94 220 898 195
396 171 934 449 614 731 386 460
973 849 901 104 572 202 888 395
788 566 622 836 808 22 196 14
445 392 934 437 345 477 417 728
350 424 994 19 574 744 357 425
736 321 716 904 139 778 710 535
78 669 205 966 434 521 557 917
399 524 156 493 673 236 957 563
623 232 768 307 721 443 832 458
725 774 730 137 89 756 210 57
710 222 94 277 606 535 626 648
882 322 949 526 650 244 12 134
705 727 227 363 690 840 123 655
81 193 321 865 624 531 30 300
124 414 624 887 958 295 820 600
957 423 251 777 12 47 133 242
980 475 737 100 84 617 497 88
67 72 499 310 842 550 166 646
399 532 410 108 958 111 621 929
298 146 953 868 188 709 68 773
786 248 50 828 964 957 272 586
340 232 43 866 610 392 653 921
566 253 377 52 371 297 201 104
749 337 730 942 764 924 887 99
779 39 837 288 56 745 960 530
228 429 102 333 898 246 906 811
324 361 836 577 373 295 339 280
293 409 906 483 131 787 166 746
587 452 54 945 785 281 698 341
233 57 854 741 699 968 805 97
453 849 280 489 374 749 806 616
943 363 422 49 512 260 360 739
649 966 218 205 756 561 462 668
990 547 531 821 328 590 926 216
832 180 443 678 888 508 269 739
611 186 986 975 918 321 367 882
409 635 696 59 975 524 670 143
139 326 415 86 555 919 960 708
375 126 27 930 62 611 922 886
594 814 41 543 291 822 460 917
920 587 85 455 493 506 585 420
332 140 39 718 315 443 493 789
438 842 374 402 906 519 199 685
986 46 177 140 938 966 614 514
563 612 282 699 146 870 46 900
477 782 525 864 98 153 683 611
79 340 520 315 465 992 870 258
1 363 583 663 245 931 204 587
718 649 655 467 51 926 139 56
168 825 878 426 999 859 893 657
811 726 590 385 785 74 494 368
771 21 669 198 836 851 270 409
671 776 77 674 660 223 657 636
637 727 650 941 268 697 384 137
509 137 419 538 440 673 793 984
972 640 731 239 356 839 325 421
528 811 635 125 287 847 334 99
534 289 933 212 464 662 334 694
873 493 143 838 392 498 613 461
638 571 596 850 614 93 246 653
824 753 607 188 596 970 275 509
531 977 231 603 147 201 747 481
539 669 30 543 987 760 6 442
885 254 418 886 464 440 422 330
19 771 279 239 85 869 784 506
877 790 484 774 766 478 188 387
817 646 132 619 545 590 243 968
307 935 203 225 743 733 720 294
905 947 957 96 466 506 917 431
362 495 789 441 463 675 534 19
227 940 154 804 970 949 462 43
558 667 714 715 701 912 95 960
68 798 317 556 412 629 863 329
846 978 879 492 793 840 485 872
129 667 976 461 935 571 965 746
631 103 575 385 301 343 771 564
759 314 675 574 329 862 220 529
787 442 664 474 358 236 208 586
266 203 13 171 267 797 243 175
356 676 483 338 194 824 981 756
894 270 23 698 447 39 290 904
187 423 164 970 453 987 96 857
469 491 595 123 833 882 96 594
137 447 172 324 903 272 863 517
195 361 245 832 76 453 122 430
314 551 17 56 362 505 54 315
470 472 39 724 687 930 330 168
345 105 215 494 86 78 957 622
850 427 931 173 575 832 878 270
797 35 426 437 872 194 870 287
157 755 99 746 856 834 600 806
370 679 652 989 397 729 903 83
554 482 474 825 20 293 732 222
40 361 428 594 513 796 280 840
307 615 419 956 977 169 475 672
809 533 262 300 355 542 432 399
522 290 379 333 608 462 192 736
781 903 883 961 548 158 805 927
748 480 82 849 788 813 295 360
428 382 823 711 687 920 964 931
499 223 135 479 82 810 353 256
684 158 209 728 264 136 773 569
729 75 163 366 487 195 498 18
852 131 71 115 930 968 346 983
351 930 948 687 237 829 154 383
509 543 804 25 541 44 825 383
886 87 967 955 573 130 594 32
356 748 502 485 313 284 941 528
572 529 84 612 630 943 873 607
57 360 403 240 863 652 886 874
784 759 576 376 431 596 164 671
63 964 338 886 967 957 581 598
834 213 806 473 507 777 225 40
522 995 62 672 1 228 38 103
611 198 342 778 438 134 215 138
480 191 641 251 530 444 907 144
418 276 619 532 382 29 315 522
782 860 437 820 156 507 760 6
978 884 668 66 22 283 976 131
513 766 630 833 610 137 11 643
874 148 152 225 716 550 336 903
979 255 247 659 198 634 3 300
147 197 885 839 239 30 107 315
567 436 866 388 398 751 303 182
82 840 613 356 587 211 466 767
491 96 451 969 733 258 266 910
785 886 84 454 947 957 246 377
77 679 348 619 796 441 427 882
808 747 185 114 739 922 377 836
26 159 972 308 505 799 899 356
156 822 364 498 686 872 805 836
608 36 220 803 769 4 545 441
369 598 748 514 753 167 180 758
918 994 132 810 880 921 234 114
771 529 834 141 671 716 779 913
696 543 948 384 416 483 355 533
261 36 842 537 800 526 495 766
423 335 788 431 892 862 901 602
592 294 900 446 34 172 635 453
391 594 496 226 219 432 740 18
435 328 919 382 211 479 630 744
352 640 788 174 495 735 871 232
615 573 126 371 166 314 471 233
405 996 766 215 958 300 138 670
823 876 477 867 70 737 63 283
885 56 532 993 69 30 171 730
732 347 723 262 255 941 934 361
399 285 131 728 286 661 804 839
164 804 985 489 303 895 683 558
218 339 457 245 842 421 954 371
924 333 814 172 210 768 792 153
158 61 926 497 744 252 212 488
805 28 764 383 853 910 743 717
633 496 107 127 850 44 289 511
811 552 799 519 437 74 440 20
298 881 984 286 824 755 337 305
375 945 521 172 525 415 235 250
239 404 594 847 60 85 96 710
882 628 922 315 203 380 313 881
415 151 89 105 857 573 694 961
705 508 592 692 981 620 658 711
83 341 703 878 552 648 584 473
517 745 391 706 73 53 747 258
329 193 889 718 557 440 754 973
171 586 445 961 618 448 569 279
477 119 828 49 431 73 621 629
983 32 88 761 812 996 835 103
765 308 787 255 669 498 507 725
823 807 84 712 750 462 202 591
722 931 9 369 877 715 407 832
709 186 705 905 991 594 787 214
116 93 62 930 613 429 135 470
697 212 192 92 241 102 21 439
745 450 188 157 429 391 367 867
819 194 136 138 15 422 693 338
291 50 3 461 779 76 478 297
528 243 843 135 136 127 760 649
605 558 424 960 81 483 574 788
768 263 596 112 220 313 957 949
307 7 978 776 167 711 383 230
796 946 51 360 664 181 984 113
525 877 484 668 851 877 387 107
322 813 427 652 610 523 989 742
963 12 555 963 390 583 810 624
993 778 174 28 849 355 554 148
406 611 520 76 691 144 512 640
949 630 395 717 194 60 881 914
173 11 626 41 437 527 138 759
814 619 878 511 707 465 255 761
480 415 399 636 164 467 332 271
335 287 528 343 174 778 556 258
106 774 200 940 17 837 997 145
110 758 484 762 588 434 309 321
113 284 303 555 747 279 445 92
749 482 159 397 15 668 935 820
969 243 215 377 794 937 224 811
283 160 781 661 187 427 957 772
489 141 125 264 696 425 131 258
847 998 59 944 95 434 917 59
750 764 190 200 869 936 291 637
438 147 469 452 823 147 395 153
572 660 113 840 419 983 537 616
117 267 746 363 633 847 695 306
940 966 114 627 706 748 305 135
241 430 163 236 329 836 282 759
846 668 931 340 307 581 672 535
155 11 455 467 869 831 829 368
363 471 203 363 891 752 84 207
287 67 803 373 904 833 5 151
459 657 555 838 193 443 779 725
287 198 438 82 9 589 487 977
390 40 512 987 880 168 391 454
452 639 416 108 41 58 707 807
657 563 21 416 672 420 166 77
23 160 483 534 195 902 985 613
984 976 170 941 941 485 902 617
255 36 41 283 383 988 457 21
607 952 802 241 763 119 66 297
127 110 983 663 810 872 28 507
264 987 577 566 126 149 45 808
989 482 637 293 268 902 619 58
325 490 720 750 554 617 819 643
815 767 655 846 884 915 947 13
602 848 485 545 457 291 747 608
777 734 803 611 50 746 186 643
813 131 472 281 43 229 723 136
662 862 690 489 13 257 618 698
48 636 334 621 940 917 52 822
746 734 790 761 43 618 847 62
351 301 675 375 548 706 663 291
183 574 652 422 30 908 457 354
224 477 945 640 389 431 362 823
779 945 104 261 985 429 239 651
737 692 696 746 219 99 69 187
968 358 28 164 59 165 327 597
826 706 123 628 863 421 135 399
384 159 745 581 546 306 53 824
353 63 249 746 112 622 345 170
552 280 571 977 31 232 782 159
673 854 837 223 167 776 209 918
965 317 256 897 789 304 789 398
327 260 232 437 813 967 637 801
482 178 271 350 870 335 825 632
349 569 563 19 646 257 651 821
510 88 401 47 293 696 160 562
152 256 335 542 530 728 942 850
89 950 56 267 962 548 632 289
463 697 263 540 790 146 39 935
738 512 188 729 327 114 245 482
234 403 776 175 327 762 700 197
512 205 386 612 132 193 419 48
171 69 422 712 609 963 759 62
352 287 971 158 570 972 926 13
372 782 566 682 423 599 9 873
160 642 25 310 755 259 197 757
124 961 461 607 804 654 179 295
42 513 14 527 900 20 312 900
338 651 889 823 540 2 871 205
839 335 199 254 325 894 819 349
848 751 621 195 10 327 420 451
908 432 543 342 661 365 540 722
240 106 18 529 585 511 965 107
889 425 274 193 966 641 121 39
626 867 738 153 127 567 317 340
884 217 592 377 547 492 463 793
662 474 830 9 212 367 296 687
448 931 544 339 979 56 104 975
693 119 476 733 682 364 412 130
862 277 34 72 288 548 393 897
75 1 15 458 297 895 502 587
926 681 617 633 975 16 659 84
509 418 279 579 992 798 271 356
145 135 234 960 16 771 584 505
368 955 454 550 374 148 530 642
707 205 819 855 5 392 529 796
458 827 103 575 37 308 187 723
476 301 571 522 229 706 624 255
706 731 825 917 87 492 920 659
818 200 461 70 152 784 148 760
633 729 252 863 803 447 301 899
35 376 454 693 628 923 0 997
856 310 796 151 5 831 548 308
968 879 179 667 266 402 105 722
440 875 496 995 557 629 442 960
297 408 393 937 119 58 439 796
160 453 696 806 718 154 56 214
740 987 885 966 613 661 109 468
855 174 381 580 189 274 24 767
221 719 347 75 197 90 891 931
889 607 850 763 518 200 401 484
773 691 626 908 368 995 220 970
432 823 811 271 733 951 693 263
847 134 857 936 126 16 601 502
386 729 862 813 841 656 690 517
916 516 735 672 778 739 589 50
825 187 850 583 234 632 212 356
690 99 916 851 971 546 241 161
548 116 582 241 447 333 370 420
534 160 772 304 296 183 405 731
846 979 947 266 939 650 759 711
947 29 666 869 463 146 276 103
330 915 185 859 108 960 863 956
645 234 32 416 739 379 709 431
648 274 599 648 672 454 275 85
661 370 392 30 559 583 637 782
311 366 833 626 169 368 231 746
909 665 756 907 350 579 172 186
29 551 154 234 417 467 579 254
147 270 63 42 9 145 567 955
302 629 875 460 604 379 821 247
711 57 138 634 162 342 800 624
905 800 927 706 887 724 193 239
898 447 573 44 556 770 191 425
366 960 734 994 316 771 357 186
361 727 503 684 734 100 697 314
856 224 492 733 719 345 974 390
313 126 728 507 893 50 908 644
771 186 749 957 589 193 112 935
667 137 7 211 448 645 300 829
533 161 234 247 704 904 435 554
572 390 849 359 715 149 306 286
787 764 19 872 109 326 571 433
812 581 978 249 170 734 856 46
787 64 230 542 72 619 719 493
16 994 628 220 454 71 636 905
426 456 567 618 84 17 723 885
282 800 237 839 348 498 42 471
766 248 427 45 618 531 50 565
674 493 356 957 449 112 778 283
745 932 657 13 694 0 956 500
531 812 645 43 829 526 669 85
776 88 889 327 950 337 778 145
694 517 399 598 505 75 816 273
33 321 364 616 793 992 120 366
361 525 89 311 241 756 401 145
531 556 389 379 945 613 834 580
704 904 420 267 764 527 820 383
629 904 844 703 781 792 699 630
459 818 147 93 255 194 110 981
967 853 756 570 61 433 164 760
819 138 282 628 265 782 875 888
234 108 285 309 400 887 683 327
479 74 384 326 584 514 154 887
190 226 735 302 199 295 676 889
212 359 576 561 196 685 672 768
999 253 129 941 108 364 509 23
181 189 863 252 385 248 431 754
611 999 211 811 165 117 680 874
642 479 551 656 375 270 190 450
140 685 639 440 33 847 385 903
235 998 155 558 781 89 681 640
715 548 816 199 269 913 796 814
201 284 509 466 34 549 350 595
929 302 282 526 629 271 246 902
568 658 86 494 693 663 370 774
923 316 11 604 546 998 589 228
86 229 733 88 962 488 416 818
390 950 168 452 911 186 500 40
646 854 672 562 531 125 829 470
20 893 144 982 166 867 339 909
514 47 627 911 884 994 618 969
902 814 701 255 442 746 781 159
893 79 557 848 724 382 103 364
853 814 95 20 459 156 910 631
91 668 914 154 517 506 973 563
113 75 863 872 594 78 643 512
698 279 252 416 152 387 896 493
897 158 553 266 948 422 543 756
925 529 834 588 789 275 232 965
290 594 247 881 95 334 825 313
473 185 925 348 676 206 840 335
683 918 661 0 936 972 972 966
725 768 791 512 931 817 690 714
626 376 530 436 23 483 406 762
93 533 143 565 917 412 624 680
820 206 459 50 939 395 682 946
772 972 61 37 139 34 863 308
191 403 421 761 146 459 449 458
278 677 940 510 206 487 130 331
891 600 841 776 902 78 178 986
377 830 715 34 427 629 615 152
310 555 615 318 386 693 691 391
321 433 36 920 759 981 323 667
155 932 543 144 921 655 4 350
275 459 821 800 943 552 410 358
452 978 910 731 927 150 665 114
885 324 40 236 499 197 519 12
746 636 43 33 791 503 826 592
507 515 672 950 66 838 663 67
714 933 334 829 0 234 804 961
137 830 242 260 424 35 38 575
918 871 918 929 480 136 395 267
424 127 251 547 149 103 409 795
914 949 213 222 141 488 746 718
78 468 789 89 702 61 834 846
559 482 631 448 166 702 892 824
446 126 925 510 749 7 372 98
420 695 335 967 617 35 588 361
453 798 508 712 186 178 972 94
625 236 178 175 780 643 48 161
37 791 530 986 513 485 35 187
376 297 194 408 210 448 957 341
147 703 740 151 150 308 13 586
282 761 617 224 300 313 438 815
37 490 254 58 357 304 352 798
791 297 726 364 313 991 451 790
839 328 161 195 466 289 846 856
762 709 22 137 790 486 651 988
961 845 162 563 75 571 141 635
439 194 204 933 105 226 361 991
767 912 140 710 480 158 441 337
73 731 746 567 79 497 673 898
830 884 974 216 538 724 489 375
657 128 605 26 157 304 998 955
433 601 450 896 8 475 212 680
327 999 700 33 14 787 452 34
890 790 792 58 252 3 804 265
829 734 350 234 829 175 309 954
974 805 709 427 321 683 323 459
297 823 912 949 723 833 925 906
231 786 687 994 446 651 827 291
162 55 869 688 848 272 131 989
292 108 418 855 759 462 904 653
567 853 209 608 554 372 478 707
48 892 165 169 387 902 867 828
304 460 330 610 16 301 278 539
601 369 202 760 595 6 959 489
108 63 823 557 616 745 273 791
102 122 249 926 812 442 190 369
481 224 393 626 507 629 735 101
130 773 156 326 143 572 993 4
468 163 48 137 200 998 366 151
289 975 338 380 172 139 402 839
675 634 85 238 7 370 401 226
269 155 352 1000 680 902 588 505
385 683 587 795 451 667 781 445
392 807 356 512 551 285 610 751
208 786 868 541 391 284 918 472
165 610 569 170 670 814 730 860
432 485 134 491 169 452 159 125
457 302 905 753 287 434 1 815
789 96 467 104 823 867 170 56
198 963 170 49 578 367 620 193
931 410 34 927 705 979 67 546
290 566 374 715 107 505 87 845
388 800 383 99 312 841 336 13
407 61 634 69 178 550 861 928
686 770 601 247 885 711 812 970
436 703 739 457 730 515 107 25
415 453 767 559 191 357 253 858
135 613 267 301 947 162 928 573
595 13 225 137 667 276 275 916
515 806 286 470 797 831 738 365
411 758 117 432 659 327 385 18
863 737 908 47 502 831 562 536
260 321 503 520 470 774 866 706
558 784 412 360 349 595 204 542
236 571 169 5 139 276 923 564
828 564 623 989 86 546 188 283
760 69 314 81 745 114 144 276
148 881 946 781 554 253 385 133
174 885 790 898 327 467 741 639
753 432 510 555 222 779 921 882
11 237 295 775 734 592 40 437
811 106 991 308 512 649 550 42
503 552 560 888 822 851 814 654
193 20 809 185 626 731 684 71
773 17 135 605 104 529 500 224
768 171 211 928 368 201 563 508
25 391 930 867 413 307 742 487
901 65 652 849 474 831 572 575
895 443 944 498 564 868 101 686
257 158 108 913 912 563 837 744
163 819 326 514 158 363 84 698
132 829 834 686 488 302 522 975
999 477 437 692 463 450 225 157
835 453 202 667 520 709 168 149
186 401 121 711 949 739 273 661
894 147 590 548 867 303 417 904
876 248 516 317 4 106 323 17
43 131 943 925 342 568 268 653
178 506 237 484 928 381 955 423
492 67 255 566 251 546 338 163
111 272 495 988 78 98 716 806
594 859 851 759 343 415 659 885
584 437 289 763 865 596 530 673
725 538 772 752 227 717 322 961
758 180 506 998 667 700 320 606
389 791 514 359 564 97 111 39
77 113 455 468 176 367 708 575
990 990 302 78 167 112 78 903
986 576 821 167 121 756 560 903
881 853 346 17 166 219 621 257
423 922 860 128 483 871 942 804
65 216 589 188 679 538 176 919
241 269 758 420 708 384 89 334
888 918 926 300 182 885 244 129
11 383 190 620 774 409 778 697
81 8 651 789 421 7 314 528
569 996 869 855 958 818 800 440
242 229 314 637 347 799 126 656
906 878 186 75 438 639 585 269
401 594 342 181 817 893 899 751
833 635 399 481 395 868 372 533
774 436 859 375 416 223 936 542
880 667 538 596 416 782 489 544
379 563 813 867 973 822 641 38
331 249 236 872 928 643 526 402
615 424 636 799 128 898 192 923
294 33 724 86 260 337 895 615
567 755 894 415 815 434 457 898
932 712 789 899 336 458 299 493
572 467 688 804 210 455 867 491
633 68 685 655 20 98 601 834
494 937 121 762 753 269 342 259
140 937 304 171 179 92 351 559
934 393 51 855 62 604 149 530
608 78 339 542 557 219 676 397
659 243 266 287 997 657 793 201
298 177 252 341 906 793 904 580
619 454 149 232 923 700 507 736
328 244 639 449 670 117 213 871
826 716 379 29 59 964 964 593
484 646 494 129 390 798 617 778
18 693 33 104 223 472 345 117
490 989 277 477 224 545 130 165
178 708 96 58 897 910 6 658
843 770 833 26 150 587 841 352
217 553 408 234 180 40 565 240
65 139 17 948 955 25 141 241
348 310 230 919 949 946 106 271
61 276 825 371 452 492 108 94
288 989 496 44 727 721 112 686
405 92 698 150 625 500 247 203
48 722 322 770 277 957 542 341
929 786 869 984 973 333 313 475
857 160 605 789 754 296 48 193
725 149 406 704 33 407 523 420
672 467 372 161 805 557 382 458
297 295 686 319 808 429 759 870
642 608 389 488 478 846 58 135
970 45 988 916 299 609 989 121
280 415 305 572 783 225 278 66
135 968 691 826 808 330 565 351
912 801 996 413 183 88 368 638
602 361 651 19 888 931 122 34
564 151 250 155 483 900 90 187
391 162 730 210 454 275 413 594
682 619 461 133 142 851 304 926
467 571 472 839 435 719 561 289
125 954 962 79 986 79 815 363
29 25 748 276 8 560 573 561
69 113 819 385 303 146 985 233
407 432 294 915 512 134 330 502
120 594 83 440 944 410 826 805
152 619 717 426 636 60 801 427
889 532 131 278 469 985 972 149
679 669 50 695 501 315 818 148
881 565 902 706 167 870 669 674
865 991 668 723 540 84 494 197
542 558 692 735 949 911 320 812
879 60 212 124 974 299 105 214
781 852 154 274 226 918 394 14
285 320 215 537 634 307 39 987
274 970 377 694 695 482 567 281
251 989 610 689 563 244 547 978
408 615 745 799 173 339 631 150
539 883 890 855 375 850 560 901
325 524 389 311 392 210 471 294
405 126 393 390 848 965 114 503
663 623 762 45 914 442 24 803
109 338 276 738 406 654 251 961
828 923 639 237 906 964 505 328
205 845 50 492 789 995 142 776
814 473 217 867 456 581 679 287
138 99 174 721 665 613 453 506
27 629 587 828 968 419 373 934
31 538 789 994 451 954 386 68
199 936 122 607 650 303 929 339
962 612 100 945 677 753 299 392
914 724 735 347 448 6 46 345
67 791 945 392 226 532 46 430
868 661 913 615 117 119 103 468
608 800 96 120 863 949 199 397
987 809 224 991 495 474 152 754
662 714 291 607 622 327 72 773
118 410 391 1 290 739 234 412
938 881 621 706 594 276 183 565
858 153 800 465 106 332 89 506
779 728 345 269 734 82 486 842
729 875 194 667 329 567 52 853
710 381 432 679 907 381 164 838
966 390 504 145 891 584 906 234
584 506 763 597 178 32 571 883
293 823 844 694 667 811 164 504
339 193 975 721 261 311 938 225
295 629 25 364 231 561 237 707
239 3 4 821 656 193 337 494
205 856 353 808 172 429 757 650
373 511 308 249 340 976 194 727
539 317 575 625 378 616 396 361
176 2 787 554 126 955 943 435
418 601 329 117 781 812 572 877
141 227 905 55 609 869 577 122
96 965 743 910 779 230 23 792
406 996 817 795 207 131 358 108
41 91 857 207 929 88 561 766
199 706 359 571 36 275 248 79
680 349 877 393 112 753 254 407
43 783 251 408 442 329 457 114
399 556 505 657 767 925 41 465
868 285 295 36 975 995 823 799
739 622 196 655 137 365 244 811
195 365 42 617 960 762 427 479
521 484 656 571 432 834 449 898
318 223 261 808 288 361 516 707
164 183 738 359 936 567 337 315
690 735 935 104 833 94 78 108
549 468 449 432 350 70 6 225
632 731 777 351 565 669 311 388
678 382 215 714 469 60 459 793
402 677 542 542 244 670 762 888
320 45 276 831 869 761 253 975
532 315 872 802 523 826 313 140
860 66 15 108 68 895 585 724
268 85 435 788 938 680 600 624
237 226 198 131 642 611 439 432
873 575 19 613 759 297 353 775
608 729 290 20 227 70 598 829
668 216 591 658 197 10 134 965
228 623 446 208 925 172 594 310
546 287 240 280 468 601 951 537
590 989 64 402 75 384 151 197
500 898 703 311 856 945 301 445
372 824 869 930 114 712 773 497
808 700 525 702 12 377 479 978
139 967 560 908 541 21 267 865
93 321 934 415 460 91 565 678
496 116 472 568 700 643 650 666
782 634 532 859 906 454 515 86
839 218 455 590 703 919 880 894
548 509 785 927 594 438 112 141
483 310 544 525 399 384 477 409
640 721 739 662 773 400 67 875
347 278 905 305 700 917 597 454
564 167 650 346 190 364 840 491
616 541 510 944 780 695 726 671
387 165 118 732 932 769 437 925
442 345 428 126 891 626 348 980
379 577 490 897 404 998 524 435
288 527 983 219 955 959 656 599
496 320 526 913 460 741 44 473
487 495 67 106 549 437 363 662
153 996 860 525 474 963 196 679
713 981 614 985 729 730 658 567
34 548 975 941 306 39 695 253
135 530 753 30 93 424 653 212
431 109 629 796 361 862 779 328
571 958 848 157 374 595 26 922
804 395 391 409 89 212 521 390
96 858 201 777 866 546 134 441
216 964 549 902 136 105 17 949
258 713 61 527 96 391 733 586
204 529 389 125 177 493 67 644
905 304 907 505 923 796 713 533
162 222 789 382 698 138 415 137
555 486 521 49 833 830 95 946
468 377 923 466 414 146 639 168
347 308 630 93 743 6 672 273
985 137 387 556 625 519 662 723
462 659 577 372 476 153 682 466
27 541 600 724 454 555 839 465
300 719 324 670 388 640 933 306
864 525 189 573 278 230 285 566
661 104 526 661 286 666 197 730
811 892 834 976 94 44 319 893
812 262 836 800 943 180 853 829
819 837 194 47 756 353 480 401
555 143 336 535 689 443 611 413
316 639 419 13 938 217 484 118
276 392 634 844 516 351 923 423
437 768 691 955 546 586 651 465
836 104 170 482 383 440 189 753
158 97 950 788 503 223 276 367
731 347 527 97 406 975 317 73
535 43 259 340 473 601 23 976
752 181 13 737 538 592 610 593
673 602 767 693 467 786 47 158
855 869 712 3 420 421 391 803
210 38 760 137 974 165 237 744
631 938 194 991 262 911 123 461
167 657 432 256 847 317 32 607
254 682 570 916 489 52 446 540
564 446 999 48 831 655 220 720
634 326 344 642 773 447 209 310
839 490 708 943 27 335 408 73
278 308 130 212 148 249 183 494
183 459 229 390 134 70 911 209
36 544 189 409 1000 8 986 845
960 180 686 569 251 28 66 143
691 278 845 88 311 258 792 891
124 302 855 726 941 347 938 341
57 810 389 851 462 927 346 792
35 735 277 818 54 649 646 98
245 791 199 777 157 219 641 730
760 51 670 110 815 21 941 154
435 277 707 315 864 794 143 966
324 579 265 501 611 245 996 433
712 160 890 341 173 76 167 446
123 636 136 742 998 914 110 19
537 971 453 559 122 869 404 842
708 880 842 505 490 579 937 784
619 878 316 325 892 954 875 23
634 48 591 111 268 989 427 857
813 356 186 492 217 844 698 202
946 701 807 753 628 482 601 908
800 482 896 948 748 79 714 331
857 434 693 404 803 448 664 592
862 569 724 835 80 48 677 597
664 537 130 844 906 421 206 87
565 115 578 904 106 501 849 380
466 789 318 299 998 729 361 163
318 386 672 369 451 569 612 751
588 51 422 760 667 858 816 533
576 201 217 898 131 60 552 115
493 888 0 64 227 701 529 420
753 234 728 86 54 468 30 408
54 114 486 831 733 530 942 262
781 36 263 762 459 300 814 182
640 9 26 805 691 835 70 774
946 831 374 698 444 562 490 207
450 264 585 19 240 8 819 155
71 563 747 105 197 269 93 857
271 433 723 931 601 760 560 985
221 409 301 879 455 596 339 797
941 943 172 68 222 256 733 725
491 383 430 472 921 717 94 865
179 907 106 844 918 117 629 201
525 110 513 169 626 234 698 544
493 794 110 529 335 822 120 395
925 111 640 946 510 870 322 360
193 464 295 881 429 951 218 843
402 797 286 452 892 576 881 760
641 993 344 585 468 665 315 589
150 203 860 625 738 283 59 868
856 68 290 928 522 179 838 450
835 390 790 217 460 587 750 703
666 246 893 808 708 268 821 678
648 133 527 341 324 869 383 189
888 103 263 326 738 241 628 767
285 519 651 142 447 507 293 376
602 530 372 736 723 609 589 652
470 861 646 558 532 327 583 153
711 414 93 961 780 826 372 813
350 305 874 721 503 58 720 687
300 871 430 56 35 873 3 310
143 936 680 75 436 401 824 246
864 989 604 881 374 55 523 730
337 937 604 274 607 784 902 168
389 374 848 640 718 675 91 953
14 168 807 71 104 457 651 711
407 66 274 94 134 594 603 310
407 601 39 604 666 708 643 171
803 404 728 909 590 176 593 294
162 448 418 282 340 780 164 740
784 408 883 268 801 244 130 985
276 624 353 219 687 911 486 375
495 59 552 936 124 592 120 82
277 624 65 194 754 719 199 407
574 752 678 477 259 275 395 462
35 504 276 250 837 629 151 703
397 835 968 721 736 527 760 90
962 745 731 60 647 70 815 595
307 857 167 12 733 860 689 959
504 716 448 583 721 413 74 235
560 390 655 928 254 494 785 183
540 76 260 740 893 591 503 614
767 132 557 429 885 856 495 964
290 178 433 937 183 365 94 573
452 801 532 742 298 122 909 110
630 97 844 622 515 299 668 613
600 125 474 962 428 416 836 11
18 170 931 620 796 245 11 181
855 52 811 172 305 908 821 729
198 558 795 966 864 809 577 151
519 111 835 189 576 370 725 738
858 395 620 518 775 779 483 20
446 638 617 234 903 581 615 309
573 617 352 280 552 943 668 636
700 59 418 825 187 975 89 470
978 935 432 741 533 288 27 527
397 768 527 465 814 656 271 665
870 134 414 517 826 601 305 762
648 548 361 795 192 432 798 609
912 323 302 541 860 270 430 458
187 206 587 22 103 993 569 650
264 824 862 503 292 100 781 740
174 833 639 569 635 605 622 621
469 11 807 960 883 215 348 761
857 200 669 207 863 489 559 83
364 629 467 303 797 286 52 410
94 660 598 660 554 380 537 33
903 548 388 352 248 893 910 674
952 917 462 616 989 778 807 526
575 404 79 495 842 507 610 858
752 56 445 524 379 143 767 694
253 67 518 158 547 453 570 994
814 216 101 586 645 269 773 381
840 449 289 533 846 865 282 1000
246 921 257 407 37 277 562 843
689 705 987 797 654 636 647 478
802 246 481 825 40 121 95 471
82 389 487 788 615 743 661 562
7 441 227 645 277 230 359 255
724 740 133 957 608 690 169 133
66 752 604 45 586 145 793 900
497 193 702 705 922 316 878 1000
783 258 232 392 111 994 525 449
700 542 592 478 283 587 311 612
100 415 95 18 881 619 879 323
892 9 422 535 759 227 962 642
938 999 958 855 715 615 243 976
62 9 413 830 869 681 743 278
990 924 892 545 578 528 201 240
871 861 468 105 419 425 498 344
458 523 842 432 256 422 174 541
75 199 416 74 404 870 661 124
60 116 256 91 573 456 940 460
429 997 504 615 930 721 881 815
380 439 942 324 657 744 252 277
240 135 460 4 156 109 822 242
689 767 724 786 952 488 496 593
928 251 532 873 564 49 9 249
230 184 219 692 14 44 320 354
102 784 914 509 243 805 58 155
540 641 207 981 819 971 939 390
333 534 131 92 501 221 482 163
720 177 474 271 862 667 359 45
634 437 142 233 84 607 615 293
385 243 854 780 163 143 789 228
453 558 683 979 542 526 526 241
213 49 315 26 14 70 590 698
443 473 353 976 678 258 379 119
394 194 590 201 654 603 627 93
638 597 581 548 546 415 492 16
142 566 749 51 921 16 726 632
159 92 424 697 534 520 944 928
264 102 451 339 344 822 983 61
975 536 440 668 713 559 278 741
893 875 575 94 167 160 469 442
543 994 713 950 352 297 369 342
472 621 147 44 390 443 124 160
136 29 482 246 211 0 116 303
60 430 476 526 71 940 857 636
146 537 606 783 442 835 405 712
7 863 273 476 895 551 247 198
579 562 299 940 185 473 214 262
43 803 284 266 498 505 233 467
499 897 104 713 620 350 892 529
893 370 184 497 498 721 3 785
243 916 318 958 68 660 605 747
717 419 831 422 634 365 816 978
187 439 918 535 228 796 545 477
598 115 728 770 99 354 475 238
11 134 987 962 704 859 497 255
217 158 821 653 510 127 8 548
757 376 390 474 113 323 404 397
616 302 556 139 338 419 869 723
280 110 582 955 400 967 963 144
557 776 382 886 276 864 654 587
85 902 830 109 214 331 678 3
419 463 362 251 578 756 11 74
388 438 259 484 403 930 643 339
849 720 508 716 546 635 460 326
867 478 19 124 77 101 186 187
755 512 268 576 516 367 223 63
338 506 310 248 485 623 253 366
511 416 94 796 112 513 161 997
890 350 872 372 645 860 645 877
971 780 958 874 781 895 144 50
218 766 314 126 254 140 232 891
181 508 243 444 789 694 525 173
783 856 881 134 783 578 323 311
306 92 894 26 585 719 234 467
103 644 118 941 745 46 414 790
384 425 573 167 556 485 175 678
441 570 681 638 623 769 150 77
294 315 905 170 929 634 915 509
567 600 835 67 994 506 922 571
613 398 79 577 478 203 933 873
298 75 50 768 613 584 965 258
924 466 986 178 99 671 232 529
502 389 566 346 373 877 301 121
127 350 137 147 347 161 31 988
250 424 943 398 240 701 403 667
220 796 927 326 800 657 754 962
835 625 29 977 85 636 13 254
328 606 590 68 251 568 664 168
543 414 974 2 542 828 714 147
143 1 556 237 217 689 643 700
267 827 261 719 225 333 667 497
852 863 789 674 39 46 726 209
503 223 568 275 888 2 743 386
898 425 939 313 573 168 326 904
560 918 56 828 251 985 476 211
338 981 237 421 289 919 22 904
434 202 763 158 157 284 381 449
460 658 589 287 224 192 125 212
296 181 127 932 526 853 298 946
906 688 137 359 204 547 103 191
240 823 765 255 744 234 497 256
763 569 380 746 556 254 724 26
803 819 748 590 620 394 210 554
514 932 736 663 828 773 637 202
107 60 264 128 623 800 473 306
311 781 600 819 326 951 785 629
516 112 370 230 525 505 311 877
6 420 926 438 295 173 753 29
758 390 817 712 216 767 301 571
191 624 54 37 737 769 638 206
70 718 643 155 28 91 159 788
354 823 421 413 990 159 289 173
898 367 49 397 696 610 64 683
155 750 971 6 330 530 482 81
201 983 877 542 338 207 933 36
937 53 562 920 527 740 132 402
436 738 604 208 898 347 881 363
205 414 576 777 333 127 730 16
265 693 368 186 324 205 303 315
613 485 782 47 922 795 730 114
243 297 168 598 237 835 502 925
439 716 874 109 391 420 255 243
265 768 156 742 659 924 948 909
831 888 426 276 177 875 759 989
0 898 554 964 43 1000 355 171
177 593 781 394 497 371 373 291
228 762 822 775 803 505 760 237
683 879 897 14 138 178 585 948
633 898 377 533 133 291 717 574
498 958 371 649 706 52 156 402
674 294 95 295 33 162 452 135
204 264 86 663 622 203 55 261
21 721 566 167 27 547 9 311
27 762 38 175 911 480 331 295
92 889 436 339 949 901 336 185
242 496 522 154 165 816 327 323
288 898 86 594 529 137 838 636
816 575 971 673 14 60 321 64
820 976 149 748 87 106 817 437
393 352 159 719 596 698 472 563
949 161 228 105 390 212 176 209
208 48 124 835 798 187 137 752
975 705 438 720 326 548 623 148
484 232 832 872 23 913 806 677
86 320 999 101 383 186 485 270
604 661 410 515 38 691 161 124
538 635 682 294 703 44 293 683
533 60 248 64 102 915 649 433
884 165 353 641 243 754 812 6
408 168 487 148 275 194 194 648
33 596 659 913 626 397 489 817
20 727 973 917 557 177 160 997
443 0 423 235 788 769 644 370
687 367 673 572 865 436 358 111
277 548 987 571 229 197 753 115
775 583 347 273 433 392 857 645
434 27 711 926 458 199 777 63
590 652 737 963 130 595 650 449
295 143 50 153 427 695 336 594
67 104 305 913 792 935 709 452
135 773 578 570 193 74 872 163
12 277 187 525 945 191 340 368
569 502 848 108 945 453 337 517
567 119 593 396 250 608 76 138
723 88 385 311 207 624 781 567
329 965 179 0 312 981 980 25
79 897 709 344 852 864 998 984
1000 611 565 277 789 969 828 497
869 50 892 710 274 264 625 113
407 655 420 439 490 652 989 173
741 403 882 728 23 159 482 45
590 860 382 348 345 13 204 201
45 73 957 102 452 567 253 168
179 412 841 533 763 891 319 944
287 727 414 359 918 262 190 224
730 193 373 274 978 80 287 596
805 85 45 484 744 74 342 623
316 989 780 907 9 923 878 684
654 392 567 271 896 311 361 704
638 33 999 303 175 228 739 803
39 102 105 969 391 895 879 924
559 967 965 631 89 781 457 148
977 435 557 342 73 439 241 557
323 192 970 380 884 208 161 370
806 244 359 680 925 923 831 7
773 955 84 600 125 801 126 634
824 544 548 102 959 84 463 736
937 362 141 56 559 814 182 477
927 201 920 75 226 276 497 890
591 46 637 251 591 21 446 904
651 412 901 767 677 332 771 971
133 490 587 97 658 811 731 636
357 346 729 371 810 950 384 707
419 325 263 847 106 696 314 23
196 531 389 121 74 1000 730 671
921 965 622 779 742 477 41 311
243 778 457 317 108 28 209 932
757 384 68 730 590 845 870 628
529 324 152 181 525 239 313 88
233 96 656 724 47 751 560 802
343 500 961 256 133 723 479 162
119 346 330 611 254 512 296 79
59 918 749 530 938 796 14 208
244 144 989 984 392 479 624 468
709 618 48 52 524 39 782 341
674 73 576 30 604 816 887 531
806 917 837 318 369 589 230 807
129 798 590 892 129 406 9 337
289 530 863 418 969 79 510 578
682 538 936 123 747 396 992 701
991 417 9 336 49 788 959 423
188 65 451 389 14 200 720 304
393 748 50 410 418 554 322 991
568 870 18 556 999 326 193 535
354 867 497 904 483 554 658 211
565 956 296 645 145 789 934 275
397 921 558 22 749 360 42 587
775 906 837 950 885 896 230 733
477 346 615 85 962 247 173 231
329 815 526 298 769 785 388 156
887 671 730 349 969 780 939 258
899 321 479 129 564 207 450 474
575 748 762 63 821 612 960 591
366 611 637 666 822 243 492 78
245 447 697 337 663 852 922 294
817 533 452 107 185 644 409 991
369 204 754 305 149 848 712 290
342 549 674 863 598 661 596 495
772 7 339 791 271 704 750 213
903 324 526 303 814 955 945 155
433 480 693 269 458 925 722 181
626 609 794 552 306 209 373 938
775 966 482 898 494 770 357 775
728 822 533 591 480 664 152 624
31 658 209 237 500 883 96 673
919 25 891 736 589 274 76 3
235 24 60 827 336 89 367 825
471 741 708 212 200 470 560 170
749 264 24 937 726 548 347 414
813 984 819 590 770 992 442 631
966 99 644 97 349 576 357 409
594 670 350 118 316 443 806 183
190 391 91 357 639 585 286 294
150 590 48 143 233 363 66 134
854 849 932 317 912 459 330 117
872 67 425 171 767 68 217 764
459 143 59 889 718 288 245 553
47 3 675 352 467 715 29 825
487 560 363 742 242 199 685 826
781 935 966 256 728 936 399 377
716 728 682 716 657 281 374 358
429 296 922 731 502 571 404 193
403 158 51 730 729 309 324 830
699 739 876 457 460 134 733 801
557 961 521 592 720 877 749 595
177 511 571 141 93 702 908 52
394 583 174 610 138 180 411 387
40 281 458 735 37 538 961 228
198 550 18 987 389 257 747 493
846 763 647 558 316 234 370 909
824 379 416 188 747 48 876 610
54 130 843 634 108 331 984 802
930 131 781 523 344 174 525 287
978 962 674 923 155 104 40 71
406 751 19 475 395 665 815 111
802 758 672 454 724 315 867 149
725 868 371 108 628 784 850 774
83 778 423 745 407 743 606 785
34 859 385 115 552 922 827 691
91 154 892 714 159 958 85 527
117 886 811 424 903 734 699 963
775 983 330 312 609 581 346 257
644 733 80 389 170 231 288 920
198 217 967 224 597 225 638 87
193 115 767 0 154 626 426 672
458 578 912 181 452 964 782 800
636 23 232 45 657 415 650 554
517 710 411 836 866 336 695 784
570 42 511 821 651 591 313 138
833 486 837 467 185 354 16 608
667 784 480 741 190 203 360 167
757 399 214 6 859 304 290 912
574 483 125 334 321 842 792 615
831 441 810 251 847 653 576 20
67 137 334 671 686 22 631 991
796 526 387 136 981 38 216 812
750 716 421 240 640 538 798 738
134 681 723 59 608 560 930 265
756 547 233 630 508 387 738 97
814 344 152 225 106 355 274 807
761 608 12 134 64 883 115 403
222 421 42 181 454 593 388 886
495 79 705 920 234 626 930 202
73 124 896 796 47 152 121 722
59 170 896 295 668 281 582 560
526 481 877 90 616 261 270 972
475 21 791 289 575 75 439 759
451 361 17 608 58 633 834 677
960 434 256 962 441 851 396 884
464 473 70 233 987 603 188 481
490 916 498 866 368 751 272 400
132 98 959 680 280 754 107 761
899 278 628 530 496 625 549 348
987 507 404 281 86 479 318 618
858 851 254 406 327 460 701 589
149 540 950 787 454 511 265 712
240 270 561 46 526 717 609 954
227 3 144 694 521 424 293 344
911 342 302 169 873 175 149 702
237 633 435 769 100 666 861 248
505 54 233 547 490 977 432 555
711 398 124 211 717 548 383 893
173 75 533 635 890 864 597 903
453 920 225 255 647 248 893 387
755 676 547 4 457 751 397 629
594 969 879 288 743 373 79 325
54 360 661 540 151 576 944 447
373 83 365 923 226 749 725 655
63 352 692 381 920 167 156 245
224 241 968 232 509 764 718 687
631 167 779 624 807 560 944 276
50 889 627 871 267 545 861 349
568 830 203 474 64 132 301 574
558 902 668 671 19 337 519 951
537 276 114 11 284 245 363 119
44 748 372 527 731 231 613 850
65 764 270 821 367 831 821 645
556 301 745 563 374 398 146 776
899 844 396 462 926 108 980 216
24 762 950 405 627 470 825 397
153 716 895 290 370 822 19 773
376 173 766 971 351 35 771 616
344 813 810 309 262 904 568 847
354 524 407 818 904 159 830 312
141 81 962 805 198 344 35 113
179 230 743 979 280 614 182 714
123 510 843 647 74 8 88 818
759 596 896 245 501 880 299 188
676 929 567 185 80 992 714 241
311 253 840 960 894 155 229 702
680 613 55 121 775 736 246 42
878 519 537 98 971 657 402 514
829 860 479 553 142 237 337 540
912 129 78 557 561 176 874 169
775 966 590 899 767 450 64 732
173 891 978 891 686 959 331 413
805 669 207 870 232 513 643 906
452 551 616 976 486 841 122 761
459 446 482 580 207 714 40 343
489 869 512 373 914 385 408 429
641 326 96 753 944 138 366 25
813 870 568 584 756 491 795 79
481 484 367 648 10 399 428 560
12 514 356 99 331 788 294 267
296 283 916 310 79 412 495 831
719 665 640 382 180 742 83 150
930 197 346 316 328 190 794 723
541 195 13 439 321 52 2 68
983 474 362 605 838 338 94 269
498 808 850 412 117 210 414 919
62 656 617 430 500 402 802 860
339 853 502 759 183 121 994 295
338 449 497 617 914 897 211 619
96 140 483 984 160 400 672 369
7 141 310 370 873 621 532 270
734 888 172 241 463 344 929 569
289 629 768 318 556 913 601 201
512 282 653 250 663 165 97 876
550 784 83 205 438 985 436 936
658 910 659 534 848 452 848 594
268 392 346 775 566 465 593 753
573 633 906 828 836 230 363 525
783 512 178 750 621 19 195 217
304 631 41 551 352 854 562 115
157 259 553 176 807 210 330 411
338 367 452 240 244 323 844 591
534 58 404 698 621 138 321 578
582 913 191 973 217 33 422 579
559 588 792 716 134 905 226 620
613 776 646 943 253 147 361 802
485 34 715 730 294 37 200 519
120 964 468 971 46 434 153 178
440 957 470 166 461 652 294 698
981 924 293 582 81 934 209 991
757 6 654 377 22 714 516 179
485 208 327 630 558 951 937 36
341 576 460 51 909 975 782 278
102 449 261 89 333 859 665 153
976 252 35 709 888 528 311 860
790 514 978 67 955 685 256 795
223 694 67 959 791 791 949 728
261 68 678 181 99 284 350 61
805 408 367 184 173 204 210 458
696 733 89 540 850 443 257 130
422 456 971 986 715 238 277 644
397 653 721 495 877 722 182 170
818 194 867 817 343 400 741 382
568 295 71 390 384 362 791 77
937 643 844 835 568 310 536 523
473 177 39 582 169 567 114 310
280 600 98 314 928 983 589 888
922 329 340 133 363 395 735 893
79 226 941 902 381 413 256 218
470 107 999 434 452 337 472 452
368 158 564 791 388 261 486 942
915 788 756 880 128 93 971 952
254 523 979 781 392 638 516 114
909 878 989 364 299 628 684 289
671 702 392 650 642 763 11 286
934 295 776 812 428 231 481 315
238 252 223 877 269 958 348 148
958 411 557 624 208 131 500 316
903 516 58 880 547 143 631 387
607 205 373 637 744 265 941 557
955 722 661 156 774 960 388 670
863 928 154 206 917 421 547 672
150 926 831 409 407 996 667 535
283 830 669 65 269 903 479 624
192 868 506 716 781 891 390 29
907 36 941 678 69 580 972 481
119 749 158 150 463 453 15 482
195 417 948 338 302 294 278 285
696 5 212 864 894 646 72 67
620 179 506 465 190 488 818 771
914 13 424 18 96 625 318 231
41 585 955 839 313 358 376 979
833 68 725 330 121 420 809 981
996 127 709 598 796 17 999 144
476 998 856 910 939 60 62 284
966 617 138 886 659 803 996 153
822 554 427 310 145 322 730 223
93 86 293 84 677 492 486 932
603 446 557 365 832 381 983 108
947 515 27 407 577 796 389 457
353 515 683 427 37 241 54 695
119 10 134 204 419 793 387 347
502 13 530 137 994 354 157 77
640 177 824 164 671 728 897 305
193 727 409 776 469 70 731 772
33 27 741 422 56 227 5 456
517 203 536 921 723 257 816 904
81 108 578 773 815 550 711 439
168 558 183 889 82 226 96 716
673 998 41 424 890 338 147 214
856 227 961 664 681 405 427 667
918 798 522 952 629 632 19 383
622 330 433 976 570 579 672 298
78 780 315 608 245 519 469 768
73 934 53 343 412 712 241 252
532 261 904 36 320 235 130 573
756 145 274 277 714 652 219 921
475 698 0 340 945 918 521 555
390 254 158 504 134 596 557 570
612 759 665 381 824 925 999 225
713 982 343 399 607 568 137 640
407 935 274 741 69 536 78 190
665 860 947 751 311 294 77 283
258 45 636 627 60 556 900 562
597 408 992 247 153 517 323 75
728 564 178 559 706 839 758 164
528 635 79 676 49 65 191 530
574 169 181 208 868 751 632 330
241 906 503 595 684 48 638 432
508 681 169 781 725 326 770 133
52 721 861 533 280 892 972 821
541 194 618 791 608 489 326 945
141 194 930 250 511 153 840 13
643 50 363 535 834 150 441 172
863 792 618 103 110 608 608 195
156 585 540 630 398 204 821 76
5 124 280 766 973 279 599 882
625 465 409 240 900 385 393 78
266 664 867 362 493 924 781 392
355 295 399 52 550 524 358 448
642 937 981 861 388 65 656 912
976 574 113 610 658 190 57 621
104 373 360 831 402 437 892 649
652 515 519 684 145 163 757 162
384 698 231 33 224 631 525 137
294 520 639 557 659 914 885 64
449 778 94 753 168 929 327 913
114 416 494 403 628 71 751 614
283 17 937 763 901 97 86 879
351 138 67 321 470 142 302 608
748 637 136 647 17 317 535 497
681 651 869 528 987 860 182 36
546 564 531 575 197 137 928 358
449 725 564 356 752 334 60 851
107 684 16 107 24 4 693 349
809 215 202 140 152 1000 256 370
217 765 6 482 127 886 203 645
764 334 830 155 148 959 301 582
899 92 394 745 623 987 195 476
663 168 86 151 76 323 865 925
371 125 839 64 918 68 495 724
233 105 72 60 483 3 995 793
912 828 560 530 373 872 275 629
559 436 589 919 491 459 330 969
118 708 109 33 139 357 263 627
935 274 36 224 823 650 136 258
681 572 282 667 147 980 267 767
667 18 962 346 855 939 912 31
867 909 921 442 108 568 185 961
63 60 831 217 935 899 779 97
687 430 596 573 832 781 843 232
117 213 56 65 108 563 17 79
771 945 451 209 675 342 636 283
584 751 932 142 395 854 397 944
873 516 919 702 473 308 248 150
181 844 744 253 951 807 754 872
411 812 317 12 386 503 677 798
780 711 278 668 250 687 777 638
727 703 862 383 889 429 558 391
593 878 636 816 223 413 225 345
864 746 823 1 900 186 544 732
677 375 269 870 8 218 143 866
813 665 464 590 658 352 526 256
161 304 352 859 820 878 207 763
874 832 16 25 182 123 775 9
170 487 571 143 896 494 8 794
457 833 932 80 427 871 636 739
251 523 968 511 52 171 659 253
952 647 46 210 799 583 505 894
458 847 624 990 130 225 192 142
629 301 657 25 875 806 394 9
569 991 851 470 94 387 939 291
311 569 833 418 515 561 78 485
137 995 602 211 970 853 806 61
748 277 255 510 941 604 593 976
394 857 320 355 912 479 480 643
350 222 573 161 876 755 319 62
669 569 479 452 703 6 164 949
722 529 58 410 477 911 204 812
516 519 586 877 115 169 688 268
366 650 97 108 191 898 938 748
829 738 656 197 624 497 518 364
646 189 48 562 101 928 282 792
741 668 840 987 566 150 624 308
121 792 184 65 741 352 237 161
564 87 200 315 953 436 814 29
783 404 694 967 794 646 172 858
673 85 957 740 92 925 26 453
52 9 957 774 51 322 964 454
979 315 243 338 882 265 145 175
17 648 356 11 946 949 42 415
52 97 406 97 343 849 819 553
682 666 450 644 824 858 444 244
272 542 588 937 401 699 760 649
703 944 748 530 769 502 3 130
89 141 478 821 407 647 686 453
760 696 585 747 128 334 805 671
783 327 614 688 743 817 418 864
55 241 152 976 557 789 872 91
644 729 146 193 526 560 160 673
703 99 475 351 97 617 475 471
98 164 725 634 502 50 892 883
657 971 386 458 328 631 545 207
819 659 355 299 320 974 568 344
674 333 556 298 16 347 909 345
625 287 60 83 399 451 639 683
664 174 242 157 471 602 101 881
469 582 403 479 242 245 854 591
39 900 676 700 866 963 801 123
738 945 887 497 978 38 454 722
967 554 87 995 787 729 502 288
650 619 213 481 236 670 219 588
809 117 662 557 88 385 279 759
333 673 100 13 627 641 101 95
717 821 964 384 266 734 423 199
597 610 6 150 505 219 837 422
834 768 559 504 648 600 153 897
761 400 472 951 73 454 119 757
854 25 268 421 747 140 123 516
914 272 993 296 232 134 375 618
766 94 301 110 194 210 542 946
584 447 821 833 176 468 770 136
928 821 521 778 216 309 983 15
292 939 143 981 217 665 926 660
237 789 551 553 769 657 940 931
687 797 60 662 478 453 29 790
709 541 373 295 213 849 304 203
118 424 298 408 894 739 651 542
454 42 745 614 866 275 967 715
483 331 410 477 57 406 598 695
366 376 487 954 406 699 939 621
960 392 831 302 390 332 60 675
984 615 803 978 172 75 157 914
52 828 356 899 393 91 987 915
179 973 150 486 182 336 798 983
367 346 283 782 729 34 442 77
630 905 275 621 328 428 169 700
963 869 62 4 843 281 753 325
831 589 530 958 830 376 735 747
568 844 546 414 678 630 201 892
318 897 958 889 297 553 369 796
852 388 579 293 749 327 552 743
787 429 39 626 216 582 498 220
239 410 61 767 738 687 884 2
251 590 158 774 829 560 763 17
564 526 31 850 452 280 319 457
435 20 458 99 112 32 321 715
351 222 763 840 496 442 107 469
155 808 45 232 937 497 459 885
302 430 57 918 886 174 899 556
188 501 190 262 846 571 876 955
561 729 330 48 523 730 840 191
614 310 217 33 69 524 596 102
131 684 816 49 692 891 871 846
445 109 836 80 350 557 549 728
211 877 673 711 437 581 250 425
169 300 740 436 344 684 636 997
570 751 314 867 957 262 59 826
614 80 508 11 293 229 723 9
400 757 749 389 948 388 299 479
76 421 788 16 662 858 390 845
942 293 293 794 420 728 300 857
871 139 878 671 16 376 541 283
906 254 524 51 621 410 59 196
598 106 142 121 408 64 884 149
176 266 302 834 124 231 756 753
490 625 632 833 337 198 392 874
533 988 388 52 794 785 29 271
501 933 978 596 547 395 416 940
886 754 340 812 163 416 951 115
633 833 592 40 399 162 801 870
606 55 952 125 133 606 727 516
718 481 617 166 533 625 392 458
358 316 638 159 804 89 57 253
905 646 808 61 536 716 796 269
841 14 96 824 993 756 173 393
75 149 674 164 440 805 42 930
733 281 891 589 175 474 979 575
283 914 359 895 696 523 145 219
939 188 363 69 391 735 541 577
230 631 147 524 639 616 687 147
598 485 98 101 806 897 696 447
628 689 93 239 470 526 321 78
707 768 814 980 997 589 494 908
10 912 652 14 53 874 900 404
377 977 285 876 776 332 761 735
79 41 750 311 379 2 271 47
495 518 931 559 301 490 654 740
924 267 700 471 646 176 227 823
126 420 14 503 377 229 832 695
802 466 473 702 41 157 628 949
974 698 899 107 444 714 516 339
419 868 864 774 548 71 928 544
944 918 922 158 130 34 846 105
397 668 606 257 719 693 462 110
425 348 379 181 568 628 540 344
794 694 216 102 261 588 553 290
481 17 653 986 616 998 182 27
602 9 337 954 3 43 351 647
140 743 84 934 346 806 877 921
471 800 723 399 417 844 81 42
181 26 148 148 121 648 727 640
555 218 23 700 770 470 553 452
78 85 777 803 650 7 455 255
206 549 710 813 191 517 458 556
721 720 598 225 570 402 425 465
953 473 89 188 221 41 56 167
440 929 919 650 245 458 622 198
796 12 513 232 653 998 862 108
254 71 548 708 973 964 886 881
688 254 542 65 406 787 142 865
915 304 273 137 157 802 918 115
212 113 287 17 582 167 714 24
710 214 424 313 878 304 893 793
670 400 536 432 16 610 999 851
543 950 948 673 114 998 246 990
439 838 302 444 22 657 960 741
32 618 647 352 580 516 800 706
211 330 299 963 626 160 680 815
814 196 931 695 198 377 823 93
945 113 34 750 769 577 787 340
350 69 587 76 252 265 661 133
889 543 592 956 930 536 232 424
608 839 561 797 753 137 395 272
16 519 754 787 542 931 428 186
685 117 76 360 116 962 376 67
916 30 173 131 903 553 106 763
457 570 849 718 460 522 657 676
325 975 194 303 237 255 683 442
855 380 330 838 502 693 147 762
770 872 376 423 379 838 933 650
341 552 54 244 237 594 156 179
236 34 255 274 413 425 669 598
262 80 49 543 215 349 794 581
593 842 655 473 222 20 166 296
970 185 760 972 617 960 654 907
757 210 940 10 963 260 295 759
982 182 382 865 648 858 396 212
873 581 510 252 13 8 450 418
822 881 133 945 39 358 525 828
674 758 114 900 225 733 220 962
369 823 254 285 929 824 956 451
700 397 562 790 985 818 971 62
850 836 757 338 784 43 18 644
634 198 672 537 922 895 670 137
125 332 685 812 252 154 803 798
457 381 203 176 276 754 428 611
42 697 897 166 461 603 146 401
32 172 68 206 602 223 399 148
501 588 250 366 596 343 14 828
296 939 513 556 646 581 720 322
242 875 546 49 84 446 35 472
88 144 106 861 660 922 743 256
678 105 369 772 935 229 21 111
261 901 171 826 415 343 869 398
289 498 248 763 848 449 418 64
869 153 340 620 908 574 538 193
67 242 922 499 662 946 679 384
636 583 823 399 346 427 426 765
249 143 739 152 316 531 474 409
626 888 541 363 311 290 301 453
908 662 412 872 242 148 991 500
919 488 878 740 400 592 305 930
241 360 195 890 200 711 388 61
389 474 39 331 28 895 656 65
444 841 701 934 626 460 652 541
865 626 194 60 295 46 298 546
324 350 411 174 256 988 23 646
914 932 699 408 17 374 707 178
894 26 621 133 108 426 761 669
724 740 81 969 696 907 263 614
93 983 711 424 494 270 459 964
934 790 756 50 428 237 207 476
888 512 408 273 588 714 168 317
489 82 558 227 39 529 419 611
863 853 785 763 782 787 981 55
923 412 818 679 445 675 825 7
208 636 214 434 963 577 5 872
911 945 399 837 876 718 941 574
91 186 20 531 889 156 160 155
745 923 592 712 703 306 301 476
60 477 295 820 57 172 341 258
448 896 354 637 772 392 251 56
893 255 127 161 108 667 613 492
329 829 455 608 428 628 863 185
323 849 69 717 952 321 254 800
634 869 165 577 203 766 286 928
115 440 636 2 800 180 503 439
944 559 975 136 163 769 337 568
723 580 106 705 32 444 579 869
10 188 270 359 721 158 781 70
61 718 33 818 284 518 875 878
391 76 423 353 909 667 628 200
226 410 240 663 507 412 520 271
434 253 675 267 511 278 197 15
437 518 517 775 487 989 140 508
241 966 244 281 247 37 450 335
4 844 186 108 965 719 331 781
462 877 100 427 485 401 257 371
492 218 630 942 692 347 901 484
785 907 672 159 444 833 794 371
648 100 287 419 853 337 749 444
885 579 671 800 790 404 423 806
672 31 976 384 928 517 435 302
860 66 763 991 972 77 412 897
912 854 602 382 189 214 990 93
354 955 13 558 559 432 765 652
942 809 688 535 375 484 200 857
967 161 970 695 238 810 227 296
3 847 106 626 915 34 143 210
845 1000 485 18 659 326 896 886
642 981 74 913 925 103 281 327
400 267 955 856 720 209 480 194
30 318 735 922 533 377 150 36
723 925 873 936 906 132 371 598
970 709 11 338 174 52 827 26
431 734 460 229 363 671 4 858
324 893 403 723 488 895 601 551
888 841 813 879 695 671 366 974
536 462 550 291 853 312 955 339
645 90 144 798 556 98 616 397
987 565 883 416 670 232 318 16
893 934 191 116 228 389 708 975
381 258 495 671 900 175 98 156
618 230 529 142 413 514 758 162
786 147 633 974 291 455 173 157
232 752 267 567 533 1000 792 500
659 630 621 627 777 834 919 47
257 929 914 29 778 625 301 770
352 96 824 329 311 684 575 497
617 434 589 696 982 963 300 211
364 752 211 498 907 403 52 178
605 747 86 104 863 445 196 788
615 52 153 323 444 540 634 948
179 225 938 554 99 370 673 378
286 314 983 716 456 104 429 104
728 830 561 256 327 112 411 770
135 950 872 136 913 828 395 208
568 689 4 781 346 675 551 326
750 127 775 401 860 521 939 895
790 485 129 864 440 585 640 981
730 103 369 811 352 471 965 13
383 547 539 860 950 876 306 835
573 711 249 554 814 748 0 747
230 883 597 385 105 314 844 543
811 825 925 798 980 780 277 493
339 866 758 674 777 648 490 314
306 289 444 255 361 438 570 757
368 807 151 924 873 345 574 191
865 557 100 420 906 43 913 649
863 683 723 665 983 171 241 211
334 866 949 693 346 647 116 385
671 99 575 565 696 900 183 411
189 248 263 606 373 840 850 284
51 115 844 830 194 136 89 739
945 889 674 963 907 369 490 685
672 638 839 345 890 521 928 355
8 885 485 990 74 166 45 546
41 622 790 134 790 611 850 985
761 174 599 161 71 430 637 545
307 228 915 683 341 79 797 736
729 200 235 993 307 434 353 453
550 732 483 198 222 252 420 505
283 984 191 795 756 275 496 776
366 547 793 55 423 161 250 993
983 767 557 223 148 736 566 327
299 716 993 543 102 775 70 556
186 683 795 233 275 891 422 335
536 139 326 728 762 36 116 767
80 342 157 893 113 512 44 557
654 484 650 685 749 967 641 577
325 737 198 244 700 608 834 870
254 413 671 472 390 962 544 317
993 323 365 199 460 332 10 70
221 33 42 117 419 991 776 267
377 731 48 776 751 769 685 158
239 304 257 274 734 767 466 273
554 534 450 251 516 27 639 5
946 158 41 603 769 172 284 441
6 529 629 67 479 433 700 301
939 645 165 315 32 51 627 492
306 1000 269 509 28 789 992 355
209 320 895 254 158 250 988 129
150 721 125 250 166 627 643 73
519 425 80 419 705 666 586 207
604 328 460 581 425 203 837 833
356 22 871 570 658 219 663 771
303 612 789 572 731 843 124 637
910 423 696 831 350 730 380 276
206 583 76 311 355 662 86 260
3 317 126 210 148 425 716 484
317 935 983 373 879 431 850 459
738 429 756 418 161 791 525 621
905 545 68 312 606 247 912 923
377 71 707 100 818 548 387 480
257 518 492 910 31 861 147 970
478 308 176 66 812 420 141 979
239 14 910 361 195 77 649 942
746 237 644 784 702 287 610 849
140 536 867 41 148 357 664 201
373 117 546 806 94 872 14 715
547 11 452 86 165 583 994 52
788 611 565 466 104 957 731 457
829 278 503 683 626 231 404 154
608 380 830 12 886 768 340 616
551 215 28 726 520 808 634 89
510 47 146 412 171 985 126 821
84 21 483 607 462 430 399 375
850 951 567 407 626 552 69 47
847 127 545 913 648 144 170 471
519 82 532 775 671 723 595 998
971 551 702 51 370 122 551 87
561 27 152 620 152 691 569 765
146 591 578 995 451 171 800 844
518 619 938 840 972 474 478 624
625 754 48 875 401 578 380 52
562 803 101 310 882 328 550 858
781 357 484 666 887 795 482 755
858 256 309 255 387 910 417 646
787 421 674 259 109 105 784 575
28 353 252 735 712 623 278 690
263 423 360 622 199 26 906 980
142 293 428 380 900 676 81 284
809 335 455 559 153 323 518 80
411 484 563 737 827 398 364 120
938 658 105 590 971 126 697 150
449 263 318 410 225 466 433 530
844 960 808 862 371 301 935 81
631 307 46 141 496 890 667 31
430 237 749 765 519 575 103 286
438 42 950 470 474 238 874 934
149 519 176 158 63 449 800 6
834 869 809 338 677 424 803 300
105 330 816 893 145 365 121 394
926 774 151 893 165 579 722 841
839 74 563 395 103 264 475 443
976 764 814 370 182 551 525 526
452 864 459 44 843 626 282 582
648 979 912 697 901 165 927 152
298 661 441 274 860 209 148 612
357 217 841 156 898 103 598 251
403 249 643 330 337 190 129 117
802 318 356 971 825 965 722 426
443 936 841 686 74 554 566 870
252 746 602 581 438 882 957 20
755 797 965 887 662 708 350 630
753 736 527 805 980 872 726 38
684 610 458 272 985 187 839 990
107 475 822 822 198 838 273 478
518 479 97 613 321 303 472 138
907 621 6 844 242 787 850 922
683 103 57 506 77 292 812 766
43 821 322 320 559 367 166 504
139 267 184 717 118 661 265 19
26 788 463 720 112 299 298 968
95 800 914 871 178 423 721 977
241 704 491 840 93 783 522 543
839 641 32 572 196 821 924 895
580 817 998 482 972 636 574 220
286 906 14 340 146 755 565 13
609 745 698 628 823 6 842 488
640 816 918 530 557 786 506 307
904 281 395 890 536 797 739 640
32 336 112 477 423 922 976 300
646 399 909 845 356 802 171 206
9 714 78 760 985 468 824 752
990 591 62 984 935 1 875 341
59 400 573 570 501 417 119 280
923 618 901 550 280 170 409 875
908 65 56 332 445 129 794 870
302 513 948 305 143 139 726 18
604 547 880 214 869 847 509 907
637 69 614 221 614 650 554 837
385 965 784 437 731 334 354 102
533 901 686 184 511 304 910 722
100 223 228 165 439 176 840 184
820 780 798 336 32 204 969 378
115 568 462 370 600 161 32 657
865 674 212 323 33 540 164 411
580 611 999 876 265 552 715 962
87 110 245 16 356 460 84 369
443 782 445 120 779 367 965 560
273 837 77 392 372 396 24 879
195 734 604 727 959 671 971 965
564 736 700 366 633 88 723 980
994 789 4 791 598 528 375 653
636 257 155 656 690 404 55 805
509 417 980 192 62 216 665 681
850 213 847 939 88 662 570 445
921 496 985 624 867 68 801 354
394 958 226 824 382 795 212 112
683 332 323 935 602 122 485 808
352 159 713 629 73 464 741 627
819 868 479 186 421 348 720 766
522 622 694 469 610 172 348 874
408 945 214 173 961 744 864 765
542 682 18 607 480 406 803 630
366 468 218 258 312 319 508 672
473 376 789 773 622 125 107 476
16 465 228 669 178 174 653 784
106 774 337 106 1 816 349 541
826 836 637 494 184 850 236 329
544 587 243 441 684 541 461 870
960 744 43 264 687 27 298 52
704 218 685 973 921 479 587 699
241 194 379 978 671 466 979 101
962 220 479 778 640 566 733 761
972 383 617 18 570 837 438 968
948 440 523 261 469 879 685 257
895 251 162 445 481 626 213 342
419 648 46 965 572 390 935 820
351 722 203 9 413 609 673 862
183 378 132 249 561 35 608 132
594 6 840 539 89 770 44 732
739 634 626 220 520 218 74 739
428 7 281 904 7 815 392 565
200 623 666 173 70 77 924 725
834 352 710 890 15 121 689 976
704 78 663 611 536 911 277 468
303 462 366 195 858 489 982 644
650 8 768 545 263 316 157 651
754 167 205 302 614 34 953 379
612 541 396 160 604 524 35 792
362 241 690 17 495 140 817 826
214 787 995 677 333 312 214 936
885 815 61 83 61 20 288 841
329 169 92 997 730 65 176 757
939 361 710 926 143 116 503 507
196 277 76 874 256 238 483 813
663 102 225 532 673 505 907 335
108 621 86 7 915 481 578 510
904 640 922 369 591 856 84 311
25 725 795 82 141 999 613 470
433 715 796 557 261 680 268 171
370 424 543 750 884 822 959 659
525 124 350 212 936 944 140 549
314 378 811 704 591 348 977 69
89 99 235 121 882 719 358 288
361 680 817 452 417 811 700 737
814 544 513 899 231 846 266 971
808 455 891 480 390 789 14 468
818 869 428 913 664 447 884 604
305 320 732 765 33 251 341 237
705 391 618 504 24 862 235 318
649 420 320 323 638 972 40 285
390 506 836 272 658 938 144 122
51 222 334 379 542 816 926 525
486 735 646 873 148 939 68 882
663 227 371 881 375 420 70 975
1 434 38 211 877 212 818 252
910 437 3 134 389 457 622 104
269 902 577 367 542 48 157 896
180 455 894 658 406 549 327 422
804 985 237 109 786 257 60 355
234 474 605 646 480 782 239 981
603 854 987 853 464 499 495 279
155 146 375 976 322 485 426 56
967 973 32 945 452 80 98 496
942 251 823 687 652 945 702 455
110 6 601 31 309 782 86 109
630 158 932 140 995 950 106 882
550 782 892 202 210 62 73 849
545 622 736 129 101 344 318 615
867 756 651 921 786 760 634 538
889 384 805 263 562 759 483 277
233 666 865 590 186 623 62 123
192 518 771 106 385 655 465 254
181 691 518 54 882 414 175 280
595 627 619 238 849 314 409 979
743 326 184 435 38 281 745 747
93 532 517 871 567 11 662 149
322 333 255 770 857 870 534 349
837 996 244 637 803 359 419 787
264 722 1000 649 378 734 852 968
724 745 43 716 595 3 871 506
265 357 744 800 574 775 453 328
390 513 611 881 940 807 649 333
470 514 603 174 886 569 912 622
46 473 193 290 261 131 242 924
304 250 585 968 329 471 968 646
704 168 906 641 386 748 319 472
457 459 473 297 714 499 230 638
667 280 801 598 342 191 280 946
208 960 105 980 660 475 410 188
398 86 656 161 849 542 662 61
902 766 415 306 787 346 551 811
59 395 528 736 82 305 435 242
561 802 940 46 118 952 842 947
447 721 51 750 11 647 810 78
962 419 572 534 95 233 385 21
222 311 503 261 618 773 509 412
875 303 383 891 461 235 113 924
46 462 494 680 759 248 127 851
610 125 912 298 28 677 532 664
584 230 536 103 39 940 571 17
325 569 572 986 68 183 377 473
517 125 169 203 983 713 265 915
208 158 877 474 923 855 57 390
916 307 330 386 557 335 257 409
442 924 343 67 582 490 4 336
418 448 185 362 329 509 840 110
573 171 638 853 488 104 906 259
193 785 557 759 231 970 761 318
808 470 643 943 775 646 554 62
457 937 855 227 783 936 239 74
203 438 36 57 94 146 128 85
314 916 54 620 859 307 416 65
280 440 769 612 450 561 525 89
176 535 165 503 658 992 732 65
946 444 527 557 296 733 415 811
929 112 10 71 901 298 174 941
934 828 557 906 982 110 27 309
988 562 344 922 665 471 564 311
781 505 686 466 27 835 867 338
288 839 383 250 862 984 254 291
582 268 557 294 549 361 886 315
871 779 395 640 132 484 216 409
654 700 34 646 960 225 990 398
946 784 462 711 597 398 652 230
617 105 989 834 974 813 29 787
199 665 783 524 498 645 684 783
220 418 768 657 66 722 228 717
494 823 770 552 491 951 113 898
321 58 925 432 531 383 547 74
47 713 711 631 491 949 868 362
795 241 475 419 887 498 16 849
1000 977 75 559 702 499 166 648
88 554 529 141 670 915 771 925
871 934 368 805 572 219 89 925
962 721 675 79 193 483 86 158
774 638 126 363 147 219 259 424
810 506 46 386 386 138 404 341
752 353 172 70 814 195 775 186
954 740 278 410 344 217 505 841
399 74 272 176 562 976 594 806
92 811 725 642 885 258 19 150
853 310 503 703 831 903 856 712
130 410 796 169 229 970 797 843
191 76 343 69 151 380 276 520
146 509 265 823 988 232 541 790
351 560 350 555 111 321 734 151
563 690 103 453 4 783 574 369
828 406 159 870 255 541 279 524
172 196 534 401 255 868 547 806
902 896 97 472 269 957 610 806
762 146 640 379 488 162 910 61
373 790 453 134 724 62 891 722
159 112 613 125 688 1000 633 73
577 323 384 743 157 142 789 419
975 905 26 70 323 370 985 639
779 823 441 367 619 309 989 453
332 536 878 16 632 76 631 214
992 414 69 878 757 762 539 379
204 231 179 915 371 80 383 173
577 255 588 982 965 59 362 151
858 800 810 343 770 3 113 630
839 332 5 543 404 277 181 403
347 609 206 387 702 22 591 542
983 834 421 791 794 108 494 887
832 786 417 407 362 261 666 40
5 510 213 296 240 650 327 215
63 229 943 376 897 66 460 53
680 975 319 562 302 388 809 14
362 389 438 475 433 338 810 652
765 902 269 875 743 759 677 621
824 60 315 506 800 330 10 715
491 851 257 262 907 697 543 771
672 256 486 829 63 254 946 936
714 659 795 187 994 768 79 122
32 585 528 175 987 742 373 632
478 677 75 2 195 677 331 586
240 864 202 518 818 583 369 468
380 944 660 799 354 676 538 956
638 309 793 262 721 244 409 53
128 108 983 69 109 752 941 76
93 260 148 987 797 513 301 997
788 761 696 816 43 876 783 392
791 864 604 164 107 919 666 793
991 219 190 498 87 912 955 518
273 123 907 489 265 236 956 162
127 327 610 750 225 510 69 356
517 659 360 388 155 585 28 648
430 544 963 254 392 548 616 610
807 198 897 658 1 986 88 406
905 591 319 35 353 962 154 830
371 101 397 744 912 210 364 829
118 107 653 620 646 784 708 456
316 114 852 676 608 928 492 121
97 614 223 475 518 315 511 53
173 894 221 539 254 656 554 806
409 306 832 827 31 999 491 933
293 638 610 923 286 11 666 191
991 532 202 827 165 251 33 509
849 333 63 451 592 452 20 632
437 379 652 441 139 533 688 305
752 790 811 363 264 541 356 816
523 847 736 489 359 212 621 406
130 316 46 37 425 234 490 924
578 862 791 109 225 168 725 834
302 386 863 557 176 226 600 741
276 219 104 361 894 813 104 405
532 184 750 583 618 893 0 595
227 557 455 398 465 250 144 243
78 110 437 996 386 665 127 494
526 873 27 488 2 281 211 462
229 773 107 259 788 712 200 528
107 910 269 315 487 775 423 264
745 357 652 669 209 206 261 571
911 96 541 909 773 995 975 681
609 836 124 433 38 354 262 676
467 386 811 41 636 225 490 775
589 143 199 769 511 699 885 350
709 179 463 99 834 102 794 233
967 956 908 693 782 141 446 493
772 805 337 595 1 152 795 964
218 306 809 311 31 395 764 74
85 780 570 76 874 296 858 841
18 406 643 922 896 952 38 451
292 93 649 579 104 539 43 523
482 839 840 886 218 286 552 612
579 502 262 482 62 929 833 200
545 13 601 914 296 379 610 576
37 475 293 796 432 653 999 797
311 682 298 617 421 856 937 855
399 870 519 754 99 58 223 454
440 152 472 549 502 320 213 403
661 92 921 213 204 225 276 62
393 110 13 438 70 434 445 143
621 109 958 506 678 670 618 52
173 327 604 439 254 253 812 324
716 481 556 861 585 849 415 802
700 720 214 779 904 731 765 191
432 926 527 573 792 720 752 806
49 753 250 595 622 28 413 88
731 928 400 540 838 75 249 790
88 307 968 439 67 203 136 522
754 692 686 633 37 943 689 504
783 71 886 716 199 768 554 696
77 189 226 502 559 545 303 335
194 694 904 798 41 348 613 761
259 800 398 516 95 222 104 370
316 751 315 615 370 529 164 711
596 156 225 217 355 531 452 748
638 337 13 69 762 8 956 715
122 534 220 172 734 103 900 952
251 816 361 11 212 990 624 719
734 379 568 326 76 393 330 909
316 592 701 161 721 653 213 169
499 138 598 996 809 101 417 329
656 998 862 276 676 182 633 413
689 111 151 440 989 299 3 394
360 20 505 37 432 714 72 150
846 634 514 520 617 320 305 587
161 357 775 36 55 398 826 120
234 849 990 0 413 229 420 994
631 308 234 779 980 3 250 733
989 892 165 471 587 859 431 379
839 406 755 843 550 996 735 451
102 9 385 54 863 326 714 988
55 922 558 602 312 359 738 342
795 732 283 459 736 461 779 800
985 233 965 684 997 247 730 901
436 834 753 905 440 198 980 595
428 888 273 734 963 23 292 438
540 529 396 592 491 398 488 702
287 576 174 462 866 878 327 813
370 356 690 521 991 215 376 627
456 408 738 493 864 595 762 298
303 527 579 226 643 195 769 797
413 776 645 310 318 866 290 629
509 752 673 376 751 986 987 982
403 123 667 764 283 205 222 737
730 366 764 773 56 880 450 674
350 183 888 797 353 728 413 949
229 117 598 457 829 931 272 540
270 806 889 931 448 583 605 451
516 531 807 95 168 71 895 496
139 928 510 138 481 806 160 560
226 641 314 55 988 274 348 730
889 764 622 347 982 941 624 10
929 669 80 679 457 231 67 806
432 347 826 923 724 975 223 977
552 775 868 1 712 315 240 747
287 601 220 542 604 600 960 425
308 492 989 615 741 738 20 74
974 584 766 690 671 562 798 50
985 659 656 234 189 828 656 7
609 982 613 640 529 708 209 989
624 925 443 991 771 3 571 861
681 546 412 217 187 244 199 915
754 62 429 855 54 764 91 289
112 33 385 406 209 843 522 448
448 141 915 525 962 396 695 643
688 881 236 739 9 700 358 715
796 536 831 227 370 833 630 399
765 985 208 59 613 49 710 554
12 79 726 362 694 32 717 502
136 753 528 946 518 883 454 478
143 862 885 640 485 599 782 591
707 276 6 14 999 100 572 685
966 20 945 448 740 114 438 761
653 877 121 400 44 437 121 41
731 440 83 503 584 662 357 158
299 419 537 889 209 977 426 355
122 950 26 508 140 710 284 17
987 487 638 68 721 255 443 632
883 520 459 904 304 551 816 172
798 894 54 635 703 111 989 356
648 768 453 232 204 331 953 286
561 551 239 933 555 66 134 947
533 286 54 987 828 242 328 265
383 492 776 550 768 506 549 951
70 39 268 336 32 163 8 700
576 736 855 543 260 658 253 727
75 458 956 224 24 356 729 735
116 798 630 457 500 804 970 618
901 470 840 799 686 190 352 452
822 88 207 544 555 512 481 942
209 830 553 887 796 176 916 331
294 453 731 6 123 50 857 316
994 614 26 256 240 355 498 731
835 130 16 579 428 354 639 516
552 740 68 959 738 341 920 171
116 436 713 745 463 419 944 108
597 311 657 910 276 834 93 803
596 316 10 555 128 727 326 640
775 396 95 313 94 705 580 703
282 406 501 688 259 586 389 782
277 934 590 891 677 542 784 620
70 429 122 454 473 774 395 802
963 635 371 455 759 508 74 556
562 238 351 367 472 648 851 740
171 507 410 519 675 887 524 926
412 464 582 613 787 457 678 886
223 51 46 393 168 782 34 386
698 223 997 953 139 700 11 444
224 16 968 360 272 778 240 176
852 337 131 211 948 195 599 325
93 194 650 27 101 46 940 792
517 200 286 395 30 824 130 899
363 878 469 723 733 927 433 755
646 364 561 182 660 925 44 82
308 770 906 732 600 214 229 686
51 64 818 212 582 816 444 979
139 184 519 747 610 310 465 585
460 430 790 399 201 917 536 775
207 717 792 413 712 345 889 915
270 911 286 884 425 193 434 352
923 548 355 391 499 949 874 303
251 799 991 467 295 278 455 982
741 688 337 115 113 532 213 717
574 908 358 720 579 120 176 754
759 623 699 391 45 160 304 332
789 251 778 940 817 657 792 326
12 662 474 65 368 751 994 822
257 39 740 870 698 976 643 810
554 650 242 287 948 756 466 909
318 40 289 801 469 961 266 547
67 432 90 196 167 578 386 533
342 459 597 293 995 119 948 564
379 664 799 436 307 669 1000 887
767 580 781 914 241 310 851 913
313 288 625 241 79 469 367 220
19 159 212 822 852 992 96 169
253 951 56 956 907 735 657 895
213 795 355 209 912 543 111 874
248 912 63 990 935 179 492 45
491 889 961 601 181 61 597 118
318 794 216 937 62 56 220 665
617 974 22 85 943 795 502 708
265 187 996 698 479 558 312 64
679 241 19 764 157 667 314 851
805 261 871 901 850 470 219 621
109 501 200 326 824 440 197 687
516 883 757 6 481 264 738 858
127 418 832 561 543 846 840 113
811 836 336 221 810 490 17 166
386 879 2 740 10 630 39 881
704 426 949 695 814 609 400 372
149 850 11 944 281 860 67 435
197 688 411 140 889 505 821 95
928 893 833 444 372 482 272 826
416 193 772 848 550 171 593 472
644 38 872 942 338 944 71 456
335 454 822 253 162 431 786 437
410 504 451 584 721 476 378 380
640 538 84 710 620 586 3 86
313 98 908 776 437 117 623 6
110 588 111 936 236 342 166 410
712 633 8 728 879 509 903 321
833 709 234 411 783 215 728 888
223 696 309 420 165 134 46 525
77 152 354 314 417 673 421 207
887 433 469 977 527 859 360 687
720 710 637 878 776 709 886 587
566 299 3 263 647 74 724 54
568 942 384 28 85 122 829 16
533 321 387 944 184 419 310 827
957 348 664 571 923 170 921 562
404 362 13 291 92 315 902 97
377 501 877 79 54 879 533 756
553 156 578 310 557 634 658 654
232 186 775 219 414 184 792 369
477 602 963 938 796 10 170 435
954 668 494 663 860 895 54 907
955 786 402 942 497 487 177 889
517 310 100 819 972 783 710 402
478 463 494 780 398 559 818 499
905 430 103 168 721 158 930 99
304 530 769 244 27 852 700 693
931 511 887 915 679 188 82 393
778 18 362 545 638 421 403 550
122 959 129 73 983 831 554 787
487 640 909 221 59 756 626 477
966 776 824 492 513 34 274 275
101 143 301 193 330 965 512 205
915 20 808 139 727 493 46 36
413 738 371 171 91 751 806 730
19 703 694 699 152 760 3 667
146 957 570 810 14 499 558 262
192 128 663 229 367 481 666 277
972 672 737 443 797 102 570 537
48 818 918 586 867 858 822 238
405 317 128 645 636 69 972 312
583 791 124 159 355 566 384 822
485 990 979 592 287 439 674 507
507 616 393 692 955 425 879 637
27 592 895 571 717 544 935 767
611 18 122 802 605 186 884 651
640 636 276 183 370 779 180 565
207 370 339 98 386 861 146 804
919 7 503 842 340 901 933 789
801 83 683 623 799 781 753 762
989 784 374 133 577 556 439 842
768 788 577 438 795 843 547 933
275 188 483 118 110 429 513 727
515 140 524 715 147 285 101 901
441 666 576 669 221 197 822 870
786 17 203 617 58 735 672 697
841 201 169 981 701 871 151 782
428 149 836 589 279 119 731 856
138 232 182 359 180 927 800 243
733 651 926 740 888 690 16 795
630 911 167 246 519 720 684 669
169 275 491 437 544 253 522 771
619 736 60 649 509 171 536 782
930 851 580 347 201 530 926 975
157 775 641 230 203 763 577 125
355 335 821 908 936 831 642 684
354 521 375 343 642 783 919 929
695 732 664 791 890 718 510 186
495 735 76 472 994 825 292 969
310 841 28 50 971 138 352 421
973 423 556 93 384 792 523 308
593 28 201 308 144 457 750 485
90 704 563 409 689 371 260 509
412 260 240 472 20 137 256 211
741 179 657 542 323 726 272 878
963 681 310 900 453 894 865 765
112 202 730 36 233 260 30 753
46 693 832 370 441 636 525 829
269 758 822 458 918 830 67 195
604 265 616 806 430 121 324 107
624 265 62 498 280 802 895 243
907 40 979 856 818 440 114 375
494 665 695 596 180 812 192 999
921 952 749 890 933 409 541 686
729 907 935 798 985 70 344 593
675 623 341 632 874 10 486 845
50 460 583 645 660 323 411 172
562 948 310 163 392 163 526 475
699 997 22 139 982 127 944 478
305 447 916 108 442 980 409 18
562 606 212 649 330 107 934 3
782 39 137 756 602 333 47 474
881 804 306 565 800 502 576 85
31 768 952 201 536 525 727 5
776 810 821 138 462 532 641 745
212 451 219 838 709 897 222 102
372 93 812 732 811 195 421 488
867 168 593 624 640 665 643 710
675 540 983 497 888 366 930 782
405 107 324 99 354 55 236 713
235 840 744 14 415 944 5 439
104 227 816 960 282 161 321 351
883 659 685 334 373 443 164 520
947 739 917 515 696 38 714 323
467 978 676 114 115 737 648 886
618 806 433 104 692 808 45 72
646 202 663 805 842 237 230 139
720 682 744 608 496 418 669 291
804 249 972 384 93 168 304 886
821 661 100 961 944 39 111 243
939 254 490 94 897 661 981 170
505 949 371 905 153 689 103 838
659 848 723 788 679 749 130 885
857 638 183 798 617 780 701 227
459 683 538 513 983 914 213 859
708 591 367 774 112 881 671 774
602 317 977 712 752 141 380 320
457 337 615 387 518 693 436 225
456 64 406 238 553 400 130 557
282 879 706 372 246 224 727 563
957 555 363 961 706 806 921 997
345 338 12 433 236 909 36 848
629 546 639 476 292 566 262 486
543 35 303 874 632 475 725 258
787 19 230 650 859 998 312 280
638 149 888 491 920 62 399 767
710 109 613 986 524 156 212 38
579 575 126 835 131 528 150 66
528 535 739 478 81 864 92 36
217 793 389 778 399 928 187 360
814 892 764 88 396 563 84 495
381 212 934 528 900 523 85 646
220 256 734 52 892 734 195 378
751 81 466 750 891 930 585 549
923 165 792 220 964 56 84 484
804 60 700 408 800 100 14 833
537 891 75 276 294 51 22 402
657 17 824 198 943 904 453 9
564 120 476 152 521 390 501 769
469 48 65 293 62 262 827 146
183 176 24 132 486 257 789 859
15 661 861 786 947 837 324 836
745 186 866 644 166 493 791 462
894 975 919 472 676 924 389 643
382 512 712 515 379 729 72 24
574 451 85 505 225 630 415 354
29 315 248 877 241 716 766 916
758 832 449 843 255 196 11 196
712 399 858 519 656 132 565 601
201 732 629 790 635 472 319 600
161 868 624 880 314 351 265 262
474 798 1 92 171 270 665 550
712 253 545 880 668 614 390 767
20 951 124 653 806 557 750 678
943 439 444 462 115 390 739 356
29 985 473 78 52 46 988 793
85 769 574 788 371 292 945 895
254 423 22 975 421 85 329 115
846 423 778 152 128 342 684 388
571 480 984 597 168 657 579 94
116 515 316 92 433 135 965 555
77 177 431 999 573 764 960 271
817 682 849 960 800 593 64 356
908 705 638 964 530 992 842 986
244 283 714 672 796 925 913 130
271 868 348 441 192 728 766 2
182 955 788 687 548 835 61 736
257 785 72 371 832 437 572 283
876 390 674 310 680 554 24 284
524 808 161 677 125 958 23 264
838 344 884 218 532 539 953 151
728 319 398 712 720 381 866 315
518 50 770 1000 943 285 519 547
168 772 858 639 134 856 64 243
81 571 619 348 413 779 115 334
771 484 902 511 348 286 726 403
967 874 343 227 14 555 23 905
607 102 877 98 537 625 357 750
967 967 68 8 540 68 839 103
321 959 291 88 738 294 758 432
683 600 39 441 765 98 966 935
648 833 955 271 176 521 995 250
455 914 183 884 652 889 526 907
454 144 525 566 284 511 458 280
718 804 572 13 484 913 501 579
729 538 734 384 455 269 296 234
456 477 776 295 399 80 801 133
392 939 365 489 976 738 779 216
742 180 404 566 913 314 913 150
174 148 968 864 232 780 502 883
988 703 523 570 165 46 924 53
30 905 683 938 951 299 587 14
25 710 602 492 887 601 232 877
927 649 913 630 619 853 961 729
269 839 386 704 539 153 564 642
62 908 203 807 225 187 215 359
205 252 417 152 660 363 230 222
392 234 961 673 55 619 97 676
728 994 755 145 561 178 214 303
829 108 211 411 562 522 683 739
260 938 364 920 423 687 799 57
132 779 690 374 409 674 634 524
242 11 749 266 930 112 611 469
450 936 167 463 701 486 853 174
966 740 279 935 473 629 506 739
280 482 350 655 258 210 427 598
410 199 608 939 340 205 260 413
891 651 141 244 476 763 820 783
614 529 966 184 410 622 885 610
539 227 863 44 710 494 859 237
22 108 706 375 273 725 957 146
905 586 476 1000 114 738 111 704
634 918 261 12 151 315 551 556
300 342 124 388 141 230 730 865
368 677 232 882 962 864 326 914
422 497 400 473 767 986 626 309
807 284 85 372 835 503 810 40
604 713 866 27 96 836 687 289
696 536 784 161 730 936 762 231
197 70 442 105 534 73 205 542
833 450 650 330 615 14 145 444
866 559 226 212 737 412 395 285
414 16 888 436 915 808 755 869
105 140 348 138 884 939 89 181
985 288 280 997 931 561 913 725
877 4 287 695 598 993 502 908
957 468 163 888 676 500 5 939
641 153 476 373 963 109 864 173
909 916 279 194 542 735 458 178
109 677 552 17 218 358 859 729
146 130 354 587 258 33 501 543
640 698 502 276 962 533 486 829
414 809 429 923 828 528 226 259
693 956 600 760 206 846 445 961
989 347 327 205 810 645 496 293
965 967 249 538 320 339 67 585
392 427 1000 318 654 690 270 278
624 154 53 741 476 586 587 982
752 940 371 175 229 300 496 611
868 97 976 629 910 839 908 728
529 467 609 892 384 953 388 561
899 696 868 686 130 819 252 305
492 659 654 311 188 568 774 694
461 89 681 991 614 726 731 345
879 518 847 25 789 673 925 368
600 142 658 391 741 655 329 973
309 743 477 517 326 46 316 508
661 760 204 601 654 516 199 95
187 428 899 136 581 82 200 552
586 523 831 174 546 162 65 192
946 387 25 366 848 879 580 187
421 439 448 980 683 919 916 637
205 972 546 733 818 339 904 330
948 644 649 244 28 165 542 249
859 648 549 649 862 573 902 144
741 475 295 462 188 134 406 349
587 206 44 180 686 851 267 873
284 70 941 360 493 439 791 501
321 173 370 568 573 805 654 526
274 190 177 173 618 158 140 436
358 515 71 242 927 176 320 38
655 417 838 957 723 310 889 875
893 41 279 713 22 224 5 913
413 249 118 408 117 546 152 223
68 196 852 272 287 102 589 609
20 828 792 378 998 320 308 804
787 54 243 295 419 396 499 926
184 503 952 418 954 590 805 969
604 597 66 666 985 792 784 186
121 793 957 706 873 260 821 260
413 398 657 933 372 615 861 180
795 989 669 185 324 18 741 44
876 346 531 647 99 15 780 194
112 657 239 103 649 914 311 820
743 997 369 921 505 478 312 828
958 921 526 701 781 14 899 506
928 539 711 498 310 165 362 99
400 750 260 37 655 359 48 313
874 259 76 131 434 760 924 506
233 745 654 307 220 586 120 815
99 824 252 116 494 921 996 425
844 141 117 526 614 948 23 8
421 15 839 272 896 138 589 782
268 423 617 580 582 325 409 809
77 637 415 686 135 787 959 868
599 196 653 709 571 280 662 578
939 71 186 455 99 240 516 403
181 389 228 886 510 286 582 944
59 597 599 742 283 399 849 80
336 236 938 671 154 873 147 86
78 441 642 803 192 369 898 1
853 389 302 993 60 623 144 559
35 720 693 587 222 543 123 999
173 999 815 334 740 748 586 403
357 47 54 296 428 159 436 85
494 396 40 384 519 282 352 99
59 571 629 404 732 767 974 570
947 322 400 740 820 32 12 841
206 247 966 115 288 880 571 238
933 398 791 125 839 870 539 33
572 393 606 758 233 305 560 387
821 301 933 3 83 901 158 745
505 49 223 577 666 214 435 806
249 705 339 108 602 518 792 284
209 324 369 125 342 846 703 520
92 296 510 470 538 276 98 458
79 365 956 88 46 897 102 858
69 626 86 316 852 689 693 730
584 934 344 354 686 147 480 827
206 705 914 317 995 380 140 745
802 870 192 156 631 280 150 814
977 298 531 190 562 132 423 776
125 222 407 69 23 851 202 381
259 115 669 451 569 343 782 977
703 566 479 605 71 318 375 107
248 58 191 158 638 460 2 467
757 334 966 11 493 942 18 347
236 166 656 990 662 319 858 655
682 415 381 766 451 455 572 210
385 658 542 719 697 483 494 722
210 264 435 889 264 54 388 687
791 397 373 677 798 451 281 909
964 924 228 561 86 927 513 601
481 192 422 770 248 197 833 833
819 483 382 989 424 225 468 646
871 216 318 323 257 752 988 799
356 401 125 220 685 305 390 318
86 493 604 152 665 3 134 634
569 869 177 589 66 350 159 81
679 374 811 93 934 378 700 894
511 852 290 803 482 220 47 989
661 701 11 38 325 861 326 587
859 974 498 11 761 850 119 316
768 201 139 664 749 539 97 544
308 461 354 227 80 409 956 573
763 628 588 472 804 832 212 951
891 176 268 827 395 568 84 73
657 550 8 356 840 47 433 188
714 665 374 173 465 374 670 617
259 86 694 887 140 326 866 802
914 695 521 592 755 536 133 58
695 764 126 820 783 346 429 247
420 530 80 677 136 97 95 606
476 324 609 278 805 773 211 959
490 528 927 134 441 480 674 875
414 866 582 368 549 960 320 369
258 699 347 394 686 177 719 179
171 377 702 47 971 64 620 512
347 265 504 849 544 907 521 176
591 888 994 874 22 905 684 758
372 204 255 247 221 866 185 314
562 603 41 249 896 774 942 542
984 815 230 145 877 136 291 820
926 148 762 897 140 566 227 843
860 689 826 976 32 974 209 366
868 916 106 85 308 364 713 484
814 88 233 838 814 582 60 322
669 538 850 66 773 882 281 230
989 854 672 630 612 41 720 575
97 830 690 207 899 170 772 357
398 214 302 690 355 174 268 227
522 711 610 67 62 913 567 755
187 918 850 881 712 971 517 37
808 265 272 379 852 268 94 984
485 552 280 874 995 16 674 207
862 757 777 123 376 392 635 30
615 997 602 148 345 266 99 81
871 416 327 966 834 548 528 80
67 847 117 37 928 169 9 549
716 849 252 136 353 904 855 834
525 687 532 406 893 305 624 446
214 445 488 10 506 829 627 894
64 135 435 651 96 375 723 815
310 712 534 71 771 595 249 785
559 401 139 171 226 264 170 330
843 171 172 146 952 362 904 629
483 400 189 565 199 160 853 549
244 442 349 701 787 57 671 885
745 471 485 640 126 844 691 129
766 533 36 702 820 221 757 777
534 556 874 296 934 827 257 756
447 160 752 491 958 526 919 99
277 2 820 591 50 412 588 227
621 838 73 544 374 784 681 214
429 862 908 657 26 77 149 942
184 758 868 73 811 171 881 910
859 768 600 575 852 560 680 685
980 480 297 141 80 14 562 915
238 147 199 318 369 33 455 217
553 20 205 454 933 751 797 304
122 286 322 475 293 343 732 292
863 847 432 194 250 511 188 127
685 89 426 933 736 381 281 451
189 113 136 229 115 930 350 118
753 777 814 564 992 828 38 6
481 586 4 113 724 118 972 935
15 16 611 711 588 132 663 196
277 239 162 890 60 308 28 526
961 981 179 881 797 131 156 519
242 667 238 217 401 133 98 779
836 754 965 238 553 844 868 189
832 899 181 819 468 14 970 145
510 278 822 17 815 398 177 98
297 448 554 303 604 952 49 63
263 91 831 115 69 864 401 699
232 987 963 431 223 343 117 269
310 975 248 257 110 744 699 848
918 752 790 302 161 237 204 91
349 894 715 86 563 455 683 321
873 400 952 83 312 408 178 388
348 464 15 782 575 807 83 208
316 347 20 763 404 150 556 24
133 295 673 531 346 761 197 60
813 328 369 961 44 679 654 116
806 463 641 147 566 910 659 88
335 735 450 391 942 603 530 772
625 295 143 620 400 936 926 77
804 24 853 305 442 438 517 891
959 977 190 412 425 535 421 737
428 89 616 414 879 641 988 455
443 843 373 411 562 26 938 445
909 222 6 188 395 884 343 667
949 458 256 721 674 357 389 403
320 851 400 885 415 481 488 927
100 517 309 694 897 444 180 562
445 870 8 350 634 368 571 548
177 815 394 931 518 398 9 482
449 203 249 692 606 606 59 349
132 121 645 876 656 997 750 795
980 103 164 271 976 279 926 335
884 481 250 453 163 591 661 874
116 349 246 587 525 416 353 562
827 256 345 699 120 629 276 292
161 941 517 223 803 956 799 834
15 844 58 427 791 769 352 92
46 860 685 253 767 512 519 153
802 496 134 511 863 124 630 32
823 411 753 487 706 791 732 767
646 908 977 375 684 502 748 789
957 153 220 778 327 221 287 582
777 858 37 180 914 536 510 642
966 864 261 173 314 383 635 93
317 113 437 997 545 261 506 432
927 777 7 147 970 58 599 18
187 586 898 634 862 90 28 370
185 416 637 726 307 322 427 396
964 22 575 392 124 537 847 172
510 812 301 390 772 783 291 167
683 645 944 783 852 905 753 185
452 654 932 297 481 753 531 981
814 283 568 307 333 203 64 110
751 384 714 242 956 562 276 932
833 665 213 224 275 137 20 115
425 491 674 201 816 515 135 124
777 685 493 534 590 770 278 670
104 420 242 505 282 684 38 494
558 896 605 161 516 513 324 292
110 820 939 373 359 743 956 141
983 778 511 574 519 592 55 702
266 165 731 525 734 206 90 451
294 569 177 212 216 588 681 104
836 531 421 308 422 164 31 705
464 658 278 628 455 902 18 725
477 489 89 694 354 341 978 726
257 649 716 867 110 650 816 215
459 211 453 224 910 40 105 154
749 298 289 705 590 352 544 999
122 47 603 778 736 847 78 372
560 958 200 793 225 870 634 983
306 724 129 458 581 638 108 925
29 596 486 849 311 848 811 696
158 709 991 421 765 294 118 317
752 202 761 670 809 11 854 644
932 243 912 909 612 53 695 626
701 90 716 158 262 641 682 983
156 345 244 793 193 378 75 323
789 785 943 525 292 216 711 364
554 438 234 467 266 802 38 548
931 681 561 749 552 663 873 764
833 601 469 439 82 663 440 152
935 466 352 574 465 319 461 956
453 515 837 680 302 494 718 189
720 495 346 70 753 154 582 681
596 810 635 290 889 906 855 509
282 393 504 889 675 443 220 232
959 503 814 455 908 441 932 174
602 797 322 554 825 639 792 512
62 769 327 395 266 580 608 502
53 459 599 619 221 78 635 322
106 830 736 978 762 321 997 985
363 539 771 185 170 920 587 746
402 18 282 959 154 224 57 668
859 350 410 22 137 754 5 699
675 472 927 654 832 173 541 97
741 838 383 101 862 403 946 375
572 613 318 861 711 214 531 103
359 244 132 284 82 951 879 242
944 336 98 453 229 72 96 494
919 659 99 720 770 693 558 433
591 995 723 372 376 721 319 313
921 91 579 869 509 877 154 286
959 392 971 544 897 884 289 58
811 425 775 872 11 687 485 439
192 52 501 928 207 814 902 697
527 278 163 923 455 365 220 769
857 945 432 532 561 982 179 245
240 591 844 17 665 155 951 311
633 467 160 870 988 676 39 226
201 572 411 313 165 19 111 905
647 428 788 763 635 434 363 158
752 466 18 239 271 606 502 33
713 740 291 833 82 278 254 630
617 465 426 733 930 520 883 582
437 385 682 708 49 251 984 105
214 377 176 473 301 174 119 553
296 557 1 313 461 27 609 42
323 654 926 787 986 441 415 201
991 607 520 49 871 451 245 650
969 431 191 116 650 666 331 520
994 829 284 664 877 291 278 753
23 487 226 989 556 988 56 546
667 82 76 222 890 280 958 600
194 782 624 529 441 972 417 513
556 810 276 371 562 3 208 263
989 811 977 504 718 549 721 909
475 58 220 789 50 187 452 994
592 747 226 955 569 279 253 783
152 105 878 939 658 593 674 986
18 574 793 659 520 633 893 651
229 415 359 491 293 377 585 995
25 316 507 307 473 529 380 190
879 786 562 867 388 428 573 989
412 618 939 576 35 846 471 895
890 494 374 840 329 683 323 869
571 974 163 59 411 260 780 124
918 143 896 800 614 368 826 457
283 235 586 919 801 908 885 971
558 397 320 90 434 477 284 654
289 918 402 586 738 344 610 784
394 601 466 953 770 396 194 255
718 598 471 219 505 362 20 298
742 714 741 454 401 163 518 463
16 172 195 266 253 886 602 539
526 823 734 154 734 427 69 320
562 811 990 273 685 118 218 200
445 750 254 599 887 818 553 541
694 865 927 221 879 38 260 161
732 256 700 703 614 212 97 35
540 161 923 62 350 563 229 381
116 924 135 558 42 538 424 216
717 135 73 704 181 304 385 506
433 448 753 528 964 522 134 477
899 494 819 347 424 577 992 263
265 101 335 572 809 79 183 232
114 187 271 516 177 0 822 589
33 751 324 384 248 447 229 279
911 917 514 979 116 476 97 772
366 509 471 107 126 339 492 451
377 319 113 631 37 693 268 744
244 810 317 905 85 465 79 706
364 513 933 897 207 945 863 25
822 717 340 960 755 502 162 671
721 61 119 453 480 985 966 826
57 183 651 528 571 381 776 195
937 493 153 932 773 495 297 457
838 664 563 530 77 108 97 57
473 61 42 133 618 540 925 919
85 723 797 126 572 989 586 517
443 478 836 876 734 765 581 562
129 860 590 853 154 524 226 541
448 135 654 869 482 956 620 270
301 808 252 675 421 221 28 621
345 758 2 210 780 40 892 384
841 970 689 239 848 234 957 100
66 925 980 732 218 209 472 950
959 712 124 57 431 989 799 398
972 935 449 560 203 380 844 868
441 592 672 376 253 972 143 562
583 941 323 128 689 377 362 714
96 775 315 366 499 596 557 200
916 932 430 107 252 943 800 21
429 576 441 74 865 554 635 339
926 430 218 534 228 533 105 913
982 246 675 806 698 447 671 673
558 391 628 1000 13 635 67 193
266 852 396 531 775 817 22 430
91 680 407 169 524 651 651 328
111 635 114 211 286 891 108 102
10 220 818 233 672 731 862 446
324 558 303 709 593 739 445 425
354 907 552 734 856 244 263 735
989 374 111 21 589 43 843 210
922 208 634 491 333 653 931 642
176 459 761 0 484 768 747 749
34 136 417 889 244 215 193 562
363 379 234 503 419 888 605 477
496 771 555 16 247 31 767 357
136 312 517 938 892 593 106 221
124 850 264 962 567 43 940 907
955 299 521 443 816 620 942 789
832 814 117 883 206 904 50 14
622 832 521 448 781 936 129 148
276 199 751 19 22 766 300 963
782 320 554 990 996 694 138 963
283 650 526 800 947 199 565 812
314 517 766 87 437 160 172 552
542 213 311 831 819 445 915 274
397 109 119 335 518 437 293 89
262 475 921 326 448 466 937 300
152 435 850 747 7 49 79 249
165 855 838 827 619 426 860 593
304 203 205 193 695 646 64 7
605 987 489 674 432 455 779 181
176 224 195 58 356 339 140 265
691 185 462 79 294 543 397 908
613 317 50 566 157 810 154 133
55 217 79 538 927 433 999 349
386 342 19 426 1000 764 864 92
150 653 871 672 222 572 246 375
299 871 936 530 588 449 829 363
125 384 722 983 22 126 791 261
936 677 475 188 466 635 771 192
887 128 137 602 314 866 499 436
826 427 328 379 976 241 758 594
262 782 793 780 673 46 282 97
670 475 376 130 649 709 572 904
665 510 884 86 146 122 755 941
157 793 942 385 232 31 122 111
766 815 800 218 878 815 994 586
480 224 722 484 122 277 964 340
823 615 15 927 212 732 701 48
801 404 279 302 223 83 813 229
480 131 983 414 82 801 197 60
865 589 430 109 3 826 830 856
540 346 794 292 792 342 544 746
396 970 878 717 596 937 769 431
926 750 378 881 126 227 31 881
212 970 93 326 124 5 972 826
95 43 611 993 231 604 635 120
105 750 545 403 180 259 190 804
699 365 540 107 584 443 497 130
995 51 46 153 996 330 359 395
443 606 956 459 508 148 153 90
754 158 656 587 271 12 9 164
628 39 793 432 14 36 506 217
659 438 45 815 202 415 416 97
544 440 877 779 741 14 10 435
771 674 879 257 578 823 131 645
184 704 28 696 300 765 673 521
562 368 338 279 456 843 278 344
241 26 331 228 272 526 625 314
748 245 196 348 827 474 928 620
469 26 321 826 489 363 171 412
434 258 221 976 653 511 295 190
912 297 859 881 732 830 709 437
355 735 91 983 279 316 644 282
632 440 961 264 39 94 375 541
466 510 677 494 115 285 166 713
256 135 96 43 955 544 871 508
817 304 740 445 762 8 994 649
388 621 207 708 791 543 120 606
860 11 190 714 31 347 461 372
600 851 237 708 71 179 914 780
974 69 423 961 714 993 426 778
3 257 426 720 254 319 312 384
143 505 416 902 7 389 262 763
61 288 640 412 373 245 159 630
376 879 733 454 923 354 587 588
914 516 879 368 568 736 18 606
585 369 145 703 592 99 151 517
233 559 691 257 322 606 669 163
278 473 362 697 367 597 206 942
592 312 500 513 652 759 768 426
970 838 590 722 213 988 186 183
98 156 888 498 226 566 296 597
758 757 796 575 134 932 123 494
307 793 642 515 975 198 303 40
175 234 989 997 959 246 328 818
972 248 171 652 853 44 809 577
750 639 82 621 384 375 816 69
332 203 24 886 664 127 867 487
948 312 837 735 82 160 573 357
639 282 573 597 543 559 742 337
440 937 744 560 32 829 996 294
953 719 608 629 166 932 810 606
775 455 81 98 704 926 440 716
526 822 375 666 585 50 93 624
259 236 184 975 365 292 802 100
224 569 498 795 430 572 123 71
236 722 616 852 876 203 194 58
738 727 647 0 587 785 877 546
237 186 646 914 513 2 183 298
574 281 306 126 932 179 341 489
312 868 499 582 217 71 382 38
303 206 551 633 50 940 585 531
598 167 726 555 496 655 106 299
782 348 930 725 957 429 118 175
990 182 921 920 924 820 339 697
559 623 34 938 919 383 398 285
192 558 42 959 299 329 39 621
199 638 800 407 410 562 988 676
542 495 220 206 807 704 151 198
854 868 344 258 104 26 748 179
506 177 582 250 642 987 267 159
432 209 593 367 584 286 770 898
618 174 703 150 213 141 699 161
671 33 729 298 643 739 376 402
45 804 229 693 677 660 82 62
506 773 369 234 76 463 872 375
503 847 743 795 763 455 642 793
62 564 794 913 777 415 677 296
616 133 533 543 409 470 472 964
635 982 418 90 598 799 690 967
408 80 3 570 421 756 594 603
115 895 658 579 67 616 521 237
956 436 577 907 582 342 473 467
953 614 716 312 388 427 116 488
821 915 723 634 313 662 930 874
607 797 916 622 879 110 782 901
660 178 191 973 527 823 395 839
168 558 283 980 593 481 479 749
735 34 972 178 658 528 919 369
723 920 392 499 256 28 843 63
533 774 630 259 40 764 771 533
458 720 251 895 586 411 978 250
513 333 7 11 735 374 324 104
318 421 756 952 669 474 687 406
286 260 769 566 377 769 138 453
564 91 820 870 727 317 834 848
176 658 488 776 779 497 864 744
322 255 855 499 205 189 993 239
830 884 642 275 423 403 572 625
134 984 333 457 293 497 70 95
309 165 752 278 481 374 694 994
44 310 461 549 512 136 422 91
995 867 148 865 110 407 20 199
687 550 585 804 10 137 927 899
109 456 592 817 334 443 77 723
194 145 723 982 432 64 458 800
321 405 255 989 56 11 288 326
510 192 488 472 536 405 799 913
42 146 110 371 226 258 8 718
910 564 335 944 474 11 812 22
710 396 3 444 209 884 955 133
445 893 687 186 325 653 975 498
977 644 893 594 100 582 987 318
309 564 5 752 653 279 198 14
614 732 172 868 784 915 524 468
620 558 77 205 445 253 971 443
753 801 138 116 996 928 162 827
839 720 920 112 566 348 17 759
681 543 608 520 547 497 544 501
399 442 47 702 722 373 980 142
797 975 642 959 382 578 26 384
341 551 284 940 406 461 851 83
814 518 406 625 612 250 261 918
329 864 276 2 614 578 485 373
587 378 470 884 473 427 870 540
621 288 838 773 924 983 441 582
816 81 917 802 358 155 597 611
923 341 181 877 475 722 514 805
352 671 270 534 161 806 113 178
73 423 529 96 704 754 445 633
541 149 8 940 246 189 751 802
39 142 497 753 795 85 323 928
323 133 769 344 685 486 985 517
636 575 292 899 695 845 4 192
259 821 928 210 149 406 105 218
562 922 971 785 69 116 681 980
817 127 83 744 603 651 138 800
619 315 239 294 935 86 329 49
614 395 281 648 868 597 856 91
745 497 17 617 528 982 136 625
556 608 359 91 493 332 311 357
331 425 618 624 154 640 512 239
897 982 794 149 184 34 319 175
380 387 528 253 957 482 304 120
872 992 263 479 15 775 400 238
313 428 638 501 73 1000 273 112
546 613 749 848 506 307 766 457
54 760 201 701 317 670 804 542
364 833 294 707 203 335 618 659
481 420 618 735 60 343 243 7
42 2 239 20 991 13 73 530
888 400 122 716 622 488 167 354
298 84 88 113 671 192 363 693
695 446 848 206 519 169 619 145
829 924 514 83 549 260 704 703
960 752 894 935 666 885 281 497
56 790 239 507 472 141 524 975
945 394 851 502 700 931 289 347
383 386 27 161 629 813 231 423
293 266 29 474 154 676 540 182
234 454 388 984 215 515 992 783
495 999 66 358 441 417 473 537
447 665 89 544 138 294 699 662
263 421 173 932 519 737 495 68
437 814 319 953 98 217 67 848
517 656 254 308 191 77 820 553
485 50 314 652 339 951 533 449
662 216 347 105 496 156 246 650
661 282 64 563 200 325 656 954
153 677 270 833 155 952 953 151
64 350 746 183 365 374 615 238
134 327 411 78 82 106 796 289
739 587 33 309 580 201 149 663
953 99 949 948 297 242 811 348
764 481 445 324 752 208 314 535
813 713 169 196 565 964 453 848
131 580 538 254 521 991 244 878
424 423 437 745 67 830 298 194
373 803 305 215 228 228 606 19
138 246 423 869 236 871 582 143
989 127 154 958 725 963 396 703
245 161 535 166 200 130 913 623
80 6 130 947 446 471 328 584
127 535 290 383 430 40 767 943
954 1000 299 19 986 7 856 728
451 716 661 846 878 932 299 957
497 119 724 939 644 968 209 62
978 86 423 430 636 22 249 740
643 615 349 806 672 173 74 178
295 400 419 822 431 858 972 145
373 790 434 761 951 275 21 209
56 490 375 752 421 436 639 18
44 678 97 903 325 561 146 600
845 85 88 203 598 76 875 979
835 858 419 566 881 775 35 907
27 403 343 44 26 682 186 515
829 654 649 477 3 473 379 441
430 595 185 258 714 730 741 660
857 488 788 619 166 690 881 136
460 556 522 913 699 913 688 224
458 402 314 392 751 654 496 11
14 462 495 468 618 618 798 368
506 748 362 707 203 363 685 479
528 265 79 493 127 291 990 390
429 151 838 161 85 40 210 583
483 162 956 838 139 215 415 194
658 498 41 51 556 48 672 899
610 225 87 510 205 166 611 915
947 18 683 119 519 645 263 255
589 889 1000 53 263 634 956 342
934 675 218 150 16 462 859 631
400 90 829 420 158 653 639 819
608 397 420 245 807 330 373 991
20 840 914 729 148 624 115 236
349 210 454 491 855 800 816 424
637 741 614 897 944 485 276 650
250 0 389 684 646 868 873 989
208 216 600 302 714 607 631 365
320 626 556 4 611 860 665 287
632 428 2 360 472 743 917 882
284 137 18 662 756 837 57 136
467 91 678 652 362 548 880 155
562 923 622 304 343 449 309 764
60 398 204 740 423 530 544 947
987 882 733 886 764 710 447 915
810 84 311 359 73 954 395 613
554 737 658 829 285 999 579 39
966 550 941 939 151 133 818 917
62 813 495 32 86 961 478 897
454 874 346 389 196 633 296 818
224 254 972 459 18 376 698 435
335 561 36 550 653 320 97 683
471 59 231 654 771 662 853 292
942 338 29 399 175 901 494 821
936 720 819 853 290 57 21 229
45 576 805 518 70 495 709 909
206 359 647 402 217 983 632 291
265 807 941 882 326 828 209 567
913 186 84 15 789 581 27 424
789 636 408 468 710 271 328 26
868 709 52 291 18 153 537 37
291 349 518 81 450 783 315 105
337 319 606 234 124 304 422 712
753 782 623 667 8 990 494 849
639 762 862 819 329 552 480 948
185 759 470 753 89 476 734 572
671 953 659 862 292 668 165 274
675 94 520 493 390 125 131 725
439 9 764 917 184 63 148 318
157 753 238 761 549 667 880 860
583 734 140 814 359 326 211 571
501 329 667 790 148 450 179 174
756 903 556 615 346 107 607 308
845 203 418 277 136 787 211 506
294 350 299 714 176 839 365 40
997 398 555 975 563 617 432 942
960 765 696 660 661 831 207 399
902 123 837 436 24 711 900 50
348 956 644 813 413 185 750 324
746 572 895 648 701 25 731 583
772 185 904 560 116 347 327 188
703 124 593 617 616 866 728 206
637 181 334 313 877 321 116 58
617 900 127 361 354 255 101 809
801 90 162 225 684 286 650 985
222 666 710 551 637 792 537 193
624 957 933 723 699 337 267 493
565 644 218 201 312 165 815 415
641 42 941 649 56 740 880 177
475 504 595 731 389 533 458 942
412 756 456 643 851 492 915 945
726 271 265 259 869 302 689 975
632 744 352 971 576 575 987 264
275 254 301 143 252 5 77 557
919 521 530 62 297 666 612 317
781 848 374 610 525 142 324 766
757 593 337 110 821 995 673 545
741 139 739 142 298 73 871 387
32 605 444 290 916 728 91 812
635 781 628 500 422 655 872 730
137 233 529 499 477 787 29 807
305 778 202 514 462 572 297 310
320 399 859 195 703 542 530 961
927 490 215 140 134 978 597 619
718 319 227 143 404 224 895 531
69 934 496 677 43 301 632 806
597 437 530 208 134 673 598 439
964 147 909 67 537 844 882 138
2 938 406 696 46 370 890 616
560 784 94 636 91 313 896 451
508 255 125 554 341 455 447 911
563 676 321 771 939 190 481 133
539 723 790 945 564 772 319 857
174 89 499 663 648 401 348 766
621 534 486 366 245 712 717 66
308 471 515 682 913 647 462 57
623 516 57 264 592 94 500 740
910 786 189 843 446 885 414 180
223 278 541 829 106 754 268 651
320 32 93 831 875 587 235 919
140 950 695 274 705 400 717 556
597 425 854 733 973 840 914 733
341 723 767 410 505 214 371 2
828 340 527 175 854 170 502 570
20 410 789 88 608 241 975 680
980 725 609 491 808 811 978 968
459 719 107 177 142 170 363 369
5 350 990 365 604 730 750 158
387 89 171 475 66 520 811 114
158 5 507 97 225 957 220 488
499 708 360 452 180 549 198 967
755 431 276 56 963 332 73 371
114 482 329 854 837 528 891 192
473 290 644 267 499 494 321 478
19 710 549 104 1000 817 570 897
56 514 560 105 983 532 676 822
931 385 354 794 210 117 973 630
403 670 205 346 820 43 315 573
69 372 353 696 860 66 983 163
99 356 126 198 93 88 206 794
604 392 676 595 803 907 327 770
125 444 695 277 925 490 357 484
170 352 933 412 961 835 97 60
523 603 709 974 750 622 866 20
604 466 97 875 773 945 235 911
472 880 817 941 636 997 690 283
780 292 899 857 986 12 753 73
700 612 540 868 298 295 546 29
467 369 853 869 185 793 238 529
472 901 966 151 270 162 502 679
633 359 991 270 615 50 878 68
236 691 806 657 180 256 325 919
704 571 383 554 386 186 1000 914
607 650 503 343 167 74 301 348
51 609 861 602 192 986 180 468
382 432 41 932 784 490 573 259
784 537 438 164 866 435 278 556
221 91 418 748 589 961 492 557
682 161 30 903 505 190 751 849
44 458 176 408 456 597 568 301
438 849 982 503 292 917 183 436
313 7 518 29 339 5 736 968
742 799 580 197 220 253 557 217
401 298 705 799 269 776 763 937
98 781 597 909 260 304 743 747
486 532 804 306 800 685 21 887
364 302 972 723 516 101 771 720
104 678 321 34 531 66 757 653
19 266 855 36 2 675 459 421
277 67 996 741 809 924 518 329
435 811 116 65 822 926 607 121
585 187 681 907 735 436 978 200
354 751 777 308 267 958 671 265
887 66 663 917 696 375 0 22
975 155 457 555 935 221 963 951
743 526 195 704 180 75 435 875
945 500 538 21 437 759 45 73
112 428 715 870 225 234 892 861
509 490 219 268 104 913 634 896
330 162 988 814 624 175 915 224
306 629 656 820 796 277 528 372
846 334 165 883 153 273 720 151
55 252 636 57 996 886 199 428
950 496 431 874 375 715 57 942
227 909 242 868 549 880 802 564
877 109 801 445 990 120 276 147
517 580 546 758 667 183 267 279
233 829 968 789 304 589 678 662
233 174 382 921 224 885 730 700
161 326 533 577 235 639 611 184
185 221 872 466 853 262 496 436
588 560 90 174 713 117 202 695
30 936 770 405 862 132 549 380
698 157 955 21 282 683 980 136
52 702 612 528 217 480 217 3
676 807 331 277 917 610 694 126
990 306 156 580 681 89 573 980
97 435 319 593 163 838 238 342
337 898 196 216 252 761 723 695
101 388 281 817 391 700 322 701
966 971 321 781 690 87 157 143
191 405 3 793 941 918 295 701
263 942 105 677 730 857 710 482
148 559 902 405 184 111 765 483
423 237 964 122 620 266 719 472
665 9 866 460 748 743 953 605
811 106 897 538 501 97 94 799
485 28 564 637 72 691 640 681
691 796 36 570 858 278 972 129
968 530 780 709 716 940 563 683
36 928 187 896 428 150 27 287
431 109 341 644 322 515 434 323
221 375 840 423 993 561 745 368
541 908 747 201 647 563 276 676
812 707 961 427 789 564 550 334
612 107 911 570 373 808 235 715
125 400 76 355 131 350 533 263
63 940 236 3 215 795 81 277
994 787 276 743 744 118 364 923
132 735 188 903 199 34 173 844
987 266 930 558 514 737 465 621
891 877 173 855 205 39 743 262
177 94 726 655 413 19 236 429
126 492 171 634 305 614 953 133
775 101 896 931 671 64 444 983
829 634 278 825 395 616 502 516
404 397 794 404 109 96 194 348
318 251 540 337 267 244 808 604
786 85 84 310 240 173 639 648
479 209 287 109 556 295 90 402
91 189 468 294 921 653 132 222
831 346 988 771 728 321 603 193
451 363 944 84 186 190 214 558
733 447 45 628 915 872 49 608
911 707 32 967 756 396 520 273
992 490 686 924 149 207 946 477
126 58 552 602 200 870 801 695
516 156 529 924 979 398 17 309
81 900 607 554 437 250 565 269
255 842 728 39 320 827 783 490
449 760 24 702 867 566 296 164
531 521 149 911 38 957 319 450
655 474 645 470 541 210 605 199
652 662 928 639 647 381 173 170
171 439 818 530 308 200 254 17
449 977 910 99 769 294 9 489
871 934 617 765 937 507 364 78
966 27 539 312 761 119 235 905
280 489 641 597 386 801 910 236
70 781 137 159 923 80 972 801
286 780 269 777 131 254 443 472
168 249 208 677 618 732 717 74
318 645 667 406 582 843 258 305
777 213 375 983 50 905 188 496
787 85 788 666 900 801 495 268
195 439 734 943 236 406 532 330
150 335 14 623 100 803 76 888
507 344 133 597 891 464 346 341
189 904 333 234 871 381 205 642
583 307 870 235 281 509 756 927
284 132 508 744 910 609 831 283
35 922 401 186 816 712 841 676
113 667 81 219 185 915 691 515
303 327 639 949 237 821 908 138
287 493 39 325 720 945 166 464
593 759 567 670 575 734 636 792
223 901 108 679 419 328 653 809
574 154 528 236 731 52 986 71
518 572 951 537 189 336 299 535
976 21 490 243 986 692 589 926
242 25 51 312 827 466 548 829
95 804 943 344 196 712 220 189
53 942 140 770 843 681 948 868
25 739 814 610 147 440 842 508
964 740 110 237 546 281 518 450
866 534 583 864 763 82 393 919
828 889 810 593 785 554 674 632
77 611 874 919 370 976 573 750
766 330 499 916 928 698 734 123
838 580 620 161 951 574 260 858
137 12 301 373 427 456 79 747
383 476 203 817 969 746 375 171
662 157 332 840 119 158 506 64
15 899 28 71 122 159 758 413
428 68 664 804 421 442 903 59
163 734 437 443 588 448 167 299
784 37 805 139 527 646 104 206
135 622 93 964 226 109 246 80
38 210 354 955 368 807 237 589
289 625 121 787 928 377 565 497
609 753 406 633 997 623 659 592
146 96 729 292 5 875 183 976
119 448 698 282 47 450 999 825
677 866 136 749 331 439 242 925
809 751 77 930 249 532 931 358
178 215 994 23 156 793 222 23
815 57 629 719 120 336 262 142
278 71 326 760 78 277 675 636
342 23 939 827 216 436 745 470
9 945 799 311 66 190 73 526
450 179 705 663 879 952 939 970
918 478 587 853 887 272 109 178
19 635 24 772 373 170 862 551
429 841 876 344 249 1000 255 773
647 965 734 886 425 130 742 17
593 152 464 828 90 825 431 68
13 883 559 268 696 316 543 826
929 626 840 950 311 615 71 633
366 524 200 518 540 541 934 925
252 567 522 232 916 258 335 729
516 93 840 738 771 611 732 628
178 22 429 309 637 74 373 156
995 518 705 778 316 723 608 656
439 255 160 868 466 914 209 490
610 718 900 844 616 503 879 805
409 127 635 761 269 165 104 71
17 513 688 537 684 541 278 105
146 245 554 419 340 323 673 309
318 674 444 717 636 730 918 53
535 787 813 750 532 237 292 415
137 120 137 454 926 889 653 860
877 202 650 913 393 334 688 549
991 143 168 522 408 610 320 137
372 768 717 975 909 687 72 210
176 229 437 698 738 288 247 101
227 598 197 882 391 945 341 161
951 744 53 184 192 896 638 761
928 870 333 594 33 545 142 801
228 226 976 444 401 92 935 238
362 534 221 833 56 110 288 767
367 420 530 106 467 461 442 160
958 541 699 112 259 396 550 34
982 412 703 675 399 260 964 159
869 171 22 820 534 993 795 645
91 889 97 963 812 31 282 816
674 241 84 663 151 718 494 40
693 645 254 953 67 113 557 689
697 976 20 437 512 577 290 490
368 245 125 119 824 798 390 687
524 350 624 395 738 81 867 356
156 11 982 480 513 766 703 348
188 399 373 38 180 185 369 919
648 372 79 42 959 210 346 828
436 444 128 581 440 800 329 158
692 412 379 375 411 518 696 225
692 836 903 354 359 922 581 801
436 886 586 167 491 194 991 902
38 148 982 979 842 298 921 676
562 486 754 361 661 569 255 417
213 463 57 332 472 56 240 623
83 474 167 499 16 676 887 364
534 160 193 181 617 710 826 8
980 443 778 698 171 700 296 940
103 12 712 108 76 820 546 492
718 630 48 602 409 449 405 299
673 724 710 254 617 696 589 383
988 396 205 548 872 184 351 460
938 693 642 6 755 59 61 31
8 503 580 748 1000 116 699 781
531 381 530 813 229 850 224 900
945 582 110 76 803 983 431 290
967 325 210 611 182 791 761 747
371 531 102 589 550 837 563 133
572 957 990 776 371 640 201 730
297 573 48 135 711 664 593 497
412 95 429 297 41 507 489 183
515 163 266 296 280 166 892 196
351 312 931 712 911 401 364 755
128 436 92 956 620 333 522 90
653 696 416 826 508 237 648 929
813 279 382 985 892 62 787 930
854 810 751 229 227 119 540 341
845 165 250 463 155 634 912 422
631 92 623 394 147 292 460 808
695 3 433 468 80 59 130 671
519 915 189 754 388 100 769 54
585 974 681 658 83 659 993 194
62 673 892 484 482 602 763 905
706 455 534 542 832 503 467 304
832 39 354 836 142 958 824 948
105 932 956 803 699 872 447 135
119 833 379 138 799 33 142 836
281 696 508 7 188 128 97 67
912 238 354 731 30 156 203 759
35 966 589 966 948 23 323 445
490 101 16 281 683 444 118 270
358 446 460 326 258 191 185 507
156 216 557 409 293 659 811 620
68 178 210 277 971 878 240 585
381 648 905 49 860 957 253 637
39 734 762 527 596 605 634 100
961 341 597 146 330 654 967 416
29 649 84 959 888 558 912 414
878 648 491 37 709 354 178 648
35 928 803 474 564 273 227 228
731 410 319 986 30 124 306 253
804 82 50 791 284 253 664 248
774 161 907 548 687 787 549 629
655 731 335 920 711 815 224 126
833 301 452 701 406 492 614 258
573 237 199 918 254 389 820 801
97 312 198 561 160 823 813 361
115 988 850 562 243 898 227 829
608 101 948 934 18 238 960 768
227 256 598 771 898 45 511 566
888 91 160 670 212 863 611 562
828 70 857 522 933 653 924 304
969 807 762 58 299 647 216 359
785 282 387 700 125 40 217 26
907 389 168 639 128 80 788 957
444 490 928 711 127 909 230 985
333 912 962 383 162 822 688 841
531 649 301 929 646 357 597 812
720 410 194 806 31 508 787 847
476 800 512 576 708 96 586 661
482 712 826 318 246 805 962 41
481 874 326 215 683 66 861 255
148 573 427 934 721 868 932 71
560 348 726 993 429 64 613 210
200 493 272 249 194 225 835 50
968 313 152 712 36 545 187 214
274 529 655 479 899 405 8 940
791 99 58 299 10 405 843 11
234 375 61 857 601 950 35 265
995 304 724 725 793 636 364 585
267 374 298 118 484 827 453 556
59 432 831 910 804 365 242 535
562 323 654 491 612 83 833 802
344 337 837 476 779 920 995 722
145 90 243 639 211 442 710 862
65 443 509 892 299 616 507 141
479 534 730 739 434 868 558 512
61 903 839 653 261 222 957 848
726 623 126 142 283 499 726 610
563 951 498 255 325 734 770 582
807 445 691 969 20 753 109 391
145 360 4 602 93 85 910 750
459 756 685 165 298 77 821 66
301 33 630 587 989 839 246 667
727 285 974 665 148 367 276 887
866 416 813 698 724 49 873 888
161 75 695 510 336 479 989 62
191 752 966 19 823 102 419 168
557 13 497 154 739 371 259 25
993 756 823 562 803 891 886 167
414 652 154 396 421 413 893 78
469 739 377 436 350 346 429 311
711 161 818 463 443 265 898 369
758 438 370 869 629 462 347 455
168 578 51 489 339 203 578 535
757 762 45 378 901 913 607 376
254 48 340 859 236 948 233 761
859 725 737 349 600 418 610 498
71 562 587 785 849 837 237 70
234 318 816 734 910 286 694 609
7 645 245 151 686 930 772 149
699 79 145 775 24 400 883 753
49 111 6 664 967 955 619 339
335 570 844 600 151 231 133 304
857 36 387 901 239 411 310 388
993 214 402 141 845 544 304 674
474 645 973 191 269 473 358 824
104 328 973 684 492 64 584 216
229 195 173 54 493 497 891 579
274 394 642 394 109 757 83 366
773 524 302 718 161 374 462 718
295 728 210 54 587 186 880 828
190 90 216 79 161 225 455 136
261 368 457 553 912 126 213 249
551 504 164 707 990 722 391 666
378 649 203 284 906 510 829 734
278 546 409 947 766 349 413 170
861 334 386 318 145 564 491 291
760 549 633 830 438 60 348 518
873 841 657 874 915 719 801 902
249 513 448 318 743 876 220 300
498 57 824 816 262 674 875 284
444 641 240 846 802 857 936 301
653 397 107 495 701 852 693 675
335 820 222 516 49 650 985 622
194 972 899 255 992 222 305 555
104 145 982 982 981 379 900 46
499 217 558 428 184 342 423 795
321 106 487 74 693 21 367 788
339 865 604 249 997 723 393 95
185 839 102 923 312 873 781 925
335 60 613 249 660 507 185 705
541 1 767 86 684 236 142 268
402 800 679 642 361 478 602 903
111 775 406 802 544 11 373 292
149 763 520 846 377 823 362 859
912 233 515 641 485 71 572 843
653 886 496 982 194 92 745 341
67 247 631 172 282 695 135 874
693 789 890 337 975 858 924 52
599 521 457 514 536 582 497 89
236 617 944 352 928 182 525 241
759 756 255 32 296 211 737 882
233 86 566 355 71 12 529 837
508 777 433 295 390 556 419 295
692 708 24 13 794 220 442 298
555 432 650 751 932 777 757 903
483 778 740 479 255 120 323 583
668 75 370 730 49 670 463 923
552 760 110 974 83 911 863 967
605 149 114 56 961 104 338 883
836 19 18 654 461 660 410 637
370 753 54 558 699 176 467 362
618 255 703 721 646 996 876 872
728 110 846 769 846 690 90 575
316 211 589 858 39 812 208 301
635 101 498 138 196 610 853 46
451 922 793 684 38 565 193 260
757 108 180 52 57 289 410 440
359 605 219 393 663 411 361 356
318 264 943 388 794 412 249 472
806 856 735 651 744 430 171 815
319 738 851 982 840 68 574 338
687 960 1 98 57 860 561 689
158 702 901 623 686 863 764 914
988 648 763 220 592 72 178 905
735 380 512 836 890 351 766 463
915 358 76 17 511 630 448 805
666 198 791 525 82 26 897 252
235 58 49 20 593 16 356 223
886 121 280 881 287 118 689 389
486 382 935 30 346 347 300 28
312 156 653 738 414 387 977 465
618 807 934 509 205 501 852 325
49 233 26 321 720 498 767 868
899 401 341 729 857 992 265 615
283 5 621 876 691 981 914 711
394 945 688 695 693 829 167 856
812 695 341 989 967 32 195 882
930 594 864 872 130 556 448 305
465 853 942 194 719 212 902 613
489 131 519 244 322 439 229 72
107 680 133 841 566 849 512 16
465 999 111 698 739 483 563 116
445 855 127 374 819 625 697 262
252 204 747 296 625 613 259 781
171 328 219 88 803 303 563 550
73 69 963 166 525 499 370 780
491 719 898 352 380 535 363 500
751 638 458 363 945 538 626 237
852 427 286 375 24 896 572 74
950 458 193 526 199 315 328 925
847 507 378 214 162 898 518 214
733 607 554 600 824 872 512 561
150 331 680 621 792 716 564 994
118 961 415 592 247 132 316 103
697 907 193 123 61 80 729 95
761 536 284 985 1000 916 602 215
115 771 743 634 86 138 291 480
746 413 502 227 352 162 438 642
619 914 128 759 818 286 869 458
695 881 624 6 168 423 877 840
680 584 159 543 328 284 639 803
827 300 558 269 520 775 357 887
460 592 301 277 515 718 902 513
25 568 848 690 563 188 862 454
710 258 37 440 797 391 945 228
890 308 793 720 541 99 40 196
799 351 698 104 459 252 949 830
994 213 80 927 224 638 423 167
61 676 986 491 503 433 622 588
975 62 582 937 507 146 389 64
514 419 959 610 622 937 351 241
769 977 673 730 803 778 875 116
322 371 533 531 411 360 980 707
957 480 381 555 2 228 256 942
633 207 885 472 970 46 932 50
654 219 364 75 776 699 874 175
788 862 266 914 906 220 437 925
982 198 765 893 405 758 859 970
157 583 379 886 435 903 100 192
630 210 496 640 104 18 747 490
493 966 188 730 261 798 196 883
586 298 401 56 817 358 192 529
477 792 625 51 84 633 680 115
827 298 158 262 60 59 282 65
688 720 993 407 413 7 939 811
765 125 217 217 992 161 995 479
875 310 56 994 812 800 216 198
614 434 179 486 862 825 314 419
186 868 542 268 950 123 376 9
215 294 92 244 148 481 777 494
207 735 210 995 922 51 885 428
696 315 567 960 350 143 36 112
303 723 609 239 939 949 159 889
954 20 458 457 348 423 100 604
786 116 644 452 725 23 728 146
789 877 726 382 144 320 695 399
68 945 376 287 710 268 685 513
96 237 867 155 625 997 270 635
976 50 913 975 992 258 783 241
301 745 767 313 752 520 636 778
740 200 436 42 408 629 994 555
28 678 678 600 237 345 394 27
622 678 477 68 699 93 514 230
298 388 766 145 880 633 611 213
137 907 135 465 529 443 904 111
740 810 869 1 963 862 15 837
846 309 142 176 912 113 123 402
156 317 359 686 408 105 188 919
981 223 337 731 184 290 818 690
662 265 229 870 14 696 731 304
788 245 480 818 990 848 524 519
434 788 672 653 144 379 535 539
820 617 246 905 255 616 60 553
385 852 454 675 47 166 920 55
250 364 406 411 140 329 300 214
972 570 294 326 209 280 725 263
913 275 184 902 530 295 25 662
80 999 326 458 863 696 165 314
487 12 454 705 642 370 22 234
550 776 87 339 876 735 805 402
275 362 564 632 14 792 983 928
539 292 557 831 697 271 317 877
979 586 899 9 632 529 971 707
89 982 651 688 116 629 615 618
270 803 745 612 719 33 299 458
235 149 342 582 292 53 863 507
653 519 182 873 926 506 626 854
623 210 558 868 830 462 435 286
442 950 886 51 837 342 442 289
670 629 823 229 440 592 632 623
276 299 371 433 82 134 464 739
130 637 413 41 232 655 2 86
471 769 236 848 44 616 108 207
223 553 554 626 978 177 129 367
446 462 224 515 175 961 256 994
795 833 155 729 943 92 674 201
655 478 564 681 842 967 810 487
584 264 77 864 681 773 208 737
307 181 100 3 990 704 157 164
280 56 654 927 758 905 426 303
203 869 362 550 865 195 883 892
443 544 41 341 685 107 769 949
300 353 677 552 437 135 975 981
275 303 474 635 591 221 785 890
452 712 392 113 631 294 599 676
449 97 978 714 189 981 966 386
960 994 411 720 293 357 785 927
447 844 603 309 932 524 734 46
854 732 790 579 483 986 165 179
529 680 550 211 163 400 486 71
552 560 636 869 734 89 460 550
14 923 55 705 977 633 171 342
297 207 747 359 778 923 45 585
558 238 248 3 297 176 255 337
158 276 844 562 215 568 209 412
246 524 846 473 148 485 140 453
847 439 372 533 798 106 922 859
531 861 644 513 842 104 72 588
165 239 993 694 208 82 890 659
439 952 936 244 184 125 523 586
332 129 349 715 27 472 565 207
659 829 643 917 482 442 203 342
195 17 124 87 469 789 892 331
842 315 946 893 455 58 860 944
455 401 375 319 88 467 540 671
853 110 270 915 448 210 623 293
473 280 22 326 1000 621 258 834
178 543 654 788 838 399 191 799
854 585 984 344 587 690 885 857
962 135 927 227 478 157 255 119
26 12 614 467 493 811 78 356
333 742 81 927 589 262 494 478
748 711 51 829 416 761 692 839
679 651 88 542 988 143 215 172
867 469 236 66 28 386 826 975
845 218 386 453 115 265 168 252
441 22 906 437 561 969 663 480
325 784 412 532 634 804 496 66
133 335 156 88 608 767 942 427
762 849 438 725 927 943 600 408
558 803 717 222 56 565 500 692
320 127 556 811 946 805 996 539
42 796 76 609 834 528 638 818
646 187 386 396 458 956 678 644
145 700 997 286 456 719 811 108
341 241 611 951 509 599 191 544
260 865 582 986 830 510 117 26
306 870 148 250 713 816 43 40
3 267 448 197 492 576 279 949
661 228 585 747 626 476 706 550
676 352 762 396 537 581 614 271
523 79 12 298 114 233 717 710
784 574 850 311 881 526 13 689
756 163 586 872 176 9 898 998
725 499 407 190 108 565 443 185
336 903 749 716 709 123 320 207
948 836 783 782 521 425 944 934
7 407 288 57 653 870 638 426
748 97 228 638 50 433 92 966
665 83 234 646 283 205 253 129
364 465 765 515 257 170 863 260
465 891 399 414 326 461 783 250
873 597 549 763 23 137 330 789
39 716 521 830 394 623 981 313
959 640 386 995 440 683 48 607
521 851 601 842 518 901 23 504
188 916 679 44 292 648 103 816
102 460 577 777 626 415 204 556
247 598 236 73 711 625 331 205
751 971 659 910 203 813 501 595
159 649 206 461 596 194 242 788
307 747 708 384 705 664 636 577
354 25 499 359 680 478 295 830
385 568 153 207 586 386 787 365
796 272 103 30 844 611 402 367
44 924 71 538 599 959 543 604
278 434 394 310 757 881 315 61
119 175 65 649 518 102 5 349
491 224 193 302 8 932 386 418
807 92 329 675 699 260 355 201
303 227 176 543 416 860 414 686
182 805 223 484 826 650 96 288
512 205 586 955 264 713 592 943
730 593 369 80 707 832 269 432
741 426 813 64 625 988 398 334
433 823 50 451 680 499 419 322
934 675 695 663 338 335 261 436
229 288 934 769 21 804 752 259
409 45 721 380 89 925 450 168
661 948 719 218 910 206 516 104
951 884 209 834 736 148 349 314
4 99 659 842 986 726 33 401
60 550 89 483 669 266 343 419
230 950 556 82 743 632 296 819
426 160 565 683 401 16 954 893
5 452 266 803 108 706 764 504
393 213 34 957 700 671 473 294
759 537 74 450 220 163 605 45
312 751 981 731 324 479 768 963
861 393 88 797 930 431 629 459
231 867 568 109 784 342 607 18
481 180 240 762 744 139 40 160
197 772 249 286 847 670 920 252
832 239 354 24 151 680 822 89
155 452 905 654 753 255 810 252
740 494 375 959 104 2 855 534
514 348 379 885 111 895 241 481
868 310 904 550 840 845 237 872
16 793 57 629 873 31 272 679
240 170 1 865 325 826 628 173
541 557 743 305 747 314 0 376
212 153 747 657 481 647 264 472
444 391 45 992 588 632 262 147
746 587 680 575 187 898 150 803
662 873 564 958 766 426 872 615
525 730 586 715 246 842 41 137
971 223 822 394 450 773 123 935
264 387 910 567 146 716 345 776
102 156 343 304 456 927 364 421
205 318 744 288 394 306 515 620
637 594 779 990 823 600 949 677
404 525 251 389 218 788 174 246
962 714 901 257 602 696 941 361
956 984 759 203 425 646 224 485
470 842 966 288 709 677 299 572
298 997 899 146 844 780 58 520
825 667 359 186 56 952 678 670
131 264 976 761 747 577 568 568
83 445 248 116 330 326 928 687
858 628 765 798 927 468 889 266
973 116 65 367 417 26 97 567
217 447 21 436 273 765 723 141
362 765 907 672 385 500 856 438
972 25 762 790 287 640 90 56
516 293 501 191 260 30 977 326
6 661 955 776 348 49 940 4
451 931 312 660 801 422 889 487
105 673 311 128 794 278 903 219
68 19 724 215 619 352 487 457
200 908 547 693 667 429 560 131
237 178 119 207 984 195 351 687
200 953 665 692 167 3 111 0
52 893 351 131 64 933 808 223
589 418 335 415 841 568 679 706
675 490 209 319 350 466 15 640
239 371 891 440 561 265 355 105
524 953 161 397 138 20 620 251
57 668 8 64 950 25 158 830
452 696 699 694 286 15 61 805
771 419 130 187 684 598 19 775
282 456 55 217 794 138 832 817
979 411 582 932 763 887 615 564
890 802 384 36 875 203 664 130
229 104 688 293 294 460 20 27
882 820 990 528 818 296 578 174
582 544 93 473 332 432 312 877
789 422 886 797 403 28 874 74
86 661 615 128 351 228 259 813
685 621 727 706 514 108 155 311
271 867 872 209 799 215 424 877
272 369 712 110 505 199 849 750
864 632 931 652 492 962 993 371
961 927 739 731 125 76 577 568
360 361 557 919 673 965 118 586
8 181 527 206 30 951 25 505
674 132 765 345 483 692 865 138
791 839 805 867 543 79 310 739
938 662 431 126 709 906 437 881
417 693 744 977 616 97 183 310
624 77 215 138 156 33 213 80
958 415 765 582 662 180 369 456
903 269 961 196 558 344 692 163
443 878 116 462 404 545 158 673
769 241 884 548 320 933 970 541
305 95 608 49 953 569 654 330
422 70 566 415 996 425 712 82
775 44 918 118 418 351 304 196
545 770 466 135 260 688 754 475
675 313 667 544 913 40 954 210
408 437 763 504 113 334 823 655
366 613 372 889 380 351 31 410
764 697 906 374 993 634 533 58
527 730 898 714 810 636 903 40
10 522 89 630 435 790 522 215
217 715 628 900 628 958 152 220
314 65 795 209 162 71 120 656
959 319 396 428 822 770 442 730
904 13 784 470 175 620 611 566
745 322 581 848 270 421 446 113
48 219 157 841 52 859 827 937
239 294 85 250 232 628 483 636
638 394 86 155 311 666 202 888
163 193 747 928 324 891 280 287
536 254 106 468 350 644 817 676
638 406 215 918 751 869 789 627
502 388 520 478 657 591 318 979
133 102 366 459 38 126 902 146
129 714 958 818 883 532 994 533
725 461 708 243 415 720 330 226
816 756 922 577 339 56 314 828
669 868 759 588 693 652 10 806
114 667 403 263 178 882 889 37
211 301 213 666 981 384 234 352
302 765 725 744 460 276 691 100
840 521 857 73 924 832 567 109
843 72 410 41 956 861 478 832
961 782 789 486 482 159 286 346
142 387 453 192 464 645 529 367
382 470 879 255 231 324 67 527
319 278 185 107 241 484 769 332
98 959 754 770 998 630 149 406
458 581 480 308 833 706 116 946
605 321 303 988 965 73 985 744
43 899 768 192 455 295 79 959
634 882 963 193 40 442 924 281
991 869 387 200 803 5 475 977
288 474 650 868 263 916 860 942
70 924 176 689 12 494 72 593
482 375 317 90 186 59 5 872
725 219 639 193 207 181 882 947
971 69 610 894 530 527 625 715
455 979 180 161 390 349 882 586
833 871 929 177 712 470 193 177
960 807 88 567 154 334 943 975
163 690 632 993 20 308 45 141
238 147 750 724 918 927 889 55
811 347 587 517 230 819 543 827
486 273 973 315 314 239 111 732
328 221 93 645 222 899 440 103
441 685 835 510 639 133 96 891
65 71 375 855 245 159 159 181
621 65 484 741 568 431 87 437
598 522 833 781 551 488 63 559
786 851 522 856 292 812 587 270
28 836 972 368 106 232 559 43
766 889 452 762 835 287 16 358
158 836 276 534 331 845 932 780
249 915 733 41 751 22 846 539
10 172 635 374 593 352 365 333
613 848 384 314 596 656 561 750
781 191 504 299 948 670 548 251
561 146 994 999 653 909 709 57
305 754 16 1 259 818 411 927
116 667 371 207 47 811 869 920
37 963 70 873 184 869 404 374
186 940 969 411 71 673 233 958
106 690 109 772 95 164 465 321
168 719 327 993 583 362 826 779
259 719 574 895 58 41 60 788
889 287 199 282 709 763 286 642
428 491 702 338 783 900 928 310
509 90 389 697 844 927 632 384
560 798 195 402 683 904 40 570
798 893 572 682 815 492 586 154
436 270 803 983 347 683 202 787
657 454 200 314 989 716 127 642
85 149 463 843 976 811 227 105
365 174 107 880 534 604 794 813
658 642 365 225 375 775 771 323
581 462 164 642 404 636 320 884
448 926 574 889 747 543 806 710
967 637 601 805 178 559 617 954
492 613 7 281 19 908 573 201
357 832 952 469 885 182 624 503
793 732 690 246 346 294 747 312
406 182 603 408 203 537 181 431
769 607 929 166 512 506 423 107
331 927 498 5 767 702 542 737
783 280 471 587 949 459 800 253
706 109 931 3 558 702 768 446
869 688 902 244 435 960 160 631
389 866 790 631 577 479 8 108
431 117 364 550 903 540 67 699
559 123 160 877 319 317 17 640
863 684 462 11 201 761 946 885
844 649 519 626 259 906 696 229
922 62 118 293 657 167 365 703
472 600 425 132 857 237 161 967
579 489 395 891 728 310 970 869
237 902 581 794 644 594 80 22
207 414 275 15 185 844 33 554
699 55 138 21 567 268 140 673
349 775 884 245 496 576 621 860
94 486 167 997 560 342 612 401
553 105 798 631 954 907 39 821
915 866 483 855 16 278 1 875
84 876 916 838 686 0 49 491
600 764 372 336 811 784 948 582
661 887 323 921 868 309 302 340
454 379 772 140 50 77 95 931
308 464 794 959 341 341 515 426
146 939 631 268 56 199 333 864
499 633 845 436 408 895 805 846
194 760 649 497 581 138 762 484
996 548 575 93 726 303 785 566
512 193 1000 720 136 149 546 878
308 216 22 597 997 602 87 33
136 644 414 385 829 292 227 480
780 750 520 460 944 245 651 564
335 671 753 878 273 644 114 996
716 477 654 156 988 312 838 712
148 608 46 227 92 390 258 992
22 90 134 237 737 198 431 530
443 916 86 129 362 765 108 795
564 985 694 641 240 291 982 883
510 100 534 749 520 735 893 815
757 254 193 132 551 250 430 340
561 469 31 100 55 145 22 810
866 812 753 197 323 362 478 955
904 468 414 213 957 457 434 473
217 253 659 789 969 970 73 557
174 534 855 595 356 425 545 63
694 350 669 613 743 85 614 691
611 453 585 859 435 732 375 526
300 770 264 721 856 951 436 974
912 732 769 750 48 201 785 542
316 8 199 59 821 716 868 281
422 607 612 789 485 964 897 278
268 262 738 542 84 926 790 632
843 585 700 527 1000 747 690 81
513 270 43 556 146 350 88 340
399 695 894 142 811 93 810 206
804 640 663 382 80 395 810 129
571 807 135 866 468 261 445 491
173 565 170 223 771 884 89 932
711 100 295 64 481 130 178 12
940 318 58 680 282 842 108 423
15 680 241 840 115 191 706 890
211 729 277 254 179 121 443 810
505 693 829 291 310 761 48 425
98 520 183 394 602 801 238 741
282 797 901 316 209 420 688 922
215 698 175 256 145 821 972 750
792 212 749 442 683 365 528 532
771 934 794 266 345 341 842 89
717 661 876 123 351 80 176 712
783 970 466 219 139 321 815 741
997 182 441 676 75 481 495 617
329 622 212 307 150 360 225 385
731 855 173 820 387 676 773 830
920 434 94 531 858 799 362 521
685 382 846 40 958 398 260 896
857 314 760 938 117 298 232 487
299 129 901 43 861 344 261 610
641 199 815 194 733 457 499 461
383 492 306 528 596 232 238 533
805 371 633 954 967 955 38 25
482 385 492 387 185 853 883 157
409 67 818 385 683 380 347 202
759 203 358 847 664 22 397 737
101 941 16 813 411 312 814 901
217 750 208 444 645 395 946 11
982 311 977 929 363 729 998 813
8 500 212 767 188 684 196 850
907 151 752 12 494 688 979 612
958 764 477 316 634 250 889 363
0 651 480 618 37 229 242 587
235 931 526 473 215 404 934 252
122 649 54 554 868 792 469 12
941 574 93 17 884 821 149 447
782 980 790 804 650 551 209 259
900 495 225 799 405 793 168 77
411 228 897 300 285 853 685 781
888 345 272 667 564 581 251 427
589 301 984 24 950 546 341 657
935 473 173 659 566 509 511 662
640 631 848 60 372 121 784 756
239 868 538 765 161 72 334 410
440 976 400 81 413 837 374 292
465 371 919 460 171 71 726 429
252 977 350 259 312 168 329 738
335 125 369 128 595 476 188 501
245 577 248 376 977 920 443 106
922 346 865 763 910 686 878 671
423 181 889 643 525 183 762 3
519 994 8 138 440 566 128 11
502 845 22 701 637 612 957 161
779 268 205 511 339 557 398 386
295 706 930 840 221 1000 476 590
254 869 646 672 733 847 594 9
981 634 409 853 405 425 281 508
761 978 327 899 166 757 550 518
638 995 321 287 249 18 472 228
802 845 293 902 115 436 268 143
824 968 151 743 160 984 194 320
844 403 886 789 3 298 930 867
756 738 774 162 186 539 663 209
896 691 419 982 453 673 892 930
720 678 573 203 441 793 919 63
358 287 624 949 215 399 682 312
264 17 901 311 507 764 461 724
327 824 708 549 54 792 983 53
846 845 223 827 538 259 768 507
211 793 597 662 992 745 448 985
271 477 251 677 439 453 258 13
917 534 144 588 534 73 122 363
47 603 508 31 867 306 62 327
343 49 321 308 877 236 908 539
533 120 758 31 923 795 90 859
853 976 522 512 116 588 448 421
616 2 391 843 722 789 711 743
165 105 382 292 610 155 736 224
700 615 791 823 367 408 599 987
225 300 849 843 19 698 897 542
193 353 368 790 811 799 375 639
708 439 787 255 220 77 571 21
454 749 828 166 258 331 687 51
153 582 490 372 898 862 427 323
947 580 677 359 172 237 116 481
367 343 550 352 341 13 129 722
20 71 741 554 646 952 891 143
692 298 382 6 630 44 463 202
351 423 656 130 522 401 104 540
99 770 936 163 192 821 477 998
678 594 380 503 446 520 749 909
723 469 838 762 575 627 370 713
232 154 314 172 420 486 924 311
30 441 456 142 525 826 689 650
931 735 874 311 721 113 999 852
711 403 745 20 977 829 127 692
578 981 237 995 578 210 386 17
971 372 325 522 678 609 87 104
365 844 597 123 994 361 153 149
723 790 89 911 221 485 335 52
799 743 332 259 539 243 107 605
718 469 991 106 500 529 800 474
417 125 975 13 642 785 164 490
47 731 951 583 152 893 879 862
147 194 534 829 492 797 169 799
704 110 97 762 600 111 939 875
190 844 719 568 222 717 984 29
590 943 701 141 881 449 999 861
911 479 299 551 34 307 764 129
175 753 549 272 918 599 570 402
490 265 225 759 167 853 315 774
936 505 761 112 125 270 460 765
755 203 13 703 271 638 350 495
488 904 69 427 517 398 298 152
677 666 241 678 230 231 967 602
144 655 560 749 726 948 555 921
675 667 957 364 569 927 864 651
674 88 130 250 216 304 798 105
65 876 95 398 876 404 439 543
771 955 796 379 744 518 330 200
283 380 757 250 903 454 475 564
886 185 215 949 423 121 8 263
740 130 772 261 124 385 863 196
489 453 25 418 983 968 248 214
655 191 385 341 11 257 531 988
998 448 350 810 706 783 44 972
74 2 849 848 863 578 708 961
401 484 568 642 924 541 934 939
227 220 87 89 226 860 580 524
672 333 966 50 72 952 1 980
297 572 462 93 312 711 211 875
572 540 443 699 824 899 866 490
329 904 949 973 221 347 764 668
799 944 322 217 890 965 546 275
942 878 155 908 781 930 164 116
442 574 41 33 817 223 175 550
520 996 927 304 44 154 834 474
744 206 640 204 594 280 433 40
266 657 417 139 679 17 824 249
314 195 269 693 710 413 962 131
53 605 290 612 274 388 784 247
75 126 645 624 772 308 615 137
737 263 413 383 979 312 917 442
112 281 483 715 685 122 662 922
130 921 188 121 811 951 64 264
342 213 765 662 64 315 742 428
181 846 647 759 426 499 634 144
84 344 764 392 92 105 132 952
336 581 314 619 630 76 838 318
265 392 949 558 997 111 13 700
131 908 933 437 421 745 772 468
296 944 364 340 103 674 712 338
575 810 975 36 671 512 869 792
486 712 925 607 42 294 207 862
651 536 221 112 372 615 204 710
7 715 140 147 649 927 836 562
880 822 114 921 996 644 940 27
605 611 275 282 345 156 838 227
516 78 380 813 592 185 25 867
850 502 8 687 201 514 83 590
585 275 832 468 365 376 333 856
990 820 458 334 436 519 458 423
618 630 901 533 664 373 684 231
887 106 673 667 71 840 557 611
759 343 285 939 956 280 987 541
94 323 621 193 649 311 11 512
525 372 564 936 363 87 451 22
102 933 277 400 107 163 756 375
190 854 473 539 495 575 196 844
779 717 57 657 34 84 39 593
405 89 120 617 167 162 243 644
584 232 157 280 52 724 812 167
491 794 522 891 95 576 583 944
673 328 939 616 59 660 384 381
919 301 883 764 849 798 90 73
345 421 836 58 735 194 508 880
626 739 17 74 545 989 378 130
808 130 753 486 160 183 132 751
407 138 331 511 354 928 340 702
231 851 94 661 149 116 312 655
674 734 648 697 270 207 14 150
385 508 50 570 864 28 166 548
850 376 324 408 638 687 929 908
422 225 410 580 204 302 75 245
940 76 518 470 642 561 757 325
338 80 322 193 682 497 661 541
926 2 830 477 97 277 212 248
619 108 326 977 367 546 103 200
267 933 395 483 800 715 542 861
234 257 427 68 69 8 316 140
981 623 942 20 140 247 538 607
619 878 448 70 143 12 198 361
335 898 160 318 557 838 822 822
342 569 527 927 517 633 38 683
203 665 388 300 586 852 893 109
217 354 31 37 960 506 728 174
113 41 297 468 777 749 747 579
118 664 706 722 829 875 906 226
796 223 118 335 522 472 696 817
231 474 197 135 43 249 579 246
993 864 599 629 930 8 540 137
247 363 817 131 924 312 502 559
761 502 273 43 687 594 508 393
674 244 560 767 107 861 367 59
702 465 712 120 294 790 930 615
165 735 224 647 108 14 712 257
627 288 294 854 579 757 797 507
834 592 827 312 681 8 337 919
366 784 108 811 898 483 798 141
188 869 966 525 408 576 765 245
353 893 787 114 667 465 511 0
821 405 747 466 196 534 953 818
493 221 756 446 593 334 103 884
294 199 758 664 283 982 892 778
946 806 458 277 926 735 477 625
351 349 969 365 877 568 684 335
58 779 307 282 749 147 369 326
966 601 900 954 754 84 471 294
237 518 914 595 689 703 737 764
214 193 570 482 928 9 145 133
478 338 813 1000 74 676 985 537
482 756 57 487 630 138 97 22
983 554 731 965 54 681 464 983
441 902 354 921 163 986 184 822
35 358 487 681 28 900 718 351
90 100 873 358 27 316 59 806
926 234 690 197 703 875 763 989
95 90 345 451 486 780 156 514
461 129 354 864 958 861 254 891
399 644 444 117 417 493 872 158
159 326 99 754 294 977 309 821
639 835 799 150 310 728 580 60
883 299 855 656 503 572 397 30
304 111 700 720 179 528 1000 625
772 765 676 394 194 23 432 477
666 999 721 670 263 656 340 34
803 953 791 828 988 742 727 856
861 907 149 123 40 97 392 16
862 854 732 727 909 742 64 690
384 691 521 867 525 642 370 889
191 734 506 298 114 622 699 51
1000 753 133 823 967 275 719 295
937 602 188 430 677 849 982 866
523 177 969 131 579 591 112 123
190 8 192 201 134 285 366 432
958 833 420 254 414 746 101 564
577 209 183 146 294 408 171 635
775 253 370 92 164 386 661 730
318 440 889 127 422 659 523 892
941 765 594 907 29 841 803 632
387 998 343 270 991 540 718 688
554 465 790 723 865 895 532 672
423 370 108 262 429 912 466 450
499 332 652 311 333 665 57 461
690 695 490 303 826 185 477 944
125 978 446 701 172 697 183 270
906 163 445 218 986 383 56 836
829 673 157 591 742 578 68 301
253 503 678 316 563 715 955 351
734 852 619 921 220 929 1000 1
764 908 570 751 195 235 286 214
115 528 359 300 613 989 494 535
460 330 830 320 591 386 480 16
961 287 239 292 197 516 398 317
928 270 10 888 786 947 426 198
603 268 137 735 25 992 614 479
668 501 466 430 229 252 943 505
164 958 638 816 842 575 165 121
76 241 0 353 830 449 521 928
565 607 925 314 888 594 430 852
389 97 76 950 118 790 756 673
17 901 338 592 877 500 510 906
99 39 233 205 438 80 729 965
436 983 393 511 324 101 481 175
203 677 698 335 789 188 266 987
159 577 802 266 630 928 886 544
689 583 394 715 289 987 236 2
973 808 765 559 787 208 161 265
171 531 534 189 565 997 250 945
600 620 224 31 319 981 321 479
758 527 872 758 390 202 281 484
622 701 695 322 896 351 249 750
294 418 357 411 963 508 213 501
871 329 560 581 400 739 323 384
798 730 748 667 821 186 336 87
522 551 753 800 480 58 870 748
511 281 481 538 424 94 979 42
144 733 26 392 871 958 708 654
222 981 168 458 251 112 608 590
775 969 489 125 502 25 19 673
100 473 95 857 519 142 58 265
819 957 677 728 445 406 925 762
19 493 805 396 378 550 209 85
410 865 366 339 9 127 381 981
672 414 294 828 108 265 239 173
13 4 758 835 886 102 214 371
979 902 870 878 224 401 131 540
151 40 643 830 649 94 601 885
19 270 453 905 740 120 782 225
843 963 997 512 622 815 789 187
238 414 613 785 917 812 221 352
185 23 506 658 575 951 986 821
922 242 391 539 251 883 819 689
444 520 934 875 815 703 919 816
444 245 340 816 851 722 241 401
927 931 923 497 37 749 11 24
225 615 242 352 603 454 755 342
38 679 144 617 365 638 269 107
49 538 729 279 842 600 120 985
250 722 70 221 754 849 622 813
967 670 194 794 85 762 302 563
645 695 834 116 449 673 591 332
210 49 532 406 440 204 125 966
765 339 636 455 12 973 172 101
724 260 580 548 266 291 888 382
770 319 384 127 588 513 869 121
13 470 300 697 818 915 965 651
529 341 403 366 21 167 654 745
522 91 208 688 330 687 422 739
751 854 681 565 102 464 140 910
496 70 287 873 579 126 632 319
630 88 696 246 361 43 438 863
724 758 644 35 416 875 281 889
109 894 730 17 942 167 432 360
490 316 718 427 627 91 541 31
631 710 392 647 514 506 707 150
477 745 108 477 301 933 943 745
194 475 930 685 580 910 104 10
393 233 168 99 502 881 465 483
829 850 79 632 847 297 220 482
268 381 69 651 717 817 965 943
831 477 230 495 500 2 575 361
344 755 27 968 637 714 352 960
819 86 248 98 926 120 302 763
181 988 955 941 604 75 76 777
164 939 188 569 581 550 713 582
434 153 145 852 171 728 270 668
29 572 656 129 111 140 416 477
816 559 53 497 872 275 613 509
534 81 504 902 416 54 384 446
1000 681 612 451 85 115 676 228
328 385 673 9 227 935 183 3
344 776 869 687 791 844 785 591
273 273 851 485 740 872 895 135
125 705 499 651 968 548 982 725
71 738 191 750 699 117 872 600
172 710 436 919 584 112 85 818
343 939 224 890 581 671 828 600
178 699 376 532 636 679 675 91
186 156 386 461 938 475 884 21
810 746 738 49 458 620 972 936
353 948 515 173 908 322 42 14
838 278 396 849 148 310 79 476
211 880 797 430 17 772 666 32
712 7 809 677 170 474 731 622
608 336 855 244 808 333 267 107
547 791 272 668 386 678 228 267
645 804 881 460 986 484 891 458
337 265 159 960 196 907 85 615
889 33 469 96 497 216 535 843
363 493 254 406 528 74 830 262
571 784 61 445 686 150 391 299
586 254 402 338 529 382 373 432
653 44 618 882 691 873 364 275
269 711 914 241 394 303 252 797
609 833 220 679 252 843 729 809
104 460 113 584 591 765 678 981
495 590 29 849 111 507 56 783
374 476 384 530 538 615 223 10
191 1000 297 891 400 17 970 493
693 542 420 967 224 610 226 460
482 507 69 681 37 676 937 391
730 24 531 909 901 201 698 148
24 620 775 265 690 979 290 415
160 90 377 968 738 592 726 824
430 424 715 633 410 440 286 95
154 850 823 107 60 919 99 379
676 849 642 837 125 342 120 786
120 609 370 186 325 30 814 283
681 795 967 605 207 325 253 103
219 544 570 868 460 800 121 277
520 182 624 618 332 442 660 181
989 298 905 503 647 426 6 496
25 877 644 725 319 784 428 533
766 981 823 814 717 454 39 956
783 323 208 903 770 453 543 482
119 745 215 10 389 45 107 844
239 70 392 286 326 172 561 859
732 970 137 60 740 516 68 360
392 816 763 720 233 805 765 696
475 351 229 159 808 376 372 199
113 406 249 849 982 71 372 293
85 164 26 867 152 736 527 214
135 64 446 362 263 263 757 307
587 150 532 730 203 581 192 20
669 19 456 647 114 793 349 158
336 404 278 254 167 522 302 671
614 921 758 461 131 369 786 867
279 248 882 844 388 704 611 807
194 142 64 103 270 922 513 976
934 405 766 372 513 692 213 810
104 500 79 185 923 406 548 725
429 724 847 715 501 909 677 114
497 728 914 626 711 520 318 275
426 134 132 113 497 982 546 823
890 634 424 361 125 484 30 581
701 718 473 77 158 706 739 766
895 481 922 375 837 809 909 944
183 923 793 728 377 657 106 386
43 363 706 382 733 628 454 615
933 527 587 700 413 309 958 591
897 403 644 122 300 344 237 515
59 755 791 727 926 832 516 14
624 969 149 130 372 441 586 712
354 394 720 634 208 830 654 351
349 806 549 292 391 834 724 457
151 649 870 470 424 207 104 443
741 116 395 310 662 776 72 655
405 992 356 115 719 966 200 623
255 721 107 57 106 546 104 120
991 288 162 865 648 514 541 921
51 805 590 36 240 595 429 293
751 651 555 841 808 352 73 117
395 947 796 222 641 37 312 887
296 908 587 811 991 515 873 458
339 511 111 987 148 632 924 602
586 499 636 130 332 515 718 839
957 903 425 990 999 639 158 917
307 255 544 686 514 975 694 162
505 861 967 40 0 269 905 380
660 968 600 254 306 46 593 288
242 692 963 517 922 320 469 575
11 823 847 63 780 433 637 139
48 885 998 182 462 88 526 284
249 579 12 926 229 653 353 350
958 266 253 918 337 335 657 200
722 571 834 401 703 572 464 270
594 915 723 730 408 329 858 114
751 77 521 247 360 220 922 87
178 890 8 417 985 810 165 301
385 421 197 126 55 121 369 390
2 84 132 276 321 413 16 383
425 416 76 341 828 863 537 114
199 201 801 614 607 194 749 452
638 19 539 317 247 613 836 501
216 578 473 224 740 151 736 433
255 239 606 257 860 981 165 337
781 115 860 603 710 46 476 513
543 47 432 491 747 115 571 242
646 200 832 899 938 719 889 473
455 195 611 963 356 294 646 479
907 368 34 326 747 563 351 402
927 970 174 158 850 900 861 207
284 720 268 278 26 742 864 602
349 105 59 886 198 71 706 527
221 53 76 378 898 109 775 630
243 72 973 386 747 427 881 706
522 704 842 119 9 702 570 714
689 372 265 164 870 343 859 441
1 629 2 428 706 667 44 993
239 780 930 905 709 845 349 848
94 269 828 750 485 664 851 778
162 227 817 899 437 874 754 345
779 346 254 333 335 717 174 389
965 543 62 32 149 365 699 243
508 329 90 364 901 472 123 184
654 70 711 562 881 570 995 236
866 78 451 183 626 531 102 128
914 443 772 54 822 468 122 178
461 536 449 577 391 190 124 919
547 999 7 834 233 7 678 943
980 215 297 390 757 723 474 670
934 647 453 805 372 647 524 765
165 946 117 672 28 673 216 295
204 944 809 461 336 466 197 995
285 564 32 437 124 790 202 123
464 539 899 812 675 614 142 452
269 101 180 910 318 357 168 688
385 545 861 504 428 423 854 221
622 775 944 478 96 15 839 745
612 322 831 763 710 658 532 380
714 629 103 319 614 252 755 263
885 861 426 260 216 522 509 687
218 172 25 141 216 953 605 43
269 547 399 845 807 253 430 995
400 934 290 975 821 765 832 655
486 452 387 56 476 179 915 698
338 244 993 432 797 309 943 868
97 325 537 323 818 424 35 866
309 255 756 569 48 207 822 645
183 387 182 83 100 102 259 824
770 385 701 219 511 677 682 757
692 137 509 129 923 648 474 568
708 316 17 605 93 790 4 574
922 570 729 136 93 770 169 122
692 545 863 573 279 519 5 881
156 418 424 370 223 804 159 26
63 530 885 727 194 345 598 859
356 301 12 762 916 468 764 611
782 488 316 582 244 491 49 957
308 462 333 721 17 556 674 400
909 772 642 174 558 168 922 230
572 16 285 937 725 919 177 210
279 989 873 159 418 587 825 701
872 119 579 282 485 558 879 747
527 304 370 994 870 888 698 682
758 337 341 326 611 726 784 639
953 949 458 750 158 143 876 732
446 288 116 304 944 316 720 288
485 799 222 208 728 827 784 273
588 1 334 814 437 575 319 514
838 602 345 258 822 153 775 385
826 779 451 868 72 291 967 247
785 856 234 659 95 968 844 900
491 845 993 94 934 656 825 652
121 258 346 947 691 246 441 842
716 250 460 953 81 683 26 446
899 583 504 952 950 140 459 299
845 521 792 723 208 153 367 172
802 106 110 763 73 849 14 819
840 920 840 845 100 965 894 452
847 850 880 680 20 440 593 809
966 71 682 513 408 293 315 549
698 936 149 766 323 588 995 285
64 925 457 45 825 976 358 728
582 354 765 446 711 502 883 991
316 323 260 182 312 964 10 726
127 392 199 638 956 301 950 867
832 974 56 629 535 509 821 683
923 129 980 876 290 277 345 716
38 993 350 130 794 530 253 743
163 876 819 987 438 838 16 713
430 414 706 113 653 748 853 255
2 916 121 101 891 46 100 289
31 435 860 638 685 367 428 632
162 121 790 883 872 979 205 508
623 716 170 230 626 819 239 413
169 974 298 952 877 469 416 39
459 814 500 669 579 629 988 921
576 418 702 710 406 912 66 337
639 288 141 958 234 38 930 125
426 780 902 780 351 17 783 431
642 445 834 504 259 357 308 323
594 72 136 563 235 98 50 330
827 958 649 920 858 536 959 928
437 412 397 749 622 496 322 224
681 273 201 681 191 660 600 827
490 47 792 275 776 764 335 228
273 812 393 684 970 764 807 682
592 737 747 478 662 891 915 395
410 625 869 294 479 62 0 95
29 485 553 114 261 116 332 904
540 784 377 8 27 729 440 898
905 98 543 986 494 756 912 120
997 350 617 460 965 924 898 370
595 95 369 60 134 784 115 455
256 660 41 874 421 241 105 529
754 113 808 368 392 100 391 611
614 733 389 202 967 757 106 775
388 296 233 828 28 53 392 75
345 126 871 796 830 156 672 512
636 808 594 777 192 49 728 587
773 746 287 473 274 269 569 412
626 587 204 488 349 742 997 917
215 748 859 979 431 28 807 300
796 772 636 402 807 18 783 113
648 853 706 511 10 898 1 401
269 118 873 39 64 254 655 646
261 974 423 703 634 767 251 940
766 75 225 582 382 227 139 57
646 446 574 215 26 449 910 140
772 455 885 652 9 26 808 536
410 646 107 298 588 378 933 118
955 818 591 158 411 315 899 515
41 188 851 139 278 652 717 425
802 953 725 6 106 712 484 941
126 425 803 547 492 89 919 477
955 744 309 783 390 543 60 277
37 879 475 853 565 363 258 960
140 140 314 737 997 517 244 543
892 252 57 364 261 596 239 216
170 226 239 362 351 234 961 10
286 531 780 487 308 194 953 382
397 306 254 419 857 665 995 611
50 802 537 762 494 846 572 719
352 706 205 437 27 488 993 753
1000 611 15 8 22 196 545 288
235 760 112 477 375 127 231 230
707 42 114 894 184 791 226 349
746 987 452 791 971 560 387 211
127 29 208 22 112 594 103 929
934 831 116 144 781 732 880 221
927 273 774 343 124 468 736 72
910 752 293 949 45 65 65 497
460 325 67 692 490 606 983 128
892 900 649 224 292 426 217 555
187 783 743 119 517 526 245 402
791 898 252 306 651 356 203 402
506 767 395 785 96 643 303 952
38 586 812 247 257 207 393 389
377 268 668 711 692 21 305 96
243 372 715 544 818 502 176 233
635 524 39 770 636 582 702 780
581 745 97 345 726 2 970 200
825 210 277 123 998 226 334 740
895 575 770 718 361 35 826 652
725 113 218 836 493 247 434 498
52 865 576 916 751 828 865 820
36 988 772 946 463 164 9 706
738 89 536 180 950 889 695 962
364 104 566 42 826 913 646 885
286 866 494 194 660 958 475 965
623 12 672 490 270 916 86 143
133 860 314 46 292 452 335 843
394 904 315 19 874 784 295 895
659 154 446 580 897 402 706 994
254 994 288 378 255 423 862 976
259 329 711 539 131 586 94 438
736 96 23 122 764 249 581 55
396 679 860 47 200 992 155 792
260 623 327 845 809 966 229 484
906 463 455 920 828 265 341 795
947 896 830 42 330 801 413 796
702 267 212 636 403 152 8 784
389 110 526 349 194 872 97 573
832 689 905 676 444 257 333 715
767 27 476 12 927 539 776 703
761 383 702 676 567 477 305 995
839 624 135 898 687 992 41 856
17 834 524 69 436 79 792 543
738 346 19 344 349 690 753 661
537 949 557 836 111 838 85 844
267 253 485 564 981 187 933 892
59 656 636 673 688 780 969 78
65 408 468 145 446 404 434 507
516 615 867 746 731 913 299 755
620 829 850 980 895 547 275 906
560 97 795 189 826 653 923 804
870 179 284 282 309 698 660 549
309 910 362 431 638 930 287 634
500 108 11 38 83 218 616 993
122 100 169 108 244 761 422 890
688 198 462 868 834 743 441 482
864 884 898 433 349 917 193 67
785 306 358 656 746 120 192 859
670 412 261 613 365 152 169 678
967 333 558 300 30 25 582 609
730 157 984 11 740 803 221 473
428 710 584 279 733 481 274 719
604 709 640 798 293 256 408 627
766 796 779 223 348 588 654 874
35 708 976 933 256 269 361 39
834 56 335 518 692 896 727 573
596 997 938 661 86 296 31 348
991 722 936 715 449 363 368 495
270 749 218 182 966 71 705 503
690 213 270 72 815 116 150 954
174 222 602 598 50 69 267 417
492 787 215 651 112 451 731 929
413 776 733 111 668 136 412 616
544 618 598 316 949 974 970 186
695 126 163 650 111 307 805 808
161 643 823 118 839 981 902 501
379 781 895 626 627 175 530 695
323 980 221 553 837 307 404 283
574 931 896 755 568 667 649 188
937 874 666 334 976 187 111 977
291 166 626 304 708 468 101 50
341 817 243 682 197 903 744 606
336 604 781 773 842 628 565 355
303 767 46 333 141 608 57 660
71 826 507 433 130 477 887 867
123 989 652 516 856 613 483 513
574 522 932 423 48 148 746 798
597 130 900 460 441 11 527 60
521 140 579 439 771 578 57 415
396 279 529 913 639 2 10 637
683 277 391 998 632 227 133 517
638 972 256 520 722 517 811 505
464 238 131 103 30 843 963 10
679 162 489 89 92 592 619 354
733 137 113 997 473 78 374 203
764 860 309 748 506 655 634 802
291 839 483 444 340 291 544 387
101 15 127 545 545 138 114 219
0 730 538 23 997 649 557 983
797 939 537 286 948 555 613 576
372 851 919 65 792 435 454 40
759 26 663 611 285 0 700 834
12 170 48 242 923 388 161 790
896 715 169 301 214 601 458 331
897 583 375 565 684 730 470 704
543 914 155 399 878 128 596 539
719 887 665 211 245 926 63 695
585 18 57 516 382 592 401 476
668 571 235 126 879 609 271 606
179 493 115 509 147 299 870 177
128 37 759 773 757 653 626 911
823 925 733 88 517 381 431 158
333 732 865 926 650 419 337 289
91 671 13 484 653 811 885 616
133 819 877 640 528 898 853 752
764 187 528 733 302 327 542 903
320 780 184 580 489 954 150 72
898 72 696 82 971 785 310 857
947 669 129 874 490 481 905 184
878 736 152 464 882 930 581 56
76 991 26 141 858 528 649 638
399 811 300 440 560 388 607 360
8 815 240 309 377 470 800 653
910 136 189 946 889 611 602 936
929 830 944 655 787 175 161 982
262 342 845 125 75 638 426 397
662 221 328 814 118 914 679 999
578 718 703 782 349 916 11 951
829 396 120 9 211 900 292 263
319 226 404 701 245 879 63 266
129 149 184 530 773 555 301 132
729 929 28 8 907 167 996 625
972 226 949 505 764 333 416 306
483 792 840 460 950 362 618 24
1 909 133 874 240 716 190 613
405 68 66 254 540 130 920 50
52 894 595 957 425 597 596 909
683 815 886 965 479 80 233 433
449 95 641 980 478 924 739 204
153 149 746 465 129 60 456 327
693 160 923 165 568 509 774 28
145 906 322 99 535 271 55 799
374 666 353 879 229 141 421 59
193 473 928 235 883 314 40 125
586 424 154 371 563 322 886 978
126 879 338 97 881 63 38 487
552 523 220 725 555 239 596 539
346 222 304 749 805 597 818 674
874 995 103 2 381 109 977 419
324 825 736 392 213 759 832 210
717 109 229 953 586 844 445 418
659 819 234 138 886 122 939 794
615 219 675 486 505 472 999 446
494 194 845 135 33 810 277 460
271 364 421 939 604 866 439 693
183 417 191 596 15 761 773 329
1 279 243 383 573 442 431 339
812 937 85 701 665 766 491 646
534 325 242 40 663 94 367 540
33 766 941 976 45 400 11 316
141 942 769 505 279 655 816 529
894 765 809 587 580 115 121 562
1 423 666 500 649 261 650 879
831 200 745 323 662 541 583 751
671 943 636 73 409 40 366 486
768 461 191 91 265 133 207 341
405 475 171 757 141 869 477 554
572 770 369 145 805 187 79 602
560 623 137 1 204 667 663 91
586 542 888 291 253 461 649 238
964 43 697 276 358 603 708 894
785 763 393 837 410 802 4 457
374 662 409 229 519 579 401 68
894 402 131 460 674 199 733 471
764 186 791 666 401 120 118 631
654 815 389 273 16 716 246 386
41 237 516 159 285 312 240 460
232 595 59 476 983 134 980 507
213 802 342 489 757 141 504 449
300 301 654 468 173 276 997 347
263 737 730 45 399 724 988 241
719 940 673 773 443 899 794 90
903 970 909 318 808 435 251 966
572 989 926 914 286 324 275 775
640 842 483 758 818 431 107 827
539 156 192 575 962 745 879 365
54 348 396 627 477 483 297 414
684 925 463 466 106 811 492 259
601 345 613 855 936 134 401 776
936 862 670 556 685 149 360 322
166 226 85 27 291 692 747 116
130 894 4 970 116 828 224 89
701 376 222 51 862 116 954 216
125 816 268 831 316 960 491 996
600 519 945 808 379 725 800 833
785 938 83 752 417 61 787 724
824 419 277 393 120 31 231 208
506 489 660 153 848 235 505 223
368 524 610 864 649 324 126 910
74 280 351 952 621 195 354 481
34 937 848 759 883 85 619 148
84 540 737 787 795 697 523 422
535 586 17 319 802 23 967 560
540 182 512 753 438 715 733 157
261 421 846 605 860 3 863 131
249 790 838 921 75 122 344 580
514 982 527 610 638 716 424 301
545 329 89 899 273 581 647 87
272 609 485 628 956 113 726 761
619 46 805 798 610 427 247 587
120 790 913 750 362 232 455 758
361 117 204 648 850 141 342 921
441 654 994 445 379 344 122 624
87 880 532 156 411 541 336 106
866 850 886 663 470 571 214 422
408 243 512 483 207 257 90 277
615 857 745 373 455 220 852 487
136 985 537 29 917 809 442 868
299 131 240 539 87 555 568 335
59 159 845 103 885 859 376 481
936 513 98 976 541 531 11 459
69 477 280 631 122 620 168 459
765 476 451 933 142 517 458 283
839 295 97 713 683 451 440 240
311 665 780 387 184 844 22 817
478 64 179 34 883 141 170 855
554 947 934 413 424 176 553 443
373 946 904 993 800 168 471 343
794 195 522 162 243 348 424 468
113 745 170 945 706 560 807 121
756 175 842 126 382 455 470 143
821 373 211 784 806 203 565 422
688 782 532 596 101 706 606 541
369 186 947 270 852 277 174 831
419 946 230 792 231 237 640 897
731 373 550 787 916 937 666 111
595 832 334 916 523 470 82 992
258 147 282 794 404 875 75 219
559 685 732 416 363 853 470 802
150 276 213 10 732 493 424 93
839 87 415 118 890 149 883 720
552 986 800 4 757 210 737 849
456 395 689 480 420 795 648 366
243 963 939 493 561 790 728 549
520 870 378 400 685 46 614 369
402 222 914 117 902 276 535 978
770 654 777 44 752 198 617 696
124 206 666 77 225 843 915 825
64 688 956 738 262 48 637 823
949 748 876 575 19 825 79 314
686 46 228 787 326 733 521 266
730 807 318 358 24 746 747 141
228 936 747 616 182 521 794 887
221 805 998 651 760 535 645 409
918 377 790 944 491 877 394 619
223 352 605 637 77 286 240 241
106 911 498 265 223 946 291 438
520 141 437 202 955 376 645 147
750 840 110 924 638 561 484 961
114 867 390 866 877 568 937 407
106 795 716 307 720 553 55 427
223 509 711 560 38 867 30 478
545 496 264 483 510 383 600 972
253 19 656 127 233 538 70 862
313 265 703 640 713 109 483 552
606 52 62 373 576 986 304 439
808 980 851 346 304 287 181 662
380 853 966 32 802 499 656 411
490 482 325 765 186 795 147 543
227 621 435 96 269 117 480 220
288 215 989 682 434 248 941 576
143 812 666 304 248 984 640 309
302 680 494 595 609 37 850 906
82 656 57 355 207 493 776 808
984 132 154 660 486 443 248 868
477 989 91 793 836 322 595 773
72 449 935 45 512 89 90 506
918 535 365 30 950 178 178 763
353 365 469 876 42 554 583 96
197 240 302 457 682 704 768 89
500 566 609 1 530 130 16 84
797 529 294 499 514 804 575 922
133 931 358 54 585 476 88 927
252 863 136 447 254 730 695 733
965 712 705 895 805 70 171 576
689 39 924 257 400 911 368 678
893 705 494 335 407 26 614 972
308 876 427 662 889 405 234 184
990 91 635 498 765 193 860 163
661 932 359 173 80 437 874 165
528 363 551 231 875 642 905 490
539 160 853 51 612 641 748 511
412 359 524 227 454 793 200 336
545 710 708 417 83 159 543 828
350 253 550 493 772 81 945 194
69 892 455 892 199 570 691 755
848 284 182 546 590 464 386 147
622 565 33 377 790 427 25 174
861 156 788 557 926 224 412 520
412 22 423 575 28 591 521 457
541 340 642 742 65 810 115 309
201 550 77 172 913 441 289 865
764 648 830 936 295 749 132 429
660 953 718 447 888 31 342 626
418 329 83 252 562 966 605 308
75 912 958 278 318 556 710 343
618 575 442 327 60 721 698 715
905 179 899 611 593 797 839 604
699 783 995 301 796 77 673 639
512 960 138 517 512 265 710 769
229 820 45 745 321 536 10 750
925 881 509 499 870 609 135 881
292 989 429 233 245 638 717 70
139 985 351 518 916 447 530 770
209 754 80 344 244 376 365 372
92 66 268 666 294 797 985 418
154 976 257 117 731 750 550 480
207 823 722 460 559 568 797 539
54 202 801 65 875 995 11 564
293 887 645 320 85 845 255 241
849 951 160 713 642 74 596 293
541 966 254 981 649 501 183 969
653 428 866 590 503 55 43 536
21 18 989 715 968 611 201 153
798 565 960 527 973 336 852 762
336 336 118 220 19 185 983 492
9 107 27 364 492 546 524 882
545 637 180 363 50 895 454 51
621 466 454 754 387 75 540 317
760 635 761 195 588 690 376 340
837 894 181 468 673 697 502 835
90 509 179 683 758 888 311 574
51 360 166 404 27 867 904 708
774 904 351 634 297 332 882 627
768 607 706 142 803 544 855 64
823 554 704 201 152 680 728 288
468 509 579 396 765 87 683 122
703 526 429 725 128 324 858 74
477 689 421 545 71 606 389 935
348 331 126 892 390 632 913 784
667 432 400 164 727 717 997 928
732 746 718 628 256 786 809 413
492 99 86 566 393 62 495 671
910 952 243 868 120 466 408 701
815 839 60 695 782 639 836 194
295 484 641 646 394 483 379 597
641 935 816 379 285 631 215 545
875 804 896 646 89 92 521 868
183 11 441 86 879 1000 225 180
998 435 60 658 889 236 200 634
363 764 281 607 847 69 925 361
264 287 796 985 90 46 81 5
974 392 908 559 963 596 161 967
353 15 850 702 666 151 930 182
272 187 609 143 407 160 918 642
264 49 387 285 603 87 603 454
995 549 615 339 906 762 306 873
992 936 172 615 344 781 682 720
665 268 312 419 523 577 56 903
553 194 718 637 546 152 356 628
546 901 518 524 412 400 793 184
166 522 752 317 670 874 975 501
442 470 24 522 725 514 939 794
123 658 632 948 935 219 633 72
996 48 667 648 724 801 938 502
540 747 571 953 913 855 114 660
86 358 632 678 426 528 674 958
926 310 361 301 743 134 811 776
989 55 327 366 51 925 418 850
593 323 435 785 683 189 633 41
127 477 269 516 434 619 326 507
877 252 335 770 320 353 247 46
135 340 38 944 978 153 520 200
524 457 375 218 179 328 184 949
25 730 623 573 567 192 113 595
450 754 634 381 645 703 421 548
702 495 86 444 109 308 413 223
606 977 140 721 57 743 745 441
230 935 738 938 795 499 179 786
709 761 439 18 579 854 789 844
431 479 970 294 667 831 657 171
364 416 126 47 826 524 459 476
628 891 971 494 372 541 330 700
581 690 764 544 948 831 667 173
489 186 572 780 707 798 214 398
571 447 587 80 968 54 318 568
341 136 561 526 517 180 212 491
109 717 13 971 958 400 502 559
772 503 551 544 272 225 267 301
436 254 310 929 957 771 341 547
384 763 219 785 394 184 782 856
389 312 273 808 980 181 580 420
914 971 735 132 106 846 100 580
348 109 160 11 340 224 498 392
604 740 87 636 92 407 787 290
660 386 193 765 144 186 506 2
299 285 701 31 931 883 325 39
371 852 792 345 733 590 318 468
649 949 439 944 867 524 455 103
997 797 813 797 253 243 427 248
946 255 499 492 950 914 385 556
995 403 757 261 163 213 916 900
443 947 520 184 918 161 986 162
928 588 344 522 935 207 598 10
442 592 278 954 477 137 168 725
86 149 187 4 821 188 825 636
411 466 944 825 739 293 981 810
222 49 747 514 840 125 305 479
925 719 52 940 637 176 615 299
984 760 775 678 459 835 350 611
875 141 337 136 533 387 551 797
935 362 871 350 999 129 932 328
280 847 89 708 342 368 983 594
299 44 341 14 215 564 718 70
633 852 701 612 105 694 938 577
436 866 37 459 577 799 355 58
613 630 794 562 100 671 763 581
960 872 495 978 919 751 617 68
981 302 928 203 921 748 547 226
933 677 528 279 427 462 292 734
349 482 449 712 178 125 829 288
623 900 513 551 202 128 451 889
249 805 140 912 482 89 798 118
452 406 478 187 285 991 385 153
38 887 996 984 678 161 767 49
181 300 999 569 263 426 979 624
123 150 669 459 68 805 998 116
571 492 597 887 968 526 146 335
431 288 853 987 172 4 977 766
360 611 311 1000 314 48 811 734
565 559 305 951 626 490 388 967
837 535 75 170 659 417 819 145
838 300 470 462 1000 186 475 936
19 658 18 388 722 237 558 916
462 882 535 992 729 600 40 196
972 922 159 577 313 325 234 302
571 335 413 599 167 524 112 361
550 677 36 101 948 537 72 370
384 689 803 448 431 705 313 48
227 166 64 866 638 989 592 693
314 211 975 148 868 639 526 101
950 792 214 573 312 684 229 515
118 769 562 400 228 174 318 178
888 264 447 454 51 876 735 525
1 205 763 650 220 232 35 217
87 673 227 973 731 57 556 680
249 351 187 550 902 119 902 174
658 585 741 952 506 132 301 314
309 26 422 86 492 759 765 451
367 194 403 118 6 29 62 401
386 183 115 685 851 925 225 821
833 254 162 823 299 273 419 793
48 400 395 315 851 945 610 77
116 326 917 294 65 378 504 291
802 804 58 610 307 718 955 206
969 189 641 338 964 452 987 756
417 71 664 362 186 46 944 181
615 393 122 765 947 282 953 487
101 838 926 375 578 230 346 499
848 885 615 610 961 604 545 374
774 292 707 551 230 543 854 132
100 558 585 362 958 623 896 63
334 886 770 397 820 478 543 418
870 195 313 253 469 152 14 722
342 762 693 985 85 306 548 333
692 728 819 124 599 702 157 314
814 588 358 506 333 488 950 197
673 821 288 603 478 483 104 766
159 466 953 809 275 974 637 554
837 340 30 669 729 916 549 800
414 269 839 971 911 986 621 80
934 709 975 269 979 678 537 661
617 173 99 96 755 59 111 172
677 609 806 281 387 607 306 448
274 776 382 436 75 465 770 802
79 583 358 956 213 117 691 440
4 813 964 51 572 589 726 672
76 818 547 841 602 921 279 574
855 32 301 520 176 905 412 859
488 558 421 951 743 604 916 224
90 54 540 376 431 301 250 832
814 825 586 225 66 987 495 477
483 371 904 777 51 686 751 747
966 573 995 899 879 633 283 873
615 129 145 883 85 611 65 839
530 444 856 692 266 583 629 722
666 909 807 546 50 766 697 255
541 994 277 531 571 187 780 291
990 697 364 670 331 646 246 73
567 531 416 515 774 107 159 572
445 461 364 949 889 724 222 550
104 385 888 284 446 921 608 307
514 929 630 558 712 217 732 845
413 829 843 943 201 615 36 23
961 974 997 191 6 603 821 284
678 81 517 112 402 690 564 238
105 897 553 986 737 816 988 686
850 642 357 902 330 458 920 848
879 107 187 741 461 814 693 865
472 706 566 962 9 600 788 371
308 419 164 418 524 291 552 152
624 783 591 197 171 720 325 349
978 422 682 437 159 396 715 26
223 433 187 967 264 813 219 627
682 855 279 392 105 96 538 873
271 772 977 889 117 961 855 202
388 329 457 578 41 520 889 407
99 701 311 720 90 692 378 347
126 893 609 222 948 484 411 567
242 717 780 128 734 257 656 24
751 332 981 189 860 417 326 198
779 642 930 124 79 543 561 782
549 526 463 16 848 172 125 54
863 264 45 769 992 317 191 767
518 525 715 489 353 131 236 834
278 300 427 315 299 759 214 299
507 612 931 919 267 566 99 104
245 213 704 289 972 988 353 637
460 367 577 335 544 647 830 245
314 430 622 77 494 515 205 997
207 330 621 471 249 565 614 330
367 264 513 297 770 137 168 409
872 188 200 983 635 417 918 648
851 229 29 539 385 715 784 104
526 871 385 599 517 455 883 862
545 734 437 933 270 294 683 521
845 498 576 352 806 684 527 14
308 116 227 229 126 292 179 1
257 228 409 815 109 149 304 864
437 412 229 139 194 438 557 98
201 917 124 130 470 829 169 35
833 114 227 565 485 45 394 240
983 803 950 369 251 81 759 546
208 837 269 693 116 919 0 397
370 516 150 404 96 436 709 914
426 566 588 272 686 484 240 758
372 688 489 383 841 162 20 727
266 932 938 473 949 829 376 521
607 662 206 396 101 811 764 278
259 490 874 545 807 717 165 428
315 154 678 922 935 418 101 802
231 962 133 453 129 134 299 105
250 983 188 445 839 186 180 388
21 787 529 598 297 305 537 141
418 297 272 577 418 796 377 792
267 344 629 366 39 241 95 297
91 913 927 893 40 565 250 104
892 790 900 400 333 540 235 157
478 837 298 956 216 472 215 81
761 674 480 1 346 855 555 350
248 85 408 264 439 71 777 906
230 980 232 842 659 220 182 764
681 844 483 512 550 192 380 303
452 757 563 685 864 18 148 449
312 954 408 828 580 115 603 855
5 515 775 567 190 485 154 685
44 792 710 46 242 302 661 860
41 615 633 831 674 15 771 186
938 308 569 954 44 779 823 761
819 307 330 833 633 122 664 66
649 200 342 118 207 319 759 59
999 550 460 666 46 372 670 905
433 562 132 345 822 753 361 18
614 866 260 5 607 665 983 669
298 975 887 577 783 786 667 165
733 557 837 121 796 279 739 44
808 980 445 704 224 279 277 927
616 193 824 272 513 705 403 831
245 958 142 293 18 363 983 234
425 84 841 349 835 5 292 955
343 363 617 199 578 739 791 859
986 921 212 665 742 275 969 0
138 298 759 78 372 910 60 988
641 954 509 821 970 557 366 51
340 506 89 238 997 563 51 809
659 246 512 815 827 279 726 723
756 278 134 208 923 618 243 676
571 752 709 420 114 837 177 121
458 326 816 373 443 501 255 67
246 899 767 595 769 352 862 114
779 168 402 281 23 159 765 246
835 718 221 420 7 654 576 787
973 522 553 362 670 429 483 254
248 68 115 649 625 517 624 493
699 376 370 410 34 718 846 747
485 841 120 587 861 754 300 189
555 663 510 180 147 917 3 821
803 609 808 781 244 652 358 724
774 348 401 994 616 339 31 909
942 341 968 445 133 796 258 600
434 711 114 592 625 830 398 810
41 696 822 45 668 559 245 231
766 177 739 23 406 497 318 454
951 499 965 25 854 194 240 25
609 932 204 524 789 948 724 912
578 247 921 794 26 22 139 52
57 422 818 522 673 694 552 917
541 79 424 25 956 940 264 880
785 253 852 796 809 556 764 292
503 692 326 50 629 285 966 676
701 166 139 427 86 778 250 985
839 704 580 781 766 654 974 368
594 461 361 597 53 760 609 817
170 954 740 826 502 687 880 981
500 413 623 7 665 839 946 391
345 642 978 542 612 965 732 641
664 237 160 24 85 809 548 205
109 257 206 629 987 873 652 417
804 841 371 636 551 336 514 330
60 195 333 658 455 163 833 629
182 347 36 559 730 651 712 338
585 494 853 454 191 615 89 827
263 386 329 383 891 978 600 164
584 21 426 626 673 311 729 468
30 241 763 362 345 50 896 793
220 72 630 778 694 456 54 437
593 848 394 691 611 373 915 354
698 746 546 489 935 570 2 70
530 999 573 513 766 476 631 930
229 10 226 161 283 618 870 874
27 54 611 629 614 225 590 28
539 664 677 861 427 408 760 437
60 46 95 588 806 905 60 667
110 801 662 207 285 340 196 577
560 709 553 371 644 453 706 102
477 995 798 911 558 167 349 991
441 421 604 775 202 774 643 376
770 657 91 362 572 981 87 539
511 529 25 814 817 788 820 23
940 542 356 461 898 863 454 875
143 8 631 872 882 709 862 340
416 1000 971 328 130 801 681 289
291 23 730 871 64 983 313 68
787 914 368 697 305 227 954 913
893 651 439 98 307 44 838 735
236 724 662 614 868 44 827 88
310 686 712 861 511 590 919 462
588 636 377 930 91 667 121 664
288 811 187 284 880 777 354 361
132 572 83 387 104 148 397 234
852 577 552 870 369 697 907 550
481 1 930 99 805 884 411 72
129 239 765 955 119 217 511 928
357 834 742 350 219 668 996 636
453 872 956 949 617 448 300 967
360 78 16 159 551 408 347 412
689 357 109 231 718 855 279 54
310 129 804 543 847 420 722 75
921 269 662 883 891 594 865 753
888 878 886 664 220 788 48 842
921 401 40 957 148 952 659 334
922 994 118 935 571 2 555 275
452 775 549 829 816 72 568 43
134 588 977 412 482 93 636 785
629 665 978 628 813 647 240 759
862 237 700 934 520 427 538 618
355 18 784 756 448 357 675 751
252 781 72 495 536 513 347 292
645 318 339 581 90 63 420 967
810 278 740 759 759 898 616 908
447 491 479 184 170 802 660 6
910 922 838 25 938 437 692 100
873 756 845 50 89 501 376 82
962 368 162 24 971 854 3 267
209 245 484 158 199 319 897 487
433 517 407 364 541 35 309 959
52 419 569 933 369 563 322 605
273 417 924 975 980 432 320 58
63 770 290 689 549 378 552 854
55 249 588 262 650 867 679 883
339 547 972 892 645 613 747 490
757 998 443 915 325 366 843 759
515 250 919 183 349 860 205 296
799 972 556 550 150 727 747 336
512 929 661 669 724 620 12 689
253 132 375 895 431 983 784 510
59 143 520 412 135 225 664 430
192 945 900 535 95 343 244 314
193 801 381 87 615 785 188 563
359 452 136 524 923 629 830 53
291 57 929 827 959 744 778 190
639 559 98 656 877 93 229 741
123 533 879 636 492 949 72 465
708 634 95 735 723 512 528 581
646 197 820 404 55 634 942 137
133 377 501 386 90 533 251 887
404 709 507 670 534 700 501 785
212 784 345 475 111 870 243 578
349 942 511 654 940 102 588 820
653 289 877 741 749 762 134 971
966 22 863 827 226 292 926 208
375 882 758 842 344 69 279 843
371 420 292 545 640 379 461 54
870 129 689 301 888 975 205 637
609 678 908 823 974 318 750 87
183 640 944 862 613 26 117 605
855 824 771 32 663 536 352 699
14 342 257 627 799 987 412 912
437 129 603 974 918 906 627 254
640 675 368 153 986 740 455 164
30 92 585 104 240 539 587 203
465 939 969 343 232 508 574 38
440 505 187 636 562 242 980 545
954 217 888 290 712 533 133 891
81 706 348 540 39 300 189 23
940 554 197 540 434 602 787 231
395 452 310 465 769 8 142 518
129 769 905 682 854 906 475 964
289 446 140 266 334 513 927 861
458 885 993 749 286 991 105 234
378 678 201 730 329 526 279 699
872 930 41 621 282 98 425 115
567 103 996 10 135 348 155 532
508 283 494 26 494 736 87 331
603 423 131 64 946 566 387 579
928 619 285 63 462 267 463 675
345 19 583 367 282 356 370 384
927 57 32 858 354 804 988 226
275 795 764 845 715 752 217 289
19 303 633 255 398 264 777 60
495 69 118 124 665 191 902 482
161 964 158 193 604 358 642 776
706 998 110 727 28 640 951 197
696 536 38 131 202 185 811 121
188 567 268 506 765 14 375 206
621 411 315 144 978 228 530 102
858 703 611 96 85 253 843 865
410 964 232 199 447 457 262 100
919 72 884 287 856 456 521 237
251 116 921 703 190 457 571 435
755 743 505 724 483 988 15 340
665 3 504 325 182 616 419 635
893 410 371 109 496 150 787 950
47 231 244 373 955 957 19 164
394 599 740 410 165 167 758 462
58 55 970 6 166 41 522 831
511 985 44 818 674 629 100 585
435 308 83 193 97 852 920 708
996 862 582 650 835 461 509 507
400 971 201 335 744 649 941 920
550 690 583 171 0 871 233 901
558 889 57 89 933 201 142 543
656 8 294 694 767 947 820 498
40 444 482 297 353 95 525 311
618 942 188 103 16 593 474 611
479 15 116 556 672 440 455 568
464 222 44 578 853 951 208 568
396 536 601 152 937 864 830 184
415 528 514 210 878 111 340 32
828 434 191 649 152 854 641 838
589 126 328 603 646 371 50 234
33 658 212 950 846 620 212 537
335 686 420 944 792 937 678 394
165 941 6 467 681 517 690 280
929 421 452 542 684 428 258 495
362 883 417 432 168 299 291 624
756 43 868 885 284 801 672 516
695 332 53 382 405 764 361 564
338 18 894 935 834 562 211 24
1000 69 484 554 783 956 297 545
383 842 339 810 914 531 721 885
175 986 629 949 458 22 989 18
314 946 594 562 694 799 806 309
174 865 328 682 661 6 916 615
737 19 992 285 336 391 695 553
285 632 407 711 918 580 806 504
900 942 81 845 789 648 718 274
405 849 353 303 264 220 84 918
72 825 636 168 551 451 227 765
271 805 272 716 48 181 311 567
363 302 77 162 643 153 951 863
934 870 166 16 970 713 108 273
871 64 366 285 241 475 706 847
513 839 628 325 632 510 540 102
279 270 979 85 206 505 517 54
426 535 691 8 678 769 988 494
675 998 887 595 789 454 254 332
888 691 681 149 704 316 115 208
779 618 867 636 388 784 259 896
208 900 347 257 879 986 446 386
732 441 309 351 180 2 205 778
84 797 916 25 851 550 402 159
425 250 896 968 797 139 829 263
614 185 246 499 793 258 713 587
520 481 697 741 435 451 270 727
74 819 14 682 428 635 833 997
666 223 310 278 978 991 429 47
693 828 956 617 1000 299 852 656
286 218 724 281 181 838 701 681
690 728 621 638 714 328 74 42
886 65 639 969 170 599 218 714
90 877 915 408 760 899 823 605
223 96 296 514 245 602 782 700
12 599 410 240 534 543 645 812
57 114 647 915 612 602 545 820
823 190 801 570 682 925 338 846
222 806 414 290 411 178 298 254
118 935 611 476 480 7 337 986
502 649 965 841 328 264 421 160
297 885 593 645 532 639 370 434
608 603 153 789 128 410 25 964
839 605 57 159 221 338 157 486
911 640 788 182 681 390 811 75
736 360 563 729 542 242 555 564
401 852 745 934 958 74 989 896
921 586 399 207 706 97 631 452
16 215 978 202 164 772 30 462
913 5 859 520 542 531 909 277
544 402 110 453 28 817 695 500
933 216 810 237 129 573 744 76
1 151 213 686 594 796 327 589
611 738 862 913 599 23 148 601
205 294 707 9 98 916 381 909
110 83 967 353 403 71 754 996
930 961 280 988 717 952 846 251
315 964 669 238 583 47 424 53
809 143 635 688 60 343 832 23
684 613 339 275 882 975 619 187
457 747 82 962 573 163 902 383
126 59 313 969 730 473 466 434
248 113 682 161 796 311 746 602
556 205 278 89 667 144 150 949
904 812 978 268 989 209 872 576
981 980 544 70 158 523 730 663
601 86 368 863 605 66 624 896
547 666 12 851 81 699 777 878
670 71 216 927 107 895 269 407
649 660 881 623 14 881 203 197
670 812 43 978 301 942 931 958
928 60 304 590 924 865 231 909
463 96 700 528 947 699 302 44
193 584 814 331 407 158 376 433
199 254 235 968 823 455 546 309
870 311 354 814 705 199 899 964
55 627 167 32 217 996 331 908
418 819 368 454 637 595 231 939
962 717 695 144 837 456 812 625
864 619 931 280 347 596 297 124
763 521 727 224 448 416 260 391
569 749 86 357 765 226 350 838
117 868 687 829 510 853 290 762
948 108 962 251 801 468 138 530
472 200 35 213 353 71 182 333
973 718 141 280 842 103 249 872
112 346 141 697 510 463 71 277
376 171 604 281 558 555 652 323
706 417 566 307 810 666 753 889
512 661 939 206 615 485 929 473
854 643 648 930 289 495 338 289
834 204 93 741 981 584 689 269
363 947 721 545 332 661 2 284
563 79 311 943 38 715 835 494
738 430 167 225 188 119 496 481
246 252 760 476 142 345 352 294
801 452 780 976 471 871 104 814
617 67 916 544 904 107 214 712
688 38 984 852 120 883 741 991
481 740 114 630 85 896 819 589
469 654 773 334 696 307 596 20
116 813 822 851 128 163 172 105
701 42 244 597 863 708 30 324
411 369 948 700 406 510 149 409
154 916 149 419 188 426 757 921
474 8 286 898 962 931 923 30
7 920 329 154 168 347 284 619
121 393 885 183 774 341 170 352
944 725 803 69 720 521 179 48
904 782 251 351 560 893 1000 465
592 726 823 725 294 342 61 627
559 283 273 371 614 88 145 796
783 362 752 825 747 152 633 237
563 578 164 584 242 324 4 931
442 383 65 712 390 949 420 616
948 286 67 636 462 165 50 691
71 790 393 459 2 606 431 91
536 310 382 666 96 708 319 805
496 595 215 704 178 433 682 378
918 813 53 140 394 928 578 797
780 806 902 917 874 113 686 551
532 581 906 788 292 275 184 843
879 692 45 707 977 566 715 8
354 386 129 797 115 683 521 120
114 899 665 563 946 726 978 549
584 229 676 851 433 429 274 926
301 866 639 202 262 922 699 396
797 729 343 65 1000 500 516 183
544 97 757 193 881 315 121 229
453 687 151 891 719 655 764 733
405 764 425 533 527 754 43 956
714 349 496 923 824 947 665 891
247 502 182 630 388 439 396 555
799 275 853 886 351 436 878 478
370 434 909 151 61 742 686 208
473 775 294 969 423 17 126 994
343 409 322 271 420 477 0 57
84 714 538 756 875 92 793 747
163 622 398 897 280 240 398 519
674 621 506 449 11 375 441 980
208 26 765 773 263 220 405 929
547 658 421 91 764 578 62 136
802 623 101 510 508 976 101 448
627 486 258 884 604 600 121 232
475 54 760 447 604 76 234 598
917 343 327 180 891 85 331 796
384 27 316 108 52 745 733 907
568 854 612 738 376 446 335 985
52 569 244 859 967 905 583 438
179 533 965 258 885 186 433 840
340 246 253 104 295 749 483 236
392 19 540 505 944 879 337 286
791 478 43 798 202 796 67 636
216 758 181 113 80 693 515 33
13 474 335 939 729 713 342 853
808 703 127 252 499 530 628 978
911 222 659 722 365 301 534 755
114 24 867 881 542 359 648 218
345 673 121 289 343 837 851 918
660 933 498 546 840 255 75 457
582 458 857 785 21 387 614 15
130 169 821 300 858 41 565 802
863 710 586 369 833 118 126 200
515 626 951 887 830 118 816 939
746 753 409 633 949 557 404 595
307 78 748 241 91 284 171 357
811 23 551 271 925 477 793 140
899 164 813 902 131 452 293 658
732 896 407 883 616 346 11 430
538 814 394 893 697 901 477 821
537 787 67 390 779 525 788 796
88 3 592 438 212 559 285 694
993 169 712 881 961 835 694 62
325 936 433 102 861 936 135 678
325 660 130 148 214 723 137 753
702 234 140 828 356 995 924 925
409 988 16 168 311 406 795 396
916 546 742 783 788 267 332 770
907 264 820 817 311 748 273 539
247 63 52 734 178 2 420 921
949 11 230 887 481 232 955 608
647 279 909 572 632 132 529 228
746 427 93 560 313 986 521 362
960 602 446 266 692 161 52 332
617 739 346 692 877 128 843 720
471 601 621 972 48 211 352 337
749 160 838 444 534 326 624 886
851 540 383 865 309 481 669 451
292 824 898 826 887 559 501 226
867 459 702 437 67 901 622 122
837 895 95 667 795 803 181 966
565 73 69 841 124 850 387 31
24 765 796 546 422 812 526 289
869 527 257 840 984 750 581 778
51 670 679 901 904 438 312 735
682 138 761 619 946 536 13 450
561 813 157 360 377 119 173 457
283 190 857 892 692 77 654 75
125 596 964 856 308 450 535 906
668 180 159 262 727 434 67 857
44 822 383 916 769 113 952 239
751 42 915 277 743 749 10 373
125 167 530 257 0 858 225 167
709 16 189 25 89 652 164 556
403 467 614 822 999 938 545 352
227 677 780 624 86 848 978 375
386 235 45 547 90 72 830 996
519 965 108 669 254 420 343 409
237 675 834 162 637 571 231 336
292 466 534 316 988 41 672 642
676 898 340 778 540 309 609 715
858 25 103 259 533 577 977 980
947 470 171 2 138 662 624 948
438 161 557 528 192 744 631 958
236 410 721 371 977 855 317 824
46 121 134 420 915 368 171 598
206 369 957 865 411 719 95 30
548 366 654 93 517 964 557 38
121 33 547 519 659 743 53 90
482 970 853 384 937 641 217 639
383 366 872 806 577 15 154 5
864 384 942 257 368 934 320 962
429 453 392 277 607 812 777 247
106 520 9 730 710 425 878 754
909 998 523 965 816 45 869 945
701 428 409 409 633 441 59 25
372 835 149 267 469 17 611 326
339 45 137 665 186 112 183 351
645 629 617 202 282 705 623 376
224 775 44 819 667 970 545 636
640 212 386 687 28 136 355 51
90 141 393 5 310 997 899 809
797 744 202 723 953 541 519 451
749 591 692 321 449 326 136 94
757 455 300 626 310 36 83 859
664 176 348 532 336 752 57 555
950 50 309 706 919 177 224 332
951 124 8 249 264 836 726 594
121 753 963 828 710 561 451 927
480 963 60 866 890 440 215 184
467 147 351 874 350 983 523 694
610 169 222 248 247 652 285 711
770 275 357 668 121 323 32 251
92 534 370 947 1 329 856 369
73 86 432 195 15 245 908 880
262 360 116 536 613 249 619 844
206 522 333 640 455 488 844 761
426 437 240 278 174 16 989 257
147 325 31 852 502 461 85 795
224 68 836 620 876 936 115 977
292 99 616 406 415 775 748 848
739 571 737 317 462 556 304 879
370 746 661 525 332 745 447 417
404 387 198 732 801 890 988 496
476 49 353 919 20 711 58 743
968 153 229 97 426 644 819 746
109 475 481 381 708 438 561 798
950 247 35 827 697 652 854 834
788 796 591 518 552 435 430 437
813 207 579 438 832 793 737 484
967 564 343 160 308 527 977 298
281 528 965 350 203 580 896 929
810 107 58 60 765 308 966 629
773 108 823 136 427 944 693 510
511 364 569 163 422 207 623 729
630 598 974 94 803 912 61 386
229 230 693 472 465 859 194 319
627 690 759 530 658 49 693 189
867 228 871 954 227 857 242 874
656 614 542 17 937 28 256 468
261 945 79 934 268 778 122 394
158 498 696 678 727 193 705 597
101 25 906 492 653 553 351 351
701 526 799 819 220 447 672 27
302 925 245 127 949 897 542 188
176 259 892 405 182 191 101 881
752 284 616 484 303 650 506 379
856 31 880 900 633 651 897 928
157 54 795 789 635 391 57 657
145 78 979 447 962 486 968 171
972 878 819 565 675 473 142 591
715 614 810 61 481 617 40 860
590 190 572 776 703 261 189 357
159 578 641 262 24 254 427 352
462 736 941 812 16 793 634 803
824 909 706 648 358 978 378 841
86 198 717 144 813 785 231 658
55 235 690 905 963 762 299 56
850 89 491 991 476 129 510 497
361 669 788 669 725 590 149 877
805 192 511 454 821 704 547 386
770 75 257 447 781 760 130 598
672 191 18 139 336 873 327 876
367 901 122 132 876 236 718 370
422 189 11 303 294 765 921 191
237 459 144 559 834 4 735 645
578 267 369 323 13 935 934 213
665 119 823 902 895 643 995 348
27 765 410 734 778 17 677 812
655 354 17 735 462 305 186 316
328 946 61 123 412 442 607 957
218 868 527 353 212 815 42 874
965 926 322 476 829 456 966 914
664 939 976 338 362 717 552 938
410 776 394 0 277 261 33 890
829 465 986 748 280 689 479 588
962 289 467 217 949 23 35 346
512 424 97 484 703 818 685 649
97 782 448 87 983 100 956 492
91 128 510 972 502 751 678 160
489 957 851 179 190 739 787 933
767 71 919 647 821 95 232 297
208 931 142 291 191 794 902 2
592 522 106 930 842 155 908 270
699 903 218 307 514 540 325 607
559 580 379 758 711 547 219 534
453 726 362 433 71 140 758 21
201 592 551 774 941 211 318 306
957 410 82 16 233 640 908 668
742 182 224 925 881 720 923 956
597 805 7 173 555 628 380 233
459 729 814 4 607 784 287 841
49 3 307 805 618 752 330 832
174 866 37 971 342 200 686 746
288 683 347 4 17 997 193 635
619 858 516 397 114 498 221 82
674 707 534 862 645 676 853 857
997 745 169 872 152 573 790 416
556 109 932 757 1 842 658 726
622 680 611 165 505 812 770 327
857 215 590 513 345 30 1 423
676 617 734 546 375 839 404 647
898 348 137 449 750 339 289 570
324 374 16 538 524 80 994 861
153 460 483 36 851 108 911 399
532 247 280 302 198 43 369 392
854 189 713 459 521 266 810 789
872 293 275 958 592 847 697 213
952 985 595 759 38 600 742 13
133 100 832 63 242 812 676 756
605 907 56 383 168 861 207 378
677 892 856 967 784 75 595 112
397 416 953 644 378 593 392 209
228 209 439 580 45 588 416 390
724 108 142 445 78 687 850 691
914 244 26 234 697 735 188 167
355 458 695 176 63 400 722 394
519 133 908 187 941 549 967 291
387 193 284 594 971 182 901 988
534 130 15 107 162 117 608 143
244 570 997 856 731 123 933 256
141 755 230 380 924 666 365 288
873 737 78 738 294 527 711 368
142 876 853 40 361 74 899 879
411 814 505 392 626 983 671 173
11 525 296 796 121 481 16 336
423 838 218 438 522 373 839 715
93 846 273 549 483 437 400 769
803 884 829 305 918 127 670 291
128 511 401 818 549 964 586 985
620 253 629 668 706 310 888 21
689 531 436 920 567 613 928 109
654 490 676 75 327 985 513 859
611 282 692 234 95 94 555 217
997 864 88 767 298 244 545 112
938 730 934 875 583 852 487 92
866 30 246 622 55 869 822 439
880 853 222 49 113 119 95 964
570 778 219 349 48 856 280 914
207 437 216 181 681 313 985 125
855 280 137 382 600 634 537 290
194 608 68 446 993 881 559 410
376 650 196 603 365 368 107 211
899 276 5 831 942 62 81 493
130 767 590 713 118 131 41 973
939 672 217 512 952 75 532 258
38 914 6 424 674 184 463 509
41 945 324 990 517 715 218 193
194 856 925 164 508 484 422 14
479 317 905 140 41 326 451 833
714 982 533 495 174 17 248 923
811 565 850 775 320 715 574 991
865 553 205 446 545 564 291 875
71 23 737 432 364 646 934 781
697 566 405 815 369 745 631 942
276 678 41 492 123 963 268 606
12 23 287 90 267 136 345 234
57 127 620 833 111 917 700 815
125 170 341 304 105 400 589 556
674 866 84 410 818 321 734 227
794 140 167 567 236 450 20 176
343 167 787 217 791 139 106 772
712 253 836 245 344 697 808 290
967 2 189 1000 943 25 789 56
953 61 604 554 245 579 369 513
222 299 247 475 821 910 673 351
819 421 113 686 411 936 571 980
442 392 803 260 950 153 533 902
754 794 297 63 276 255 633 494
919 529 758 501 980 800 674 723
956 859 897 413 762 989 425 443
840 51 550 744 190 72 895 644
768 88 128 297 227 725 516 518
780 591 813 600 184 917 881 217
523 807 999 484 375 801 838 43
247 665 210 248 122 874 510 69
108 684 601 569 214 129 494 314
600 478 248 672 324 688 422 438
535 515 197 218 82 312 86 614
766 560 641 574 379 991 502 147
819 959 174 120 116 675 655 115
262 731 480 808 258 202 68 225
227 292 905 275 100 299 998 264
518 39 292 307 256 194 441 622
49 402 857 502 657 509 605 936
554 972 495 746 762 479 981 413
807 622 245 539 791 316 600 771
354 43 636 31 909 623 426 682
450 735 797 118 218 176 950 856
552 283 732 875 40 347 41 913
178 440 145 518 581 322 505 303
552 30 794 711 143 478 684 596
989 91 357 305 598 571 678 931
432 135 404 948 710 733 735 872
585 674 324 62 379 879 246 638
848 517 49 176 182 596 431 833
326 837 349 357 490 922 979 335
238 264 862 581 378 322 943 374
354 620 244 579 15 417 862 403
601 618 937 178 2 201 608 606
60 119 300 388 184 262 92 933
507 367 768 828 244 269 40 363
241 508 962 103 910 533 944 443
942 851 332 395 549 843 889 513
950 190 317 336 563 584 990 987
933 816 194 453 334 922 716 116
684 253 162 693 285 104 101 770
714 838 726 237 806 148 419 579
965 846 571 136 658 698 496 615
322 484 30 961 135 701 527 54
54 64 510 812 480 531 468 715
246 150 1 765 518 505 627 801
475 269 995 962 866 913 594 258
436 69 527 943 398 843 336 1000
763 710 270 220 548 556 305 577
145 302 527 426 216 50 44 517
260 474 492 476 523 763 228 48
469 78 831 60 853 442 838 625
985 819 704 510 493 924 397 310
753 321 855 903 810 771 279 228
986 974 145 90 222 58 422 945
793 964 490 925 815 236 486 895
133 36 971 368 496 813 654 26
889 484 208 98 888 363 176 503
883 377 965 369 347 644 206 998
795 62 300 110 766 355 743 987
404 71 595 763 105 219 210 804
661 635 753 285 371 80 41 373
674 954 642 638 906 730 667 643
109 30 429 519 990 740 898 735
553 823 30 547 938 147 39 415
242 200 370 752 395 364 546 87
683 886 495 647 201 202 534 824
587 256 390 774 157 336 615 595
948 502 773 935 678 695 534 670
507 457 680 643 801 879 618 11
606 202 524 406 373 27 239 819
75 0 133 860 638 212 95 721
298 805 700 644 759 891 619 560
94 909 490 218 152 613 721 348
614 796 410 497 990 884 512 982
84 251 255 915 326 466 728 376
132 378 9 953 691 391 791 18
544 681 762 845 848 856 863 185
268 525 914 758 266 80 330 213
402 872 297 216 852 773 572 351
869 592 117 114 73 860 236 871
786 783 45 282 321 559 211 643
885 996 409 194 154 491 46 879
203 551 870 92 405 314 181 962
251 871 652 78 899 800 488 180
446 729 474 242 98 427 614 248
809 530 298 213 171 703 49 507
866 275 536 114 262 223 546 566
681 473 321 369 763 121 494 946
76 13 646 134 428 887 754 735
686 181 234 205 211 498 271 846
516 327 595 606 559 580 489 442
292 166 157 646 333 966 266 371
228 978 22 49 724 787 59 474
113 431 776 89 564 640 773 242
928 888 645 539 339 203 13 46
358 833 43 2 509 685 961 548
197 271 601 47 797 935 194 817
163 605 585 315 640 373 96 74
914 597 880 760 985 599 363 229
869 403 503 459 741 259 770 836
86 196 217 297 493 882 447 384
890 682 170 445 458 873 751 866
510 677 913 199 887 877 722 531
247 70 236 739 95 91 727 886
449 268 144 789 710 972 368 196
414 208 223 191 519 480 709 842
931 646 80 908 140 862 782 215
309 70 912 860 997 101 717 584
703 362 14 991 535 652 752 765
639 257 707 101 184 947 402 774
592 909 814 414 968 771 108 668
156 343 833 728 786 437 66 411
152 361 697 495 841 178 837 242
591 876 701 261 682 959 928 262
96 709 626 127 833 468 206 566
509 198 213 457 978 535 120 930
474 657 944 459 324 469 759 909
492 132 13 165 732 938 1000 680
530 714 311 441 527 453 14 76
501 380 690 909 643 361 363 672
72 950 559 287 71 190 913 555
266 190 886 218 808 762 332 120
273 793 584 76 863 54 528 684
579 413 140 877 778 199 808 732
412 588 95 147 366 538 981 546
161 512 114 243 408 507 248 351
294 262 352 273 509 554 979 49
925 350 957 282 9 961 737 719
215 276 603 910 296 892 13 400
428 614 761 330 484 127 625 25
28 540 741 872 839 528 644 82
442 900 279 413 144 987 760 33
868 937 61 894 390 21 411 657
14 904 618 7 902 406 272 269
326 245 597 720 750 174 238 922
141 265 534 774 308 641 97 770
173 433 801 986 35 954 474 394
302 452 742 767 290 209 198 742
922 503 226 454 616 1 443 974
913 428 73 407 115 624 240 331
634 96 232 88 151 725 947 115
551 923 567 509 820 236 153 754
554 922 613 230 252 211 79 693
737 1000 867 793 856 13 910 505
468 394 762 927 585 503 188 6
52 960 799 779 689 615 589 285
569 259 648 88 801 792 942 360
255 122 832 939 415 273 933 936
14 212 441 483 45 391 614 166
568 185 468 739 802 879 504 759
265 472 996 321 663 466 0 157
460 548 467 821 404 259 524 279
185 830 411 165 296 558 141 83
484 161 263 529 545 777 132 602
563 438 753 581 278 216 868 411
726 754 562 283 610 839 250 661
763 34 842 1000 246 835 487 767
382 795 669 346 835 535 980 327
926 332 804 403 687 473 955 336
939 521 202 350 477 418 242 591
635 429 770 190 143 680 454 726
77 558 180 680 680 365 66 29
81 989 738 931 915 891 962 591
263 27 803 93 622 119 265 5
840 585 725 742 543 657 543 316
478 354 247 912 194 606 365 78
200 153 607 797 426 396 19 779
661 600 271 822 235 368 344 424
983 409 908 278 215 496 710 508
632 815 560 764 633 192 655 855
672 320 539 508 422 591 713 649
807 10 901 533 872 331 383 1000
961 293 637 265 833 747 837 91
926 412 741 9 342 599 637 319
174 328 818 877 595 353 650 883
131 593 283 422 110 59 422 716
749 91 269 817 92 742 840 693
505 800 643 210 311 992 761 69
915 807 99 565 855 301 555 83
72 988 271 31 286 680 63 953
360 631 55 657 434 731 198 437
928 650 618 918 978 749 431 552
432 358 842 33 361 699 235 804
558 392 983 43 619 856 498 74
901 931 740 430 777 476 348 204
58 785 201 480 783 383 303 100
120 887 906 161 294 893 661 450
350 726 852 832 377 85 351 935
387 459 623 997 200 836 918 653
812 567 806 850 138 39 592 442
205 19 751 521 24 346 958 346
19 30 995 172 685 585 206 902
949 941 945 620 811 509 350 667
286 23 815 538 830 230 209 323
1 356 249 510 806 825 335 79
330 629 501 673 178 973 823 440
868 899 56 418 994 591 778 121
166 463 126 620 616 252 277 732
366 149 633 248 768 966 947 904
638 386 152 229 100 923 261 721
105 160 116 146 793 881 252 100
900 19 414 337 821 842 949 575
738 533 386 86 965 144 890 161
359 866 390 625 731 93 325 45
407 110 698 898 75 720 554 711
396 392 762 403 481 444 412 671
594 963 555 271 896 734 70 792
283 505 712 889 319 562 411 283
277 416 441 990 478 230 911 928
995 30 802 141 596 931 833 852
147 579 136 762 653 437 509 805
530 365 768 60 852 173 47 141
956 426 445 651 788 220 871 572
284 999 488 434 534 127 57 610
718 772 899 765 190 162 491 754
152 728 53 873 404 980 203 154
955 896 408 166 655 546 510 94
179 292 244 753 41 431 605 642
619 660 650 701 796 239 538 403
701 73 897 247 98 995 580 428
455 363 123 562 623 388 255 181
215 944 255 864 360 814 177 845
503 27 324 603 840 877 8 152
939 341 546 767 346 651 732 581
299 815 57 971 82 43 274 118
181 42 486 1 201 553 897 889
706 403 95 68 789 26 229 525
291 227 138 9 562 665 472 512
3 218 485 596 712 554 273 622
23 251 173 525 656 808 242 702
145 90 635 108 516 451 42 1000
933 733 968 508 163 127 314 281
260 367 765 66 454 975 492 299
567 560 528 432 943 137 468 661
79 491 963 340 76 915 91 79
382 531 338 228 377 251 639 751
653 848 181 217 83 924 799 256
705 277 847 886 762 148 131 901
647 827 60 794 617 802 4 253
11 630 463 850 403 947 641 432
477 987 800 272 375 114 575 708
128 275 867 773 440 474 503 813
909 19 875 133 188 648 312 976
810 455 362 295 739 364 428 500
619 638 382 197 63 674 426 275
421 74 350 552 560 185 288 509
157 707 98 478 588 277 812 154
621 608 170 784 773 145 838 241
761 225 797 941 117 730 285 491
807 570 60 451 101 42 127 396
641 316 518 917 141 769 551 390
620 917 518 830 244 919 908 392
352 406 313 599 965 71 842 859
991 489 616 187 809 622 897 662
98 140 509 885 564 781 765 438
250 35 886 993 906 283 471 21
5 378 407 146 654 816 309 975
266 775 70 561 606 63 962 190
514 246 45 768 570 843 574 787
423 713 432 100 262 560 789 388
22 589 144 733 396 398 734 883
189 780 897 740 818 441 926 17
392 329 358 616 817 363 0 50
589 352 661 605 618 172 43 515
243 904 809 674 332 135 36 517
215 842 653 478 420 842 838 480
769 825 718 108 206 797 991 661
738 575 855 672 794 204 299 381
537 484 339 693 234 721 354 158
630 426 564 105 621 304 10 384
304 28 315 680 759 598 799 472
297 667 272 739 232 163 199 66
497 721 369 795 700 771 303 532
289 258 107 473 297 775 528 770
81 485 258 33 398 755 843 151
269 219 619 882 436 591 382 159
385 981 445 785 83 483 404 687
518 14 178 532 84 317 628 910
238 955 513 179 98 898 893 877
969 762 452 991 443 451 714 708
493 311 995 769 607 492 173 206
490 91 770 27 701 418 439 806
433 633 871 516 293 724 506 334
165 663 483 173 494 71 730 527
971 874 93 928 89 220 194 984
713 737 431 14 354 919 939 401
151 387 895 514 375 307 902 574
149 541 218 537 948 788 352 906
271 301 478 964 623 140 90 868
482 44 789 716 532 81 556 859
545 621 520 446 998 568 32 923
971 502 327 44 361 300 211 797
519 273 663 936 457 709 154 175
223 497 819 81 999 893 330 634
978 422 698 696 367 611 546 926
944 93 141 696 856 821 840 729
716 360 549 3 664 97 884 948
469 946 873 519 766 776 319 635
871 773 593 806 816 44 12 85
159 46 803 138 205 333 109 421
308 688 390 850 842 901 881 205
637 941 372 854 751 299 447 999
544 465 142 162 894 285 0 40
88 692 792 483 488 181 957 736
88 152 337 511 19 912 764 610
240 319 906 162 333 55 809 149
473 733 971 214 721 914 245 750
818 757 937 935 771 795 995 14
315 22 824 329 447 170 85 204
191 357 173 35 803 702 665 601
118 428 27 710 501 20 238 672
396 221 248 887 953 393 16 424
667 288 676 818 562 905 679 759
185 714 694 495 589 358 64 115
157 785 522 67 434 393 781 138
47 944 124 77 449 765 467 762
850 675 42 543 397 616 453 363
808 530 984 493 80 758 770 192
893 542 544 906 386 986 453 898
365 694 216 749 838 635 902 651
726 152 513 577 295 344 13 352
263 706 465 627 779 103 675 764
361 964 769 332 452 814 705 452
756 352 887 959 866 32 18 799
222 478 904 557 902 900 4 746
874 501 732 480 995 772 461 237
241 843 854 271 617 91 210 453
84 490 46 934 637 729 446 598
824 524 400 450 703 953 274 572
48 334 936 996 771 785 163 548
752 614 790 574 511 360 176 17
222 122 712 124 43 775 23 249
285 405 517 247 661 566 65 24
993 374 913 160 458 151 651 127
392 827 476 788 793 621 374 68
848 400 976 16 144 319 230 125
462 880 781 707 54 402 622 964
286 175 108 631 743 349 666 581
493 792 451 245 463 226 482 320
302 391 112 950 845 520 88 462
758 462 747 660 347 443 900 656
516 620 767 609 16 592 877 279
727 787 842 356 9 693 300 284
296 146 272 978 733 37 423 227
379 121 51 944 455 986 856 119
701 717 499 358 153 769 984 712
726 810 238 413 642 851 444 867
454 895 829 471 20 631 543 133
652 852 577 779 606 702 78 619
105 9 336 130 461 18 709 433
225 902 973 158 716 502 491 50
571 72 105 733 504 299 993 976
792 925 848 639 137 706 23 883
623 989 386 403 444 379 623 640
352 94 243 308 236 772 427 358
876 672 32 669 386 29 738 855
321 952 7 606 738 664 950 385
58 647 476 333 792 745 849 137
656 67 328 659 495 839 716 334
864 303 327 932 371 465 269 62
561 726 493 746 678 501 500 945
580 887 216 331 710 269 132 103
954 361 21 497 644 422 523 384
690 825 172 110 509 215 546 486
537 611 570 324 494 797 676 751
807 77 870 236 245 860 828 395
105 956 869 60 791 152 291 572
400 869 227 821 188 446 540 925
147 536 218 203 250 404 591 238
269 424 464 434 69 653 150 647
264 986 833 954 636 897 487 913
739 939 575 383 967 310 542 767
114 276 431 5 700 475 667 147
675 677 118 256 156 579 359 247
758 821 926 872 259 479 831 61
559 621 271 188 20 821 246 555
67 822 850 710 950 209 342 616
503 236 599 821 215 301 78 927
219 775 490 645 205 490 700 879
262 698 136 116 902 996 887 244
64 534 797 815 36 963 486 144
45 610 920 197 660 774 367 199
27 726 396 989 633 692 689 250
500 299 275 934 914 515 533 62
766 192 13 474 610 337 37 15
509 47 749 155 612 143 481 318
672 86 814 431 535 676 915 385
146 872 882 852 416 13 810 993
360 162 886 263 688 652 376 230
762 471 853 687 128 388 254 482
868 831 290 471 225 928 534 901
416 234 522 472 847 814 532 558
552 492 258 133 480 502 984 351
417 885 957 302 14 253 145 334
139 902 251 788 871 912 827 249
826 283 377 43 277 322 136 315
522 92 332 787 612 959 379 721
215 998 816 368 318 21 546 293
155 382 180 823 536 30 581 118
840 640 656 264 733 293 869 763
883 161 212 789 25 887 214 334
1000 414 898 589 362 551 708 301
283 924 745 136 814 30 735 343
803 52 478 873 437 501 224 218
570 456 62 646 767 650 759 124
134 402 328 149 363 497 481 426
723 626 205 911 266 172 424 423
401 822 152 561 705 952 923 343
877 515 73 369 214 774 801 756
145 30 453 245 232 593 894 768
798 443 303 903 142 88 301 570
375 152 292 687 827 681 992 56
902 88 831 148 863 189 3 539
977 12 247 295 527 53 712 889
137 556 140 819 498 375 967 894
217 66 758 249 848 350 340 601
452 640 265 572 13 913 811 375
104 966 220 717 822 545 616 231
36 48 488 264 756 759 747 523
456 62 495 437 59 617 613 254
801 969 86 390 99 695 636 879
627 887 929 420 990 981 511 691
961 158 476 12 445 770 157 241
556 483 854 902 416 896 984 413
117 856 342 379 703 935 76 341
286 855 737 788 815 734 520 528
174 8 225 189 770 225 234 512
221 77 186 804 683 715 987 332
621 234 88 202 493 579 121 257
570 704 200 929 138 635 916 858
375 85 761 332 589 422 362 731
148 286 374 725 238 460 734 977
153 443 362 999 767 422 145 757
660 876 670 879 400 405 208 416
265 490 627 87 332 810 590 493
512 311 88 674 158 579 246 274
179 809 988 14 954 658 514 934
564 444 355 570 488 76 147 982
966 295 579 116 963 356 174 687
62 801 852 567 907 78 87 736
735 164 314 108 126 538 404 738
113 748 279 690 866 56 392 380
980 342 166 55 907 884 829 676
90 521 80 150 265 132 408 461
928 222 268 762 523 815 606 700
73 260 877 682 895 436 97 897
586 667 135 366 543 238 691 263
981 467 482 53 301 851 375 913
824 765 577 517 580 92 726 940
706 351 747 198 216 294 133 522
636 548 874 529 216 599 66 11
594 902 176 684 215 838 18 326
351 107 919 926 491 449 145 30
753 874 374 971 165 768 823 176
782 160 381 1 483 5 284 358
976 102 118 781 939 348 686 265
193 973 922 454 57 346 243 358
211 897 146 591 777 554 361 682
839 275 740 507 844 927 894 451
719 460 429 69 689 789 961 299
861 481 517 606 205 603 365 680
462 265 528 728 864 761 659 951
377 635 792 412 627 80 427 662
166 97 560 8 462 364 867 36
414 339 450 396 428 495 443 3
612 411 684 959 334 823 437 892
731 641 370 42 427 238 100 122
666 753 666 450 266 545 36 145
832 814 857 660 170 613 968 795
322 821 735 720 145 813 901 580
979 533 116 503 501 344 859 943
631 107 779 425 286 94 612 342
509 832 260 495 788 699 438 869
125 812 695 823 249 984 150 872
856 221 755 918 786 118 206 721
886 302 223 545 885 232 706 698
623 371 200 1 981 466 642 170
522 505 634 520 243 110 974 937
7 475 106 914 374 667 142 64
269 942 84 30 780 478 227 698
808 529 936 408 181 295 534 577
598 556 221 488 181 885 347 973
714 159 389 756 257 137 756 336
787 122 484 551 253 807 674 57
662 202 551 453 516 326 622 489
974 761 497 355 94 234 616 4
833 773 751 310 65 59 11 686
572 634 369 487 503 504 886 8
208 984 480 134 352 883 454 442
957 364 813 892 903 492 188 691
118 217 849 592 613 621 941 553
19 703 808 184 959 704 545 607
897 644 79 519 417 678 209 373
321 359 562 803 223 830 31 126
910 181 217 121 332 442 254 967
411 533 573 546 308 776 471 48
149 807 480 268 337 956 451 938
110 907 334 266 51 313 563 122
900 365 648 438 935 613 778 199
591 169 327 611 359 49 82 106
403 272 808 739 102 865 716 601
26 293 41 788 993 941 702 320
412 246 884 123 801 138 978 477
700 722 420 571 8 492 428 242
723 380 698 413 77 240 652 429
948 797 919 330 404 965 982 521
16 351 96 653 443 760 170 609
952 510 11 91 819 382 146 883
668 420 931 304 538 96 718 746
630 865 129 227 328 182 7 464
566 989 563 459 193 683 454 962
492 230 615 585 287 534 522 962
596 184 171 284 992 214 349 313
974 810 83 918 803 225 198 522
529 757 638 113 308 865 787 610
903 353 522 340 99 322 118 314
322 435 577 638 777 678 740 638
664 671 81 198 959 46 336 572
871 683 147 245 686 200 138 654
380 334 159 154 327 768 145 736
78 603 970 864 442 463 895 337
843 70 636 816 781 304 865 489
623 388 20 618 441 770 969 358
437 991 172 473 329 664 42 64
193 889 550 578 307 571 589 134
699 520 47 235 68 488 310 229
417 539 579 797 686 336 211 793
851 607 228 187 749 780 209 340
864 996 55 12 256 527 24 845
618 8 55 365 284 156 385 325
335 161 168 685 540 909 870 612
498 642 152 912 639 120 767 85
987 620 865 174 865 592 404 887
659 32 358 525 295 314 966 137
430 182 108 998 944 577 777 68
93 94 437 59 761 472 33 208
302 464 293 299 587 604 0 581
879 47 888 82 502 682 47 459
247 537 586 769 166 840 827 36
326 33 919 928 140 644 944 116
143 794 22 558 980 411 330 212
725 641 138 523 877 323 787 26
628 24 340 212 217 915 913 961
835 475 935 857 622 28 22 583
199 531 501 447 281 788 333 72
922 785 22 175 544 216 1 528
139 64 713 497 364 81 990 946
536 476 463 189 256 345 519 980
173 941 54 185 69 249 502 983
534 171 238 376 60 196 976 394
733 886 412 954 556 666 658 310
538 686 442 319 582 470 952 709
623 225 291 295 713 553 93 484
389 238 878 256 130 126 143 254
916 204 455 625 503 504 795 101
168 963 649 795 820 430 42 818
287 988 939 512 512 971 364 957
167 833 749 775 250 443 925 610
358 639 799 851 356 835 250 922
351 11 948 837 937 615 284 697
859 724 264 657 943 566 592 244
667 670 84 258 498 416 722 429
242 430 249 304 174 805 203 159
241 468 227 126 900 185 722 563
850 574 325 873 113 207 637 520
58 684 596 39 64 761 868 421
704 72 851 557 166 246 170 707
70 530 354 164 265 259 888 589
870 733 846 893 392 178 989 500
484 471 115 373 988 170 775 949
674 121 344 509 561 123 618 80
926 532 88 130 13 387 196 53
707 988 604 835 256 663 328 3
377 51 576 335 206 208 129 22
851 885 841 300 52 55 139 875
93 915 920 315 721 620 922 377
681 669 337 844 692 958 950 910
572 428 129 438 271 819 23 445
664 192 762 675 616 986 471 680
921 675 118 15 928 539 384 876
525 968 992 829 522 173 283 448
261 834 172 456 720 85 104 666
245 351 893 780 981 437 565 288
82 739 444 54 906 97 344 191
971 404 905 414 176 845 345 771
712 423 242 629 868 71 790 444
781 493 335 280 562 771 588 734
319 632 578 893 680 633 433 851
961 864 912 135 222 847 663 954
692 865 25 608 334 981 282 361
57 918 193 436 885 803 315 373
485 619 273 928 999 97 552 583
109 55 327 474 713 943 286 243
80 783 903 432 959 696 466 104
164 113 559 723 356 103 491 207
939 469 222 488 455 829 895 638
311 738 394 578 475 967 460 897
602 1000 73 986 214 184 996 395
300 540 260 259 392 193 849 925
716 426 918 52 277 97 499 7
293 389 850 403 181 865 187 706
418 32 40 265 60 744 39 538
1000 994 157 418 714 389 600 985
255 826 463 709 174 63 232 258
180 420 44 201 778 319 309 234
739 254 440 394 468 293 338 823
997 554 351 212 395 161 68 657
231 428 916 11 759 984 579 237
437 263 485 370 20 683 207 467
813 12 481 348 688 456 331 467
524 602 600 56 415 242 69 465
907 747 504 723 46 435 786 230
388 830 887 681 546 142 308 861
593 255 989 570 950 370 793 843
618 692 907 274 255 785 976 345
854 1 117 469 626 282 929 247
410 211 734 740 946 315 287 785
497 698 459 513 229 327 836 293
412 547 255 882 210 412 124 730
688 315 39 191 268 444 196 748
320 442 533 59 563 580 150 603
483 965 496 745 164 485 822 260
459 717 494 245 982 256 383 522
866 933 502 107 101 895 375 459
741 930 478 247 149 547 9 730
949 582 520 743 975 99 51 776
230 22 97 543 730 587 584 770
45 424 441 936 581 955 50 347
405 702 707 507 622 454 247 569
989 897 625 114 851 144 34 939
962 843 890 974 821 299 836 665
192 435 734 995 154 317 322 861
764 913 933 444 65 680 981 724
541 430 383 247 170 640 21 173
283 263 805 300 982 316 932 32
883 835 926 174 832 506 289 482
423 640 424 843 536 99 190 474
24 202 865 108 240 184 550 888
377 622 292 275 605 752 915 676
689 871 981 5 242 726 239 406
945 320 976 313 984 995 771 95
474 124 859 555 777 73 804 886
505 839 115 410 544 357 382 962
387 178 69 996 828 819 616 777
960 17 17 32 674 401 129 74
970 250 866 297 383 197 956 419
668 696 493 608 848 435 257 947
149 412 903 233 863 190 797 510
484 478 732 729 503 466 290 710
297 20 855 898 308 504 904 0
462 639 622 590 909 769 13 955
290 659 970 783 709 693 376 215
362 33 432 24 261 532 683 99
811 503 441 615 650 705 429 5
988 354 384 531 638 247 871 135
401 811 41 290 32 721 138 128
171 514 288 915 186 808 569 990
106 150 82 205 133 928 437 103
947 623 376 225 705 324 749 885
884 220 661 102 875 769 806 554
331 972 742 567 43 951 784 525
589 82 887 311 124 306 221 784
994 170 437 953 154 994 999 779
112 386 874 715 749 403 915 96
574 903 12 49 651 595 697 17
64 714 910 652 50 848 566 425
442 489 639 799 2 7 964 165
111 829 649 179 196 517 467 555
285 855 294 570 436 748 932 57
92 867 976 44 951 548 719 717
680 29 624 63 827 486 921 959
802 205 155 55 6 623 931 590
995 221 795 473 967 948 189 618
292 450 765 997 461 167 38 864
712 789 257 352 35 592 56 260
510 702 257 855 102 36 358 991
646 263 265 903 123 511 135 902
691 430 273 668 716 279 967 788
53 130 646 371 93 2 912 93
715 3 964 537 309 553 84 671
555 935 317 512 196 417 522 457
738 71 374 200 536 326 802 512
822 205 714 865 486 417 678 425
499 792 746 650 427 366 482 988
645 480 612 203 457 251 265 160
53 698 331 672 176 411 268 755
591 441 947 703 526 909 13 539
231 858 568 812 547 607 829 471
58 429 394 557 610 978 783 325
302 431 984 959 341 199 852 23
220 548 560 708 715 374 563 927
435 517 558 396 230 396 241 936
174 830 340 496 549 908 239 64
406 519 619 99 662 409 666 792
216 303 936 362 389 481 539 464
322 616 676 254 275 353 878 716
81 997 886 138 123 137 831 968
679 359 617 321 405 813 327 448
275 402 103 564 535 300 773 786
128 710 769 574 149 103 992 510
881 209 353 710 677 195 981 432
631 152 910 217 880 715 772 295
311 419 648 128 986 838 71 587
190 978 176 363 146 340 499 184
310 879 357 463 313 161 26 33
705 654 878 580 702 277 940 196
391 988 425 960 104 171 881 625
211 463 906 463 866 876 682 339
614 392 898 581 935 750 972 471
153 197 1000 15 999 375 806 253
822 523 113 61 870 837 248 551
600 738 972 958 159 636 190 815
138 299 825 424 802 133 36 572
396 60 875 682 883 240 492 514
455 162 128 333 163 851 506 903
931 95 86 10 671 366 472 747
474 458 215 172 114 122 741 968
334 666 867 281 943 129 391 399
713 556 842 275 983 363 41 899
733 917 659 385 543 597 164 383
891 533 87 885 43 444 884 799
871 396 326 481 889 327 79 110
896 468 687 43 956 351 940 57
370 416 165 751 828 330 748 612
273 35 148 659 730 751 767 148
1000 229 455 896 742 260 618 197
759 883 259 681 735 321 4 879
491 571 788 698 603 48 925 110
156 824 859 782 845 773 839 488
90 143 357 800 332 754 607 609
902 100 584 265 834 961 959 507
205 901 667 526 510 705 175 518
20 841 439 218 933 185 25 362
908 492 86 378 619 821 469 419
225 747 555 201 551 542 649 470
488 712 47 651 322 600 418 88
21 335 288 161 772 831 38 829
30 611 126 368 565 414 93 517
311 508 12 461 576 297 910 380
126 486 738 62 371 927 125 92
822 331 860 643 549 351 814 590
792 14 403 441 299 585 679 86
466 538 169 7 858 572 948 546
272 799 906 669 661 477 403 652
301 659 605 344 250 358 304 698
101 202 937 697 134 40 195 88
86 491 610 275 214 422 262 911
73 659 198 190 164 455 1000 360
395 841 58 923 130 118 204 258
640 355 146 294 593 540 976 839
224 420 725 223 440 721 172 957
114 577 202 56 989 644 975 473
593 246 499 529 875 509 452 441
589 998 963 704 26 22 55 832
266 828 190 156 820 536 940 260
669 406 315 991 156 9 238 196
27 74 867 209 506 222 524 1
500 108 450 920 276 613 665 731
701 838 524 126 392 478 214 756
70 421 886 889 918 747 300 343
364 785 115 565 846 230 969 101
193 548 306 94 67 524 631 93
282 776 841 836 820 893 563 396
311 393 836 121 566 437 369 754
247 158 361 152 843 484 178 58
664 879 465 117 167 476 597 963
849 961 72 462 821 855 915 477
166 397 273 871 924 346 706 308
221 145 733 20 391 455 802 753
513 886 607 492 709 167 761 642
39 63 364 17 49 540 454 895
309 857 560 767 275 496 829 913
42 874 869 240 675 996 734 756
471 660 65 265 827 115 296 978
905 763 554 294 514 359 244 236
426 601 513 521 814 150 256 231
836 305 415 347 102 83 467 311
145 254 602 199 79 46 830 223
513 158 868 827 603 973 994 264
784 12 257 422 479 671 910 527
197 58 574 577 262 272 412 23
289 330 14 370 901 721 34 684
621 764 740 561 735 120 467 810
11 749 233 793 805 424 945 692
246 6 172 742 167 642 657 593
176 356 359 446 254 974 432 111
731 942 495 272 772 537 309 448
504 601 588 318 436 729 297 904
798 609 280 927 948 483 87 1
871 467 750 342 795 18 9 459
558 1000 638 348 183 757 892 341
170 3 302 146 466 202 954 414
138 489 350 767 262 626 550 532
775 54 592 385 525 704 305 468
432 878 719 1000 109 568 687 567
946 176 32 2 975 860 121 977
14 326 908 918 736 480 589 938
808 404 425 837 229 319 37 135
763 425 834 319 415 956 602 778
884 973 946 187 607 797 65 275
907 287 772 996 416 858 683 562
366 529 498 477 816 387 200 862
220 251 543 412 836 577 705 87
942 836 52 287 558 774 995 171
665 391 396 972 755 548 879 495
546 733 297 458 372 88 851 437
714 621 892 822 813 572 970 113
44 637 837 584 917 963 177 932
503 376 224 855 51 734 260 570
816 798 341 473 859 769 274 675
248 489 398 180 667 281 656 71
296 177 321 926 5 596 565 978
181 158 81 335 865 26 101 285
992 19 507 776 882 88 33 222
373 819 300 118 563 455 903 28
103 235 769 84 924 344 225 720
41 915 274 392 471 947 291 686
61 72 489 386 67 93 578 340
616 734 678 766 84 280 789 863
800 775 662 274 816 919 468 884
667 160 469 513 34 725 347 359
934 710 93 228 586 5 498 185
848 864 548 979 880 687 807 709
516 874 965 544 426 830 511 556
299 8 744 657 127 379 895 334
289 2 471 423 404 263 413 533
113 698 236 436 346 508 853 895
382 412 622 269 550 340 314 713
109 411 283 352 938 807 181 681
713 933 506 349 953 869 771 463
415 19 631 374 836 910 171 182
703 893 492 460 918 719 162 484
595 152 299 970 699 808 163 523
609 234 665 38 47 252 761 194
232 178 30 841 95 458 523 753
541 724 543 388 93 76 25 888
833 455 439 895 932 207 24 278
105 843 750 288 874 488 362 524
944 55 33 808 448 865 605 970
810 178 401 441 502 268 821 780
259 802 852 969 72 480 486 205
169 21 971 146 25 810 183 806
150 895 94 25 973 263 173 558
415 30 129 726 69 665 522 760
113 396 737 493 925 733 803 381
250 142 497 932 188 229 391 502
103 621 835 979 29 20 500 829
978 883 98 63 98 122 460 907
662 572 670 633 895 676 738 627
505 777 534 794 226 521 156 635
134 852 885 966 523 207 6 138
973 199 25 272 414 382 405 421
227 884 29 702 243 409 902 399
418 440 298 682 257 755 432 104
131 569 386 64 381 514 333 551
647 118 467 564 105 982 596 605
884 399 421 569 300 63 695 831
785 995 677 727 833 622 164 472
970 329 642 225 118 605 919 703
741 791 300 918 497 745 138 573
595 382 145 247 263 321 686 955
535 494 762 358 588 426 65 145
575 213 256 190 365 792 820 371
588 839 644 483 398 261 314 443
692 128 520 630 871 58 609 894
467 524 906 5 424 702 505 889
475 651 858 397 359 980 980 815
115 949 671 262 615 492 315 5
768 813 164 541 72 269 519 549
275 944 468 130 560 472 357 310
222 469 220 214 62 163 348 855
311 289 189 222 342 863 82 107
885 521 189 190 423 496 269 986
734 940 275 395 80 796 135 46
389 712 546 622 266 151 651 691
774 507 114 30 734 595 608 434
113 133 204 170 570 25 91 791
940 190 780 133 201 359 383 45
291 666 896 537 342 643 794 495
350 476 74 752 914 123 219 777
262 975 18 242 494 204 47 551
865 488 960 302 983 268 994 468
457 292 605 517 281 76 447 23
498 170 614 418 860 730 339 513
849 318 209 985 287 112 152 685
435 514 131 972 471 904 607 905
995 824 648 474 120 599 186 652
23 956 530 204 833 899 213 419
714 688 772 73 472 657 12 735
19 592 263 471 990 104 924 581
518 765 360 782 927 922 30 543
788 987 895 349 141 22 154 104
207 177 654 95 584 609 587 996
895 392 793 770 609 28 413 514
509 672 640 300 625 632 401 853
456 174 583 666 840 605 943 464
345 299 392 698 666 727 144 20
148 847 194 153 719 224 805 70
790 300 291 179 137 706 781 523
362 221 124 181 216 184 111 349
307 195 302 121 776 425 696 190
169 280 524 567 765 692 294 92
207 170 672 440 867 975 392 196
184 626 870 531 874 594 645 613
794 384 703 871 915 690 686 317
503 769 726 95 639 630 665 739
259 840 148 327 275 526 439 365
729 801 291 668 583 589 359 670
48 234 948 167 226 895 35 658
750 499 803 550 798 1 799 576
665 740 688 278 617 989 838 273
218 169 325 780 218 11 736 60
225 889 378 216 957 99 526 523
511 589 226 594 857 186 801 585
282 742 405 282 176 834 301 647
156 733 534 177 400 726 680 949
482 273 890 95 139 927 924 726
277 761 430 145 716 448 620 679
468 469 424 943 405 421 673 1
293 612 402 787 824 648 377 165
702 895 741 781 602 392 663 69
18 532 318 732 502 804 509 414
75 303 740 178 17 899 402 5
708 486 568 340 803 742 836 532
924 112 782 777 321 367 956 786
13 5 588 474 429 88 679 886
547 637 11 492 167 418 171 636
755 451 54 683 213 486 142 106
668 532 822 459 594 176 169 386
4 482 277 868 257 129 472 120
900 200 380 807 349 541 842 324
945 883 120 467 976 50 854 778
719 6 600 640 284 859 166 911
353 931 338 443 628 789 642 451
813 733 245 331 26 366 925 975
279 149 844 188 584 283 859 135
457 484 971 315 338 737 81 72
187 778 976 94 995 835 637 865
365 700 163 879 553 850 185 693
771 131 962 965 77 725 534 111
482 161 783 231 571 997 293 747
857 692 382 660 711 982 91 656
973 944 713 206 383 849 438 138
809 920 131 46 810 253 942 361
193 257 599 497 33 344 702 986
871 277 796 298 554 490 971 880
276 485 874 197 458 266 525 453
840 861 77 684 397 766 236 482
544 818 925 165 814 411 617 746
3 235 547 134 769 912 554 142
564 470 629 241 464 887 952 344
950 615 802 186 567 394 715 67
254 69 416 610 967 471 947 348
621 377 711 509 172 152 147 358
827 292 68 677 294 808 401 865
438 829 440 692 125 317 356 320
76 962 843 503 310 921 754 87
957 254 938 940 642 491 756 918
861 81 393 308 721 984 708 215
193 30 62 659 122 516 809 45
368 816 308 419 438 222 590 720
6 616 307 306 373 523 621 600
449 291 768 375 60 108 408 478
984 614 788 608 239 326 484 982
81 117 115 951 870 8 700 838
905 126 488 834 697 612 456 2
146 892 395 880 878 192 333 892
640 400 916 766 869 410 349 751
665 562 355 338 0 851 345 946
305 676 893 358 911 190 982 10
784 149 251 844 59 841 925 221
955 489 978 789 609 139 137 139
650 712 458 492 369 986 804 937
539 972 124 951 533 89 842 865
947 834 962 970 668 392 83 854
607 976 419 11 90 612 322 705
266 326 141 194 492 273 461 820
279 588 607 562 169 321 426 96
481 130 706 299 845 793 445 899
415 387 945 112 212 315 619 699
494 524 527 35 942 825 784 629
28 471 983 128 349 59 492 789
898 634 886 130 328 935 557 96
806 840 20 410 176 414 130 592
716 498 555 367 439 530 4 529
514 693 642 997 824 870 889 817
983 495 691 942 171 343 463 317
554 11 863 463 472 17 577 745
452 27 970 331 868 423 795 92
778 798 549 685 280 69 495 202
941 449 814 981 891 869 797 68
900 6 12 453 454 258 365 815
1000 403 227 631 760 402 476 56
704 142 136 972 789 213 615 452
520 728 848 387 423 249 571 485
111 758 180 221 654 42 18 438
835 877 429 898 823 818 876 669
830 440 253 608 605 486 134 416
411 138 132 345 394 449 338 248
524 954 324 12 839 411 126 106
991 816 562 232 399 931 440 854
949 530 358 924 626 96 999 253
486 455 64 309 357 549 896 461
635 922 780 925 25 386 108 168
291 820 174 452 539 266 670 827
726 53 539 520 581 261 230 256
884 16 888 519 878 721 718 477
229 300 215 95 297 855 756 122
248 180 719 662 398 62 747 923
694 686 146 512 748 898 673 775
824 44 796 576 592 149 388 1
542 397 467 18 781 901 563 264
314 224 716 39 258 816 402 437
1 73 296 134 226 90 613 924
912 394 249 988 743 201 273 997
184 733 806 510 509 72 78 600
22 475 630 452 740 447 754 469
53 539 618 510 555 778 469 243
37 687 618 767 477 463 554 178
787 278 74 243 888 840 30 314
67 980 598 986 775 206 729 963
573 764 669 979 363 172 592 275
547 714 269 87 378 305 701 343
470 941 828 647 108 873 152 456
547 344 157 58 331 887 89 172
85 629 774 791 67 952 925 363
219 877 520 2 888 676 939 812
308 767 809 172 205 37 466 613
222 35 557 274 158 119 562 672
713 892 537 568 836 943 384 327
202 379 774 64 17 1000 26 748
342 315 942 226 901 331 693 146
435 150 693 483 820 797 206 22
664 550 106 195 996 514 224 982
655 309 89 295 530 963 50 147
766 173 418 697 634 99 592 111
580 250 498 12 790 241 429 175
303 169 767 253 529 967 820 499
846 476 650 346 606 292 297 216
312 393 216 584 495 644 180 318
151 776 899 464 620 486 705 120
590 890 473 913 687 562 911 212
427 350 578 456 613 199 23 315
231 102 566 76 143 2 186 171
266 872 707 847 644 58 253 305
263 241 29 105 246 234 84 139
74 240 1 646 319 618 974 502
740 8 203 947 621 925 74 694
328 791 728 955 286 744 619 261
535 981 373 673 352 201 779 942
915 662 575 90 686 196 436 1
461 972 240 811 777 920 229 850
812 208 24 450 55 880 951 105
990 602 681 375 226 976 258 827
320 616 631 179 165 14 152 938
550 836 212 425 118 61 623 269
180 644 298 59 758 672 446 164
283 699 145 189 641 27 507 615
380 633 970 684 436 16 320 72
70 577 763 517 964 758 321 192
16 731 221 757 939 168 509 334
286 958 884 236 407 572 573 237
668 959 341 188 834 492 801 655
390 819 412 587 326 328 459 616
116 242 420 470 443 817 387 299
667 557 476 595 480 309 651 357
600 354 322 399 638 229 706 170
322 851 77 469 292 891 228 900
267 969 692 426 510 384 862 66
91 449 179 600 366 58 219 437
561 200 56 701 898 809 187 182
573 25 173 227 992 132 113 283
887 382 602 677 57 722 217 564
133 761 83 924 500 417 179 77
196 414 281 22 432 655 55 593
455 455 666 526 913 353 995 922
822 280 981 780 633 382 218 978
420 749 517 741 284 143 231 631
789 512 830 762 409 509 663 42
606 272 998 370 256 554 725 71
834 42 420 950 304 943 76 931
637 43 605 307 661 118 688 731
643 565 30 600 46 723 293 280
600 385 979 839 387 57 149 759
788 171 879 310 546 326 841 223
405 536 252 649 358 451 385 416
266 210 417 986 559 194 380 74
56 30 308 781 905 520 678 700
741 3 941 556 100 3 725 268
907 183 130 395 399 224 846 753
655 612 466 244 980 616 889 560
818 44 20 977 298 63 13 286
514 167 974 139 981 532 45 263
950 619 587 798 158 85 154 610
700 666 165 561 763 943 244 830
771 255 327 776 980 807 553 811
574 102 562 467 479 868 881 26
366 973 523 420 39 125 528 835
674 477 595 275 570 838 610 873
644 262 707 641 562 510 39 452
476 191 129 949 939 745 489 970
109 398 586 410 193 243 35 742
185 550 983 627 942 760 638 322
101 964 158 650 611 574 602 271
803 637 70 44 744 329 141 621
90 883 27 969 652 251 685 361
186 582 736 870 801 91 703 446
775 234 502 194 416 76 888 642
146 499 227 29 203 124 360 228
168 997 704 981 402 143 968 805
514 483 521 611 101 836 469 410
656 792 557 521 999 828 562 350
657 106 0 947 304 496 264 871
784 442 15 691 416 911 705 27
13 871 600 134 941 575 441 463
150 915 631 303 833 847 759 512
896 905 465 593 488 894 762 306
688 377 295 119 791 631 279 944
19 336 138 679 500 369 254 639
361 118 785 974 650 868 674 181
495 669 207 905 508 332 736 62
31 514 240 111 842 883 784 115
450 926 166 268 577 42 16 471
213 722 297 568 16 93 559 473
942 765 203 657 150 779 227 542
313 57 772 763 496 434 877 730
577 586 155 242 314 126 121 153
887 116 681 505 91 173 572 217
234 358 96 312 654 263 397 229
581 746 855 930 249 841 308 651
267 452 351 69 701 497 115 111
285 414 61 439 364 368 25 819
627 499 730 145 930 193 233 599
433 582 532 102 370 184 16 384
849 402 328 741 651 32 761 375
553 194 521 609 253 962 346 374
910 47 926 451 321 704 937 163
367 857 38 473 186 183 229 190
634 264 662 174 629 904 850 145
684 169 458 454 582 292 959 507
764 533 757 667 273 409 997 286
188 475 125 805 895 776 894 659
152 942 965 923 811 875 464 564
628 74 717 276 89 178 886 32
837 547 60 141 943 648 633 26
625 103 909 974 10 104 349 690
491 250 19 496 981 651 738 135
987 295 436 378 754 395 786 13
637 585 7 92 155 538 999 764
508 410 667 780 333 585 195 944
882 456 355 240 7 408 250 270
304 434 565 219 779 43 226 256
911 597 669 154 876 811 644 849
963 33 736 98 790 497 298 678
665 974 961 148 688 139 380 535
562 375 794 433 222 347 616 240
34 708 963 789 152 361 360 625
907 488 137 677 433 911 479 794
354 350 41 191 607 183 863 300
849 863 936 498 143 702 651 231
268 94 955 128 359 513 728 358
808 479 852 771 273 127 541 585
904 936 663 72 488 936 582 322
69 162 833 286 173 816 714 460
523 352 696 894 862 53 898 392
302 828 136 108 257 179 222 754
86 149 463 505 229 71 612 503
182 500 845 287 195 256 900 841
510 699 426 477 145 681 676 583
136 304 240 816 756 890 468 424
463 765 5 437 163 5 126 564
22 582 626 524 936 719 866 110
513 212 897 222 818 810 760 412
416 168 897 654 375 648 856 458
80 380 368 800 411 778 85 157
60 914 650 839 212 600 822 115
351 617 132 499 908 231 956 446
647 418 294 216 639 223 5 52
618 296 302 227 486 571 828 189
155 601 348 370 4 428 648 28
865 308 247 764 612 868 873 106
686 350 760 682 439 873 30 770
402 402 259 259 281 46 924 724
713 590 813 862 882 928 998 21
799 371 96 640 303 542 316 917
87 657 549 972 113 425 873 700
287 359 847 823 844 604 428 187
29 877 401 226 175 544 294 520
962 606 421 195 848 641 234 436
237 929 68 241 916 476 909 32
731 322 196 278 264 328 86 756
653 826 895 264 340 873 296 630
319 747 990 839 424 555 286 474
404 143 692 98 666 923 676 754
944 603 153 192 799 768 452 27
948 642 210 18 463 784 669 161
329 945 22 176 222 118 625 52
245 481 614 256 333 552 412 324
118 181 657 546 278 246 956 812
986 885 337 268 286 959 939 989
708 263 508 245 887 522 948 289
585 652 303 699 650 282 882 456
319 376 545 603 589 224 223 829
956 155 328 960 780 530 189 652
912 699 456 933 115 121 604 685
387 898 107 913 479 75 157 225
962 22 940 885 804 881 80 894
197 774 891 206 880 931 558 921
361 903 533 529 732 174 812 160
405 467 152 14 674 768 977 484
208 467 772 143 601 988 616 234
688 437 520 110 57 477 501 526
200 847 631 625 164 478 757 816
327 668 242 670 434 860 87 762
645 239 592 480 481 335 212 754
565 467 226 140 944 195 12 415
994 259 895 677 228 73 881 930
276 854 704 834 967 534 937 271
164 116 951 119 974 517 742 72
527 608 977 852 871 284 887 601
651 28 67 460 304 741 405 184
524 248 919 598 210 484 397 152
616 506 722 290 725 149 214 598
815 943 185 946 725 885 781 450
391 706 953 781 408 74 209 928
289 303 777 359 533 405 809 769
548 174 127 908 185 182 230 756
432 422 96 61 533 397 205 836
750 882 476 691 865 246 321 881
772 771 12 254 219 538 660 861
533 787 913 678 815 21 992 892
715 759 722 601 508 62 297 109
608 318 613 10 391 29 188 367
516 388 948 939 417 800 674 13
107 403 939 739 597 781 255 974
617 247 573 866 936 955 744 807
738 887 284 752 286 165 395 799
600 514 454 528 734 423 459 515
710 900 292 268 324 847 88 742
580 365 995 385 379 533 794 980
608 666 310 528 828 400 636 727
739 17 192 675 42 477 459 67
676 569 669 105 886 537 360 446
958 660 492 299 362 618 429 196
927 911 745 190 119 478 970 151
771 830 183 55 483 832 51 351
228 362 465 554 23 169 432 1
948 766 88 521 451 901 71 549
730 226 802 730 172 241 569 403
839 748 341 872 1 261 522 898
283 988 284 470 72 945 411 616
0 640 723 891 66 531 170 266
784 633 313 588 498 89 783 527
184 565 137 301 136 534 406 395
877 213 476 938 47 45 682 260
192 443 208 105 275 242 6 51
698 767 866 371 999 405 725 902
725 476 99 834 91 50 6 758
922 937 149 437 667 379 460 597
38 325 384 941 256 409 980 417
490 712 225 597 447 28 967 874
844 966 961 211 256 839 998 970
652 339 176 620 172 870 176 313
368 670 931 267 952 732 592 274
542 700 109 13 736 410 145 771
508 384 64 611 228 541 151 529
758 330 652 271 731 656 702 328
882 512 109 921 237 21 780 928
736 441 476 17 948 225 839 585
441 277 231 105 1000 844 858 644
330 221 848 483 800 821 385 686
497 400 436 871 324 837 822 642
116 787 114 109 592 467 438 708
282 913 824 770 502 612 551 521
87 286 730 832 598 227 503 566
905 260 479 205 969 293 913 110
562 298 463 239 691 915 99 58
735 21 87 592 481 217 846 534
82 807 248 106 685 512 979 234
583 246 294 540 521 686 768 447
466 567 578 245 390 514 989 633
869 842 485 755 899 95 870 325
926 128 981 668 697 645 317 447
493 536 386 779 342 845 375 133
557 511 75 851 521 871 68 10
450 695 437 953 20 761 773 788
361 417 157 551 350 225 129 43
261 376 755 934 787 177 784 534
929 613 566 724 413 390 326 3
211 676 231 480 356 443 68 978
659 129 550 149 825 733 209 136
357 407 450 149 254 698 577 506
906 251 918 684 108 854 269 632
879 319 931 615 201 965 129 586
479 438 749 453 353 132 968 855
152 370 902 184 340 460 719 37
308 184 294 994 956 223 525 996
983 370 331 10 417 230 720 240
604 229 248 597 959 764 71 90
779 444 492 497 74 378 150 149
232 90 698 792 305 923 883 316
322 224 789 268 132 722 448 846
34 979 413 873 557 575 576 32
854 531 599 430 987 744 588 954
307 402 949 653 302 346 82 140
585 598 632 238 567 291 31 529
232 84 959 348 127 314 1 785
333 863 560 787 885 744 108 785
59 341 46 214 995 71 990 925
285 593 171 575 2 752 511 115
383 785 44 181 707 600 642 632
172 85 576 513 911 492 516 778
927 957 745 823 385 487 32 517
132 347 103 402 88 728 218 941
677 144 518 251 302 151 303 367
653 349 225 456 774 950 289 274
290 855 875 230 507 684 216 603
817 907 372 151 123 542 424 262
787 759 183 258 818 958 69 195
603 628 149 387 976 53 242 645
687 448 270 15 353 361 646 132
507 241 79 974 634 232 252 672
939 508 321 837 84 288 47 88
91 531 395 391 479 406 982 802
808 800 56 717 287 647 389 287
77 641 856 298 554 842 242 475
410 152 270 201 381 429 959 488
771 504 280 971 652 8 714 125
721 645 971 184 48 940 884 48
742 975 460 914 307 351 116 85
79 689 667 484 437 164 633 646
71 263 747 704 804 104 56 761
975 630 587 288 885 384 144 901
911 854 37 395 42 830 10 455
327 195 830 269 602 322 878 837
668 338 361 121 638 902 158 171
204 94 798 296 910 988 904 829
878 761 216 693 749 61 650 851
323 485 882 84 687 13 354 611
704 997 497 258 666 983 33 856
924 938 572 486 237 604 758 434
688 439 296 380 56 892 654 410
358 880 844 396 566 153 723 183
103 779 810 493 732 255 391 711
357 902 437 50 189 666 535 126
351 364 757 335 775 664 610 696
114 176 889 485 76 948 331 147
424 53 903 298 721 501 873 378
232 784 396 487 512 380 611 308
103 694 531 623 757 248 173 215
836 673 595 928 679 628 464 160
927 957 16 734 478 68 815 450
551 233 458 928 831 954 308 599
254 704 207 392 55 515 182 455
873 542 834 73 579 167 711 697
929 49 749 718 75 767 133 270
871 638 580 748 870 608 16 769
116 738 35 97 642 358 840 538
244 144 817 269 144 158 819 997
503 977 481 892 339 742 753 5
141 723 250 619 624 126 684 174
647 139 952 646 613 746 401 210
659 583 66 116 779 426 594 93
94 62 449 346 274 882 452 798
79 117 90 409 391 857 354 378
670 350 818 284 794 360 855 834
483 671 993 39 99 301 180 1000
327 829 102 230 681 185 577 985
753 320 210 51 449 714 47 100
519 873 7 118 197 959 145 943
313 141 294 197 1 72 988 651
399 952 436 94 479 781 429 957
212 615 144 250 563 53 544 492
159 234 479 242 690 524 811 20
824 850 87 12 267 274 49 582
27 870 600 281 119 763 197 152
620 259 419 504 116 825 435 667
513 190 922 748 229 497 936 375
366 802 924 984 46 62 823 301
548 281 901 386 444 560 12 555
481 344 671 817 385 38 212 230
874 520 789 183 816 20 546 531
499 622 2 849 27 218 653 452
896 381 945 562 149 585 254 145
162 38 668 519 648 667 960 77
831 549 836 428 290 443 161 882
962 235 805 548 358 783 262 419
206 406 576 202 878 282 989 740
386 870 559 960 424 487 137 642
844 14 856 819 513 822 603 973
498 240 264 856 554 96 129 891
205 959 144 747 581 409 689 832
554 643 751 628 160 69 717 532
504 565 713 863 724 175 871 811
439 570 742 231 298 811 186 472
575 777 647 36 138 635 33 808
227 86 832 437 501 963 70 437
350 482 3 812 248 616 557 698
237 266 94 843 911 407 794 888
9 275 711 401 898 538 374 94
392 857 694 818 842 830 782 168
156 152 592 422 664 706 504 493
353 747 795 792 137 260 776 34
36 462 901 26 987 83 127 707
429 895 95 486 281 487 71 288
691 94 18 285 695 882 158 997
300 721 737 418 589 763 802 310
872 340 278 219 33 395 724 474
357 840 673 268 245 128 22 942
548 351 995 706 396 483 285 551
44 189 685 874 260 281 999 344
828 257 795 221 425 56 625 285
656 23 729 499 428 751 245 30
894 269 589 473 953 131 39 317
695 826 301 590 578 1 194 883
89 674 452 194 225 65 39 837
994 75 958 866 458 145 507 206
827 773 259 699 37 305 628 559
909 583 780 975 154 739 264 256
29 192 235 562 990 477 703 508
102 908 836 480 753 76 375 324
788 168 200 941 847 803 889 784
89 513 105 320 164 281 864 154
364 865 479 948 690 356 446 359
854 38 523 171 572 501 185 484
455 908 660 169 157 470 805 916
396 107 966 298 744 60 932 654
556 411 427 882 674 669 914 919
913 956 604 790 396 973 242 267
449 763 27 339 876 966 365 133
445 140 533 799 733 801 767 601
258 287 219 456 669 784 50 180
409 890 827 237 941 118 337 934
870 590 396 7 135 187 319 847
810 526 395 114 290 176 428 895
60 606 801 4 1 628 360 372
315 505 654 837 437 862 770 0
641 277 357 136 766 739 151 314
289 0 32 327 980 441 50 946
131 656 113 498 788 673 609 894
858 416 92 491 816 180 316 82
667 510 870 472 504 30 403 136
227 131 968 445 444 565 810 522
450 200 69 528 546 604 981 155
621 648 179 364 645 23 936 87
155 596 47 899 383 256 456 186
189 466 26 743 843 391 365 657
285 178 216 900 788 224 807 14
687 140 545 17 885 487 446 286
652 41 262 235 983 883 720 153
813 667 154 221 305 381 414 555
541 829 61 629 660 779 468 967
165 888 632 85 482 633 420 9
711 421 223 160 270 431 819 235
819 943 165 432 983 889 343 633
736 496 694 689 782 428 780 583
756 218 891 668 642 688 691 668
513 338 774 699 65 951 301 166
135 341 100 111 518 296 519 896
740 525 978 698 617 63 620 247
194 72 143 43 643 402 924 152
775 941 305 243 918 241 152 378
33 28 70 17 393 91 589 906
8 739 161 460 733 539 556 533
320 155 682 936 819 772 223 381
303 800 40 103 116 337 770 352
764 331 464 891 768 50 694 913
980 710 150 295 29 665 723 380
334 172 922 245 284 889 675 477
149 27 670 865 589 354 522 625
187 656 653 4 616 808 222 249
558 633 710 991 135 520 650 135
305 348 813 911 584 272 555 842
480 411 85 470 120 507 384 413
983 221 212 392 852 295 699 533
203 409 783 781 326 659 140 625
189 703 906 324 283 340 994 9
840 751 37 785 380 468 373 985
666 817 832 709 118 767 249 927
605 52 969 834 973 515 221 814
787 785 519 956 229 88 299 121
72 573 272 951 407 251 194 559
20 118 22 839 516 724 570 472
961 752 54 172 731 561 25 908
616 906 321 572 980 713 838 919
796 293 183 258 673 322 756 556
610 411 460 33 59 434 280 922
729 279 589 431 969 69 968 189
32 762 471 293 25 77 573 121
673 42 546 22 981 419 41 769
246 824 300 470 378 708 610 212
564 809 611 694 184 907 809 922
236 502 471 741 120 562 93 491
539 56 918 258 842 268 477 452
744 727 454 421 286 499 697 568
967 746 761 165 190 707 420 810
911 660 49 549 942 655 352 782
295 153 357 630 612 781 264 334
897 687 281 851 951 868 384 252
904 84 355 910 466 143 821 437
915 202 146 947 30 921 636 135
750 758 48 187 373 223 517 499
10 859 385 573 629 346 214 460
113 794 529 280 501 70 131 877
315 280 164 660 665 327 523 29
925 555 589 543 46 500 239 34
736 908 498 387 99 566 235 193
589 815 917 68 21 526 784 597
344 457 816 567 204 473 124 455
40 437 197 713 246 319 674 866
11 742 443 415 74 630 157 15
442 905 190 173 292 17 988 531
443 257 717 463 322 252 773 191
647 106 286 907 771 297 438 444
175 889 380 28 617 969 770 312
779 347 680 599 613 477 897 717
922 274 803 840 201 661 481 985
941 267 256 86 213 322 245 521
839 81 531 688 278 461 605 834
717 306 403 104 748 241 339 832
996 660 690 922 225 699 11 132
864 340 689 960 812 880 74 716
932 931 546 691 832 181 879 844
564 566 787 753 475 25 18 16
163 694 601 849 565 566 470 954
234 637 248 651 865 27 343 777
710 144 463 215 214 28 245 513
34 924 805 145 565 211 371 321
214 172 56 141 59 983 509 232
662 50 561 99 541 844 632 650
631 472 135 778 172 191 625 148
856 660 53 509 135 126 263 823
262 142 940 126 65 449 160 804
441 831 438 330 453 856 497 388
814 526 70 707 316 385 50 755
993 583 430 306 540 166 354 567
265 147 526 436 127 596 772 308
248 805 571 529 428 158 213 757
231 176 48 62 196 429 139 319
72 705 443 311 316 658 869 411
623 64 261 907 88 247 738 322
438 936 806 175 171 139 175 822
623 836 102 457 906 84 69 852
548 376 92 675 528 970 583 648
368 385 897 73 452 262 755 178
252 453 552 853 468 389 972 457
334 802 244 50 48 150 334 153
183 140 444 785 759 321 872 651
934 146 5 466 106 564 275 561
450 255 159 478 722 350 378 619
837 657 940 49 967 501 660 404
440 789 108 961 45 985 583 648
404 951 720 168 512 889 465 539
606 451 461 225 718 3 784 891
22 815 385 827 411 475 331 523
767 295 9 792 449 21 832 444
247 387 537 947 155 209 909 88
673 910 665 375 218 720 934 622
484 383 265 506 152 37 260 601
353 679 116 830 819 449 780 427
53 834 156 770 356 927 283 94
24 443 776 752 478 285 923 590
881 785 349 191 922 32 190 910
348 459 893 911 750 312 662 659
835 353 638 773 825 370 43 128
538 478 155 530 317 246 4 814
704 779 804 246 486 852 193 554
502 693 564 130 382 755 107 831
572 540 203 381 544 869 204 53
14 53 360 962 427 880 997 693
461 244 573 196 758 569 378 6
988 89 826 153 116 798 889 370
44 514 711 662 201 393 582 64
476 181 194 323 570 913 598 713
819 868 449 988 859 476 920 324
623 895 436 140 251 332 430 272
115 634 802 792 435 758 696 58
321 720 344 615 723 826 816 987
549 455 74 581 239 682 487 207
735 325 235 825 52 321 270 42
629 703 317 764 486 481 806 683
956 36 519 488 155 338 874 365
600 39 742 288 480 0 898 402
822 529 697 135 555 917 252 641
664 570 202 823 558 872 667 612
788 694 956 731 404 474 837 110
625 635 248 557 830 245 197 796
137 785 138 86 78 936 810 625
710 702 129 170 518 942 471 529
904 562 593 426 787 543 336 478
478 864 725 15 760 954 646 633
431 650 277 293 979 750 931 45
523 285 461 487 652 774 12 629
799 341 732 508 240 985 978 483
217 198 476 562 129 989 418 265
541 392 385 831 596 930 452 256
878 529 613 827 75 150 492 779
347 620 439 240 484 266 988 181
763 653 110 125 480 575 863 105
795 811 859 469 174 206 30 143
370 302 858 266 589 62 28 560
246 507 51 129 305 837 634 821
491 883 630 151 927 785 879 363
769 6 903 600 631 543 45 324
120 153 939 167 453 956 959 926
830 260 269 475 888 40 295 470
809 237 281 192 435 972 308 52
627 434 217 111 102 9 759 812
579 81 659 375 139 434 324 612
722 957 596 433 47 420 431 457
920 896 497 235 702 985 205 68
621 684 397 461 876 721 367 636
883 115 599 39 608 183 784 455
940 20 735 578 599 917 12 151
456 64 85 237 443 57 222 643
515 665 251 90 256 720 203 210
781 239 127 996 121 101 391 322
926 207 920 169 429 648 161 352
805 570 141 793 434 921 828 692
442 544 197 964 792 175 957 446
322 490 893 550 771 676 976 609
641 437 656 776 416 567 795 830
851 132 877 242 327 648 502 791
226 164 856 162 859 825 87 287
829 719 973 53 529 902 896 92
6 973 315 977 168 969 94 412
0 631 316 857 653 841 133 175
646 540 93 317 672 460 301 345
498 355 582 971 667 433 396 627
284 461 618 21 273 303 288 567
373 654 729 964 277 849 840 754
44 190 183 376 965 414 591 458
77 156 592 528 545 985 257 769
715 795 705 913 294 0 584 230
978 940 328 28 205 920 57 42
454 938 192 324 119 488 739 824
106 571 110 264 870 753 338 117
407 632 448 159 613 499 51 83
831 975 260 447 187 399 503 581
637 280 412 902 313 206 996 223
987 294 309 948 793 59 373 686
404 338 705 606 980 1 821 564
351 116 816 266 866 673 610 88
881 165 291 242 84 269 668 924
380 275 864 13 822 170 99 10
768 787 285 246 700 103 833 731
304 898 47 541 227 648 336 36
40 256 283 890 246 806 112 841
58 604 507 802 749 8 788 520
686 110 187 813 513 861 767 357
385 734 646 32 347 781 507 357
495 51 525 858 498 732 4 507
82 169 368 603 550 741 545 62
847 399 611 638 431 642 550 559
713 396 544 22 807 576 283 720
320 798 723 758 76 226 837 79
936 703 937 526 704 388 464 451
833 670 158 940 718 104 382 293
928 341 533 477 973 815 276 321
247 995 849 344 459 689 429 336
442 411 71 971 665 989 324 316
29 784 785 751 745 481 849 593
648 174 600 554 515 101 998 412
228 756 289 788 609 96 151 109
155 775 656 661 669 302 86 123
717 204 780 298 141 136 81 138
384 462 303 280 702 495 193 915
817 163 392 705 94 163 582 951
472 638 479 388 889 64 938 350
567 309 598 368 396 361 477 729
570 606 281 779 805 669 695 480
389 558 29 446 377 310 550 856
792 250 694 55 176 5 56 214
760 542 390 220 846 324 8 82
308 907 660 320 870 572 627 509
26 753 124 141 888 16 743 812
867 527 688 233 255 124 865 652
634 29 995 521 460 939 539 62
424 994 657 377 240 948 746 885
125 955 346 219 588 769 61 414
599 799 426 857 108 329 156 874
357 756 924 182 677 530 687 241
415 368 321 867 799 775 640 386
299 237 649 352 540 746 70 425
544 185 251 4 372 146 468 908
885 130 99 112 681 177 823 854
465 690 551 183 811 691 220 563
140 627 406 834 370 422 669 460
366 167 775 725 477 290 608 642
309 406 959 963 604 309 318 131
274 899 248 4 492 721 671 532
503 780 742 720 896 614 88 871
269 837 60 547 203 613 452 361
831 279 145 793 553 576 599 287
567 13 382 227 747 544 130 926
571 131 908 193 332 657 405 742
533 931 258 184 104 894 177 655
300 269 663 564 684 495 690 749
941 934 801 129 132 869 607 990
741 688 502 130 747 715 52 254
796 1000 967 842 998 486 151 887
839 205 175 28 946 49 583 654
930 294 121 884 980 871 993 70
795 944 691 594 796 504 412 312
749 179 188 875 26 723 193 184
468 337 163 944 606 759 103 603
177 693 407 221 171 19 114 51
669 419 711 488 217 511 483 301
902 232 965 358 946 541 119 644
825 23 45 8 454 330 38 775
611 257 253 887 872 14 927 303
362 740 68 568 569 415 982 633
560 183 967 65 376 121 689 711
453 120 300 419 502 853 636 620
253 367 972 585 571 531 830 851
529 909 72 359 376 825 841 748
421 502 219 906 562 784 61 564
373 205 463 428 705 207 144 3
247 593 148 754 611 360 569 461
199 241 779 876 656 390 586 189
555 605 396 743 386 378 103 486
701 314 864 390 589 558 869 204
915 640 350 837 700 654 857 971
493 156 127 892 482 698 667 979
35 341 780 373 959 58 629 410
56 389 98 489 989 639 645 981
608 618 967 563 948 816 535 103
159 676 427 893 287 810 995 434
215 801 240 721 173 625 559 520
966 363 374 947 860 857 153 741
451 762 559 817 484 964 407 972
798 795 330 204 380 559 939 611
509 768 505 368 572 704 530 664
27 414 459 973 195 7 972 21
174 236 929 177 383 524 187 902
127 227 937 563 593 362 548 683
522 733 157 50 156 533 957 152
741 496 68 297 30 450 965 729
527 376 840 419 391 244 389 986
616 35 846 640 512 812 687 770
585 312 431 802 15 293 780 470
120 341 777 733 713 100 570 516
142 797 764 971 827 251 761 992
249 458 984 296 580 848 365 644
886 800 472 735 124 866 939 625
443 298 898 908 952 992 682 54
232 931 0 462 363 702 642 578
993 151 654 28 673 578 762 516
211 275 874 18 239 904 788 357
573 501 434 566 500 737 333 665
545 42 68 857 127 551 727 296
568 470 571 635 925 317 422 574
298 574 639 720 946 351 948 444
134 837 797 517 898 290 423 776
794 925 507 715 892 29 499 967
196 254 130 662 755 84 48 787
671 482 715 245 818 232 632 800
905 743 39 325 97 599 395 431
602 329 632 958 978 964 907 962
66 135 182 877 700 392 479 267
964 955 829 163 116 30 714 300
471 840 877 782 181 695 426 921
672 611 349 666 791 883 517 925
716 37 836 50 155 407 574 26
301 425 419 570 412 126 981 243
909 337 357 449 77 427 741 394
743 443 245 672 436 9 819 764
493 543 5 119 229 499 82 211
213 908 745 45 735 601 817 177
383 138 463 451 312 601 993 789
488 771 354 227 38 769 707 431
539 669 957 740 565 381 863 362
321 82 765 441 700 384 799 368
631 538 672 648 85 281 998 563
726 683 960 376 738 254 186 385
856 11 361 709 947 104 311 926
526 819 712 152 582 35 763 256
258 218 205 683 137 793 662 967
783 660 578 91 875 70 290 809
651 979 462 978 190 365 46 12
798 521 507 900 709 457 441 743
388 394 773 831 873 217 376 552
405 31 922 83 61 214 471 632
618 722 879 527 553 602 3 789
595 538 594 188 934 145 943 413
598 400 143 60 869 695 425 603
535 110 575 705 656 144 539 626
68 51 107 653 782 699 385 714
33 680 623 199 109 61 582 339
881 381 373 383 44 428 906 432
429 250 724 416 999 843 868 635
632 550 659 938 437 516 294 373
166 902 848 879 746 830 748 240
752 823 237 16 795 238 538 141
714 320 916 922 984 450 721 711
860 256 476 265 756 862 22 78
338 793 113 574 686 262 130 224
737 385 251 987 139 983 287 893
419 610 631 702 595 610 805 947
270 406 21 383 613 113 490 829
703 826 238 124 27 483 162 955
685 609 756 751 742 17 75 989
923 390 500 516 356 208 374 493
599 920 351 336 278 403 300 228
280 789 627 102 30 53 787 447
2 774 927 458 708 119 512 577
781 715 920 36 941 173 826 660
515 847 614 451 738 846 351 309
357 833 539 246 786 975 511 456
47 418 116 281 85 486 667 302
318 33 388 793 589 21 215 465
979 454 530 471 90 128 213 178
274 52 94 706 881 302 276 601
83 773 398 573 247 297 464 570
813 142 110 758 588 118 160 971
601 888 159 410 824 133 655 666
593 45 559 51 152 459 709 468
167 710 715 159 626 381 594 228
26 957 648 413 761 653 870 676
368 11 666 971 222 533 875 849
58 634 550 287 921 14 717 665
306 702 531 129 297 333 974 915
206 410 61 725 389 324 946 622
124 945 863 518 306 933 565 656
724 466 699 533 803 949 41 935
54 988 868 8 58 581 483 253
685 128 167 138 482 624 308 620
771 844 76 390 395 150 136 663
793 455 37 558 613 23 730 139
735 513 695 536 695 225 251 79
569 867 377 91 225 673 951 476
342 436 519 865 602 125 731 742
644 972 331 197 894 70 285 85
734 810 624 82 232 838 986 414
148 89 254 638 209 85 419 594
747 778 965 444 973 868 122 444
730 795 488 946 485 494 492 596
42 696 152 159 921 252 581 388
912 355 333 71 693 966 455 34
959 323 641 83 547 413 816 18
786 144 325 120 954 988 812 430
147 138 451 348 360 716 169 909
809 209 811 294 102 462 789 538
106 210 97 482 557 823 548 771
944 53 722 752 21 847 479 459
6 363 781 638 398 704 175 592
121 924 959 50 12 676 163 655
731 990 296 515 851 36 251 801
33 468 464 5 516 817 854 830
373 327 193 856 557 393 550 679
281 706 32 270 532 344 353 640
538 382 782 488 472 641 626 677
866 214 612 109 202 490 326 370
313 481 166 850 639 950 24 577
252 930 950 459 847 631 793 57
54 16 650 394 636 150 377 707
551 425 739 443 567 406 473 27
911 600 720 439 704 182 566 694
734 486 915 112 361 242 465 701
354 46 288 390 899 646 767 531
441 595 992 91 352 648 929 227
555 135 20 425 730 427 102 687
285 342 411 272 116 918 810 48
478 906 459 206 522 197 580 844
724 164 310 917 957 284 454 298
273 778 544 374 760 495 586 942
926 92 367 188 754 687 650 496
557 946 35 58 177 842 650 896
191 745 58 922 509 851 80 374
356 676 303 901 211 935 186 104
313 796 477 152 122 212 568 341
916 449 864 693 407 651 840 822
536 476 998 266 662 125 727 715
399 70 371 425 963 727 423 79
683 647 362 321 495 387 937 127
235 539 542 662 184 756 908 148
384 804 64 884 954 131 410 147
821 244 30 42 460 712 295 600
939 53 61 870 661 504 872 160
580 740 843 947 218 10 503 476
205 524 341 837 385 221 939 160
110 486 393 595 233 326 36 137
615 436 432 217 250 822 521 758
376 240 378 695 354 112 886 345
515 626 198 917 73 3 87 138
795 948 864 683 973 262 352 486
399 367 878 337 789 541 549 311
840 188 979 971 365 176 237 576
371 345 187 751 256 895 554 379
361 284 516 263 378 824 604 581
448 321 641 674 135 235 420 89
312 825 108 670 35 47 946 239
491 607 379 979 229 333 701 415
162 831 907 107 127 795 496 408
272 43 109 622 269 620 572 44
459 166 0 724 954 150 893 423
876 105 482 53 70 223 104 953
493 285 968 362 815 635 598 781
817 73 376 584 528 988 960 677
52 258 313 720 552 488 96 290
381 43 515 685 458 766 433 192
477 507 465 903 765 982 672 455
866 651 504 918 575 443 236 611
290 649 322 332 86 215 978 482
924 29 17 772 344 913 601 952
734 458 145 635 249 586 125 173
225 181 21 880 77 378 441 240
16 87 101 181 503 130 524 651
82 292 511 429 873 932 857 67
941 458 673 374 78 83 551 455
432 995 872 360 975 823 365 991
688 296 482 293 962 721 71 29
679 604 365 448 40 46 353 777
859 137 649 753 905 276 563 770
85 857 985 640 667 153 788 727
996 388 397 11 782 14 778 468
872 175 625 812 11 258 161 810
205 151 707 443 111 33 112 477
988 313 301 72 448 293 575 569
704 692 307 790 820 458 80 702
976 369 842 456 520 561 758 724
893 5 568 119 660 186 204 867
768 487 627 44 217 697 126 888
123 919 869 400 82 548 731 877
431 287 940 945 755 798 745 883
545 100 137 735 523 458 809 112
459 253 984 424 142 739 767 972
331 657 755 3 712 51 689 336
147 528 482 431 428 557 320 874
977 820 810 11 3 779 949 67
17 443 509 925 578 358 333 93
353 466 311 787 300 525 604 289
481 337 496 564 497 720 134 483
940 490 980 435 619 21 404 477
19 432 816 281 803 432 414 812
124 546 201 590 959 107 994 919
223 521 229 125 579 776 842 525
299 427 902 498 847 859 859 760
299 798 844 770 887 583 57 604
658 180 270 264 865 996 741 446
842 775 393 906 902 219 44 855
69 554 420 859 307 785 827 664
873 855 329 813 794 930 460 995
915 130 417 712 878 778 430 259
691 307 26 331 280 552 561 47
938 396 142 301 759 142 39 147
719 56 162 129 105 795 508 300
65 294 497 851 57 769 797 291
354 886 138 218 157 176 589 808
755 579 317 352 652 494 886 77
161 337 182 803 889 519 478 458
810 116 943 58 731 517 259 331
430 236 343 442 922 620 259 940
683 10 663 306 328 807 571 121
576 447 777 794 436 835 197 501
228 712 307 655 820 387 349 537
707 888 962 882 767 303 507 446
916 626 963 31 842 650 281 154
122 469 663 731 704 511 186 714
345 233 315 596 875 196 517 4
757 178 231 144 184 934 582 672
794 226 360 47 827 462 503 576
281 299 624 951 955 27 698 334
268 937 493 680 577 821 688 402
495 77 893 14 6 630 674 983
0 414 793 507 88 565 146 349
476 222 68 324 109 308 975 228
749 66 839 683 106 590 151 987
837 835 433 234 701 84 769 175
204 505 774 480 161 257 289 728
268 184 988 861 241 801 376 753
972 26 73 116 653 848 913 29
793 201 461 647 559 599 501 148
492 548 801 390 770 361 639 390
80 422 186 43 884 204 859 854
985 295 55 169 19 946 403 15
771 192 167 352 679 703 297 557
32 980 587 201 505 333 220 532
655 124 909 411 141 465 897 541
270 584 930 419 846 578 588 696
612 69 230 838 619 15 478 474
971 810 67 694 83 446 312 91
363 667 176 409 618 92 136 71
379 324 579 682 920 924 192 267
46 375 755 16 607 653 556 664
880 548 898 955 23 916 883 942
660 375 463 501 133 458 539 422
506 773 527 829 197 35 445 426
389 283 105 397 441 936 831 111
774 437 974 723 874 391 408 357
810 59 267 880 249 246 206 706
40 60 515 459 767 162 601 825
430 631 922 833 740 622 674 921
408 696 251 273 892 276 905 289
542 540 173 673 878 588 608 711
937 49 486 737 434 922 371 988
689 481 72 899 206 837 975 577
672 891 456 380 486 364 109 214
231 444 652 82 154 505 28 584
254 718 141 941 903 759 605 262
176 630 628 130 197 156 401 529
610 120 800 917 661 775 954 408
562 723 778 55 878 65 741 974
485 682 883 866 749 906 888 933
154 683 165 965 659 445 853 120
475 875 125 935 246 602 785 379
345 85 233 677 961 657 617 262
281 227 115 129 180 761 71 633
872 88 558 369 510 347 917 10
755 168 648 718 561 909 293 188
948 400 453 888 928 936 571 629
365 290 547 95 62 222 939 738
438 130 4 118 797 307 476 115
648 483 936 831 621 90 538 553
58 109 202 918 584 297 844 432
528 195 14 716 214 67 970 967
144 789 946 447 720 144 245 346
26 81 508 982 906 570 801 810
992 969 305 658 901 694 215 95
809 518 503 365 142 297 418 810
497 96 778 895 823 134 56 725
848 875 19 317 601 491 966 965
466 365 819 680 34 332 128 341
733 523 519 710 495 974 167 495
966 253 739 995 41 843 201 893
141 596 242 319 912 955 14 150
770 511 455 505 951 972 842 217
975 191 146 982 358 443 160 920
71 471 203 312 578 51 491 191
419 852 658 397 385 52 179 123
703 416 444 25 475 41 929 334
120 346 936 634 745 917 713 287
792 149 743 916 703 511 599 559
974 836 896 264 490 838 122 953
460 754 321 309 858 388 641 67
71 576 862 303 11 441 154 675
684 930 238 453 334 399 471 297
381 722 247 749 602 221 764 191
67 76 280 392 445 754 230 623
900 279 426 506 21 865 89 387
364 966 358 835 575 339 917 833
132 381 25 610 536 251 960 421
464 390 914 658 809 187 614 911
66 841 143 167 172 591 21 316
427 482 364 623 859 376 949 758
860 987 312 571 805 601 934 800
999 10 227 717 585 541 368 219
171 832 234 957 766 733 790 12
872 24 408 748 747 880 544 949
631 236 254 970 361 918 382 784
81 993 15 967 528 12 204 864
957 42 927 187 897 151 968 912
195 70 206 675 583 438 610 745
690 110 658 932 721 853 294 653
512 442 389 444 910 734 115 547
867 659 44 591 718 137 588 575
17 381 313 817 573 922 665 347
932 545 937 892 944 462 304 498
662 588 537 778 425 268 407 122
53 411 116 107 835 680 809 959
89 224 628 270 909 104 649 452
528 355 237 116 740 415 332 578
276 147 638 474 895 814 967 724
199 636 888 974 886 246 210 399
298 81 197 990 321 165 768 55
42 629 817 82 103 668 277 5
269 23 282 888 543 988 577 864
452 365 297 264 452 206 581 337
710 860 340 19 741 40 397 432
85 186 865 715 169 977 684 759
59 713 213 608 295 288 330 286
218 689 658 49 37 444 450 738
341 466 328 822 933 305 314 585
80 770 862 885 27 0 376 584
412 575 558 863 236 799 607 405
190 486 974 844 801 796 362 301
272 737 957 216 917 551 107 974
839 972 483 264 754 169 207 317
514 13 715 509 958 104 267 30
837 708 121 169 477 244 411 188
483 941 609 478 264 761 456 315
679 98 87 635 127 550 307 893
59 53 300 161 104 577 83 931
556 247 718 59 16 483 307 914
136 770 855 641 332 896 38 546
594 728 390 751 377 124 821 815
598 364 441 279 585 415 411 594
575 916 286 675 453 804 456 878
287 343 270 24 165 155 212 836
156 575 244 487 774 441 267 336
81 130 3 481 217 715 492 558
682 639 106 128 742 612 965 603
207 310 84 379 590 826 258 638
922 518 997 253 698 567 706 102
154 931 20 515 388 437 38 941
71 641 327 711 891 619 15 156
323 583 997 804 788 460 630 401
906 707 579 823 409 715 242 209
517 405 604 251 387 502 868 58
688 176 717 210 76 746 321 734
517 736 59 122 547 733 998 949
426 895 753 581 208 435 761 165
934 746 324 108 335 174 505 247
351 351 553 570 547 755 514 416
963 614 817 828 428 518 426 241
582 258 517 926 753 367 239 358
48 95 453 170 6 531 23 214
676 934 767 505 336 160 293 150
490 14 883 903 84 502 426 351
339 25 157 491 680 593 508 123
227 464 102 611 382 38 673 320
336 454 58 259 7 108 381 728
983 233 60 766 415 37 240 112
697 417 396 990 135 46 242 742
497 955 944 62 158 901 277 131
829 231 43 291 319 991 66 930
935 782 72 27 50 477 4 139
682 788 4 491 440 484 178 457
356 184 443 630 446 165 470 183
275 206 556 154 411 553 826 949
782 715 503 692 617 799 253 524
159 438 647 598 528 957 716 157
758 565 983 30 384 870 830 458
970 36 787 241 705 430 118 10
247 266 182 637 45 81 227 86
770 714 522 430 491 898 281 871
282 342 771 984 327 543 261 469
867 503 391 374 374 337 799 345
548 989 558 55 381 33 903 471
3 155 647 65 122 716 530 607
936 387 504 541 768 947 307 762
867 648 329 572 256 123 679 789
305 666 42 722 169 897 510 698
339 852 19 702 769 66 737 869
97 34 625 276 179 350 970 774
818 42 116 143 902 65 820 849
331 478 552 450 962 704 570 423
105 56 97 223 939 536 108 866
924 667 339 520 712 988 588 712
276 789 225 496 482 114 569 13
558 107 977 317 855 966 164 846
211 148 841 787 257 985 416 579
558 702 812 503 349 882 722 460
206 235 822 823 344 942 301 451
780 917 651 176 236 236 519 310
996 866 405 628 689 835 384 643
370 606 891 98 156 110 781 201
389 120 332 776 548 434 119 973
513 429 555 885 495 119 214 96
492 437 273 198 316 172 942 401
491 982 275 277 945 367 954 680
464 632 929 252 929 587 137 30
882 892 141 362 12 213 572 295
653 43 689 122 206 351 642 65
10 858 204 106 191 626 788 38
893 299 608 557 150 266 157 364
124 673 714 125 597 149 101 244
683 847 440 531 404 859 94 575
361 250 846 669 566 252 481 409
372 723 294 310 254 47 697 495
71 316 484 833 835 949 724 233
836 10 966 176 54 260 776 980
36 690 311 477 837 263 377 273
693 320 817 637 983 963 124 291
117 455 880 358 306 530 558 281
483 881 176 382 138 202 714 653
978 200 713 342 271 467 667 328
948 941 929 686 245 114 22 461
823 180 940 342 266 495 655 228
947 98 611 392 76 378 346 420
189 41 27 13 391 448 4 605
984 325 919 61 221 319 906 479
198 537 454 943 244 718 958 634
286 488 572 256 300 326 204 474
385 678 115 660 262 604 523 518
783 221 610 236 331 674 918 987
826 665 867 579 280 686 614 355
152 827 127 992 602 887 821 996
285 4 823 155 563 463 414 313
233 103 293 44 506 571 629 329
6 338 459 280 111 10 903 839
61 898 48 879 979 68 20 969
133 330 865 488 443 842 746 97
567 767 687 576 435 465 47 855
997 281 430 4 579 722 667 207
276 624 28 391 226 899 854 719
335 77 275 368 11 44 456 213
530 849 615 184 877 248 808 438
169 208 581 212 317 50 247 685
676 871 590 614 245 530 680 562
802 858 67 906 264 51 253 638
608 857 237 195 655 525 398 377
426 655 567 154 533 166 804 580
874 581 715 822 826 569 72 639
480 669 530 732 999 519 88 227
298 294 176 228 875 62 688 911
995 363 156 174 343 200 29 457
98 511 876 938 71 662 980 452
929 264 862 385 895 971 374 207
770 166 927 800 595 939 275 902
796 605 409 978 594 769 968 791
650 95 230 812 905 493 415 424
481 593 711 557 846 666 151 871
732 441 517 250 362 771 690 596
350 902 227 776 443 579 821 187
69 658 753 109 343 666 107 769
142 991 640 912 318 597 196 785
877 113 373 430 199 948 784 643
837 463 599 194 197 593 381 30
714 616 802 838 769 51 479 725
641 607 593 266 562 69 995 435
94 294 964 148 906 450 312 572
248 333 406 638 729 235 853 665
229 694 616 315 957 22 69 692
939 808 565 453 205 117 226 621
734 117 978 714 579 185 939 358
426 71 270 294 115 948 393 67
460 639 500 436 76 165 409 284
425 174 540 895 364 144 857 896
234 798 385 989 542 526 478 227
965 628 649 404 647 557 776 543
147 389 505 167 826 284 982 992
121 227 468 533 808 552 976 744
126 64 353 960 595 738 71 323
911 458 12 284 719 161 928 152
458 459 898 458 387 366 14 396
964 846 612 840 743 999 517 115
519 782 224 839 340 182 916 457
922 360 52 251 918 300 39 732
121 39 970 613 154 91 666 576
583 143 289 716 391 8 752 977
84 632 414 270 949 88 147 119
910 255 9 779 72 606 801 25
370 772 817 610 397 851 23 657
113 503 522 113 908 87 85 552
327 68 776 937 256 705 318 250
925 426 613 309 27 630 650 637
656 1 870 275 349 78 934 670
144 41 709 797 562 265 556 551
760 950 272 267 332 148 872 49
571 972 483 458 89 945 176 691
741 12 983 10 351 855 722 688
142 415 59 280 227 935 493 17
306 706 65 510 476 494 180 404
140 702 907 616 392 806 691 164
665 835 741 237 619 402 27 390
374 141 123 634 632 945 264 955
507 570 429 26 823 989 292 257
743 724 585 952 644 903 308 807
997 67 497 181 478 539 707 720
548 441 562 451 106 294 138 841
728 450 473 19 597 162 492 514
199 867 90 397 532 617 992 170
355 629 821 262 516 462 110 524
729 971 848 445 691 929 233 567
415 779 156 779 47 158 664 897
519 907 396 555 92 641 695 875
87 634 160 471 45 138 295 988
825 583 827 448 444 750 282 204
221 15 211 537 850 582 433 649
982 386 417 418 243 238 513 118
681 452 695 213 262 548 904 899
593 221 380 495 817 61 360 511
882 552 387 122 677 593 439 282
510 596 47 486 55 823 197 385
66 570 523 508 783 925 487 796
336 746 626 887 426 2 938 758
905 947 488 144 486 749 980 421
763 264 143 439 481 314 638 282
537 198 982 985 624 289 976 950
763 524 644 80 382 156 55 201
579 606 213 176 888 988 423 325
455 971 517 207 992 885 406 172
625 607 367 809 503 20 544 577
63 123 90 964 274 503 79 599
453 887 952 591 860 362 129 645
824 886 92 51 218 839 516 51
466 231 141 558 301 406 511 81
998 844 102 23 73 306 408 459
579 723 466 624 496 33 849 791
695 900 100 373 920 381 314 726
571 648 947 199 75 792 490 585
286 247 216 927 492 735 269 14
109 110 182 759 674 783 280 834
0 740 564 610 213 783 479 944
983 660 185 500 821 713 959 27
169 35 904 84 739 503 797 379
587 72 734 770 404 748 305 616
645 501 871 125 681 493 687 468
464 703 270 622 730 346 778 448
329 312 807 134 658 647 763 385
697 541 681 256 917 433 638 456
813 54 694 805 834 783 249 539
112 489 603 709 471 203 979 400
766 501 511 355 362 437 502 200
216 1 268 841 285 228 527 210
737 559 272 189 655 473 197 437
175 244 42 318 670 924 92 571
22 986 205 996 855 783 764 84
589 758 191 368 730 56 612 223
279 893 581 470 195 81 524 77
21 659 827 983 781 947 881 924
512 200 834 959 949 174 154 487
39 404 589 102 731 772 500 544
456 648 747 172 854 78 737 243
706 152 445 881 111 529 96 860
761 90 828 764 375 493 587 643
48 97 337 573 848 310 744 821
92 100 201 446 966 183 939 219
288 500 410 760 466 811 675 402
885 968 358 335 513 422 83 389
148 909 497 398 676 620 213 819
435 482 223 399 46 353 553 330
924 374 328 646 907 635 497 982
365 684 584 433 640 262 807 967
411 190 648 265 603 452 50 358
980 121 264 176 33 25 167 490
387 19 945 232 93 27 526 543
668 785 440 758 93 814 475 65
42 445 517 521 80 375 18 503
675 213 626 896 250 25 161 152
600 858 840 475 186 200 288 388
909 323 836 467 336 8 432 458
876 262 339 424 782 528 554 926
174 822 457 261 934 946 273 64
721 214 344 702 604 636 992 686
52 636 887 928 218 587 452 228
685 756 866 642 326 463 570 17
320 473 988 604 396 473 772 769
494 555 662 944 514 211 815 223
776 461 78 366 494 581 9 754
514 581 624 138 789 87 448 563
832 686 867 539 514 573 725 66
470 426 141 253 58 520 436 838
245 120 527 874 417 339 480 283
72 968 394 389 836 182 906 675
814 742 918 602 996 522 357 48
631 667 302 327 959 649 433 528
511 993 37 492 786 152 846 746
41 98 527 590 614 276 323 839
376 437 633 676 25 568 740 43
240 933 132 915 918 867 543 20
993 784 998 259 714 30 46 859
277 840 657 966 37 377 68 679
829 212 739 239 171 967 221 850
280 383 152 312 778 708 977 850
678 76 395 865 520 974 582 738
955 684 519 935 142 329 29 439
1 352 686 320 567 851 483 687
869 922 533 116 281 703 891 733
381 249 938 422 573 925 136 76
230 866 671 288 40 772 976 371
69 305 620 135 945 118 876 2
356 428 345 965 910 925 121 840
152 114 791 15 976 714 584 168
5 606 86 253 566 376 324 602
96 465 462 385 203 837 434 738
410 226 562 578 467 894 126 784
301 675 108 883 350 861 745 887
711 827 983 193 681 969 79 529
670 831 60 235 973 276 9 898
142 754 132 736 244 681 730 796
857 930 372 897 166 157 44 810
372 610 816 722 328 543 757 693
879 626 165 900 223 207 663 528
194 721 131 62 732 284 561 767
632 272 223 785 792 362 446 181
546 657 243 602 316 513 447 376
377 433 299 505 514 57 965 373
742 421 945 448 558 87 192 826
920 574 745 296 91 136 794 458
952 178 964 47 893 229 794 808
352 306 180 86 509 328 572 19
878 975 158 210 931 550 120 922
509 862 300 692 807 439 65 669
190 642 230 104 863 282 370 175
634 87 597 592 705 946 724 84
334 861 112 765 405 222 567 645
471 981 18 811 743 685 618 254
244 982 710 314 169 750 311 865
787 340 25 918 169 368 87 573
674 71 654 389 332 926 934 527
376 805 487 66 945 846 998 325
865 604 564 494 51 460 721 201
807 742 50 994 16 742 88 805
734 832 588 158 400 943 714 855
24 934 973 686 15 699 540 249
685 49 530 529 575 306 224 290
212 253 262 82 652 411 566 86
671 966 426 885 837 886 850 897
614 368 589 407 487 409 613 1
783 829 830 186 797 515 255 253
569 403 333 411 274 74 974 680
104 458 976 495 364 270 981 49
352 211 266 398 828 681 749 568
176 16 334 594 169 515 973 50
513 72 707 322 563 723 610 478
865 151 242 130 809 630 85 637
925 710 583 67 640 290 25 328
462 840 767 587 169 781 81 592
164 234 413 59 358 87 951 541
671 686 470 155 654 196 763 972
343 535 869 472 242 884 831 957
850 464 962 152 497 792 498 543
784 124 273 655 704 33 853 915
688 459 816 916 146 726 456 789
946 713 903 83 390 198 950 145
775 800 485 689 211 99 854 532
978 440 262 188 675 153 902 767
649 362 942 467 287 402 393 49
639 911 58 987 247 369 292 703
706 150 445 334 163 479 52 496
296 309 203 320 557 890 156 302
271 182 963 548 509 163 324 853
393 581 436 10 93 281 881 77
73 396 392 520 842 955 177 384
487 63 438 530 745 333 718 159
814 784 621 332 35 854 810 967
316 523 50 273 524 851 766 411
329 846 994 904 831 400 90 800
116 816 868 257 444 946 164 546
978 397 3 606 217 896 173 485
828 709 617 606 364 904 578 489
93 417 526 606 65 604 964 417
62 44 76 494 476 509 444 694
819 859 380 195 741 686 783 606
878 106 218 702 653 336 868 48
298 46 684 324 151 671 53 905
64 720 421 23 727 853 153 57
403 121 28 684 935 137 928 72
835 579 736 575 435 319 262 87
545 814 112 732 780 718 21 308
261 420 597 957 4 963 453 883
462 110 58 768 333 37 396 879
261 136 20 272 684 463 704 306
376 245 415 686 765 994 420 130
877 652 504 340 209 999 306 256
155 81 415 357 73 880 147 804
454 82 571 935 757 551 382 966
200 207 84 243 496 176 866 244
42 963 690 496 577 608 866 683
176 514 453 815 136 390 860 689
150 484 178 633 679 892 572 64
386 820 157 749 350 549 196 869
48 942 356 630 703 961 58 967
665 792 677 814 569 163 436 108
464 599 824 436 29 672 251 804
281 598 837 200 719 917 219 442
539 173 311 727 359 721 289 45
818 581 809 630 680 44 483 319
691 13 439 510 973 989 331 631
403 181 295 517 152 576 198 402
274 79 186 261 175 905 930 27
707 868 604 192 336 340 301 68
132 592 858 411 596 53 19 381
369 390 279 318 688 527 954 231
819 301 115 501 286 998 518 204
767 540 572 794 943 519 450 11
156 67 824 456 213 461 648 317
946 589 573 300 10 682 423 628
269 507 32 25 31 61 578 512
387 771 39 845 89 99 919 899
808 52 709 972 124 117 175 703
288 309 98 211 641 351 327 508
869 215 457 159 349 696 527 105
369 554 270 855 433 713 428 630
676 181 718 762 89 703 286 852
509 58 568 888 702 26 562 480
649 940 437 591 384 951 661 416
512 104 8 614 148 98 546 816
452 905 871 589 882 32 334 294
295 399 360 684 285 858 322 262
757 523 737 576 92 663 805 617
256 1 786 903 235 861 130 717
872 478 654 342 763 886 725 547
906 839 923 171 904 257 888 181
456 613 621 400 766 985 182 88
422 19 167 733 89 981 985 754
139 314 106 231 780 758 931 542
824 310 177 984 702 128 559 346
80 548 759 586 225 878 653 127
294 623 811 287 972 36 450 584
307 381 374 431 640 988 939 124
1 972 747 859 705 296 14 802
814 266 736 667 594 588 8 624
849 662 937 343 350 573 670 648
189 491 55 274 744 380 577 898
791 841 422 455 750 280 97 421
991 918 662 737 246 253 943 748
717 276 89 692 737 830 129 905
655 465 154 287 897 407 611 186
709 992 251 995 197 459 113 603
773 406 703 11 924 377 174 333
737 645 308 996 209 881 771 638
605 418 489 486 523 125 300 115
835 510 310 722 934 480 518 114
994 78 592 110 796 130 813 987
727 736 41 409 221 56 265 425
944 38 258 86 543 772 760 605
254 704 796 242 391 445 988 152
333 203 448 513 12 406 870 542
289 62 143 238 397 874 803 512
99 329 108 246 227 188 328 547
402 940 223 497 752 335 324 370
332 998 323 841 85 354 800 258
584 912 445 830 424 632 211 202
580 372 171 197 711 746 511 197
319 291 287 1000 89 837 202 69
479 879 951 80 247 728 660 69
587 910 910 389 586 959 206 365
408 159 386 954 298 244 195 771
488 116 735 933 686 933 475 8
839 456 460 460 776 900 827 237
521 885 156 904 63 96 870 106
571 947 496 115 745 609 435 981
836 217 725 890 395 447 710 189
783 564 660 42 762 81 358 964
412 603 389 289 881 373 162 316
270 826 192 762 103 517 638 118
12 887 722 53 536 457 574 255
630 640 517 378 576 506 405 187
950 491 508 304 244 624 185 842
320 813 982 108 777 442 905 109
32 311 470 473 273 877 498 920
765 531 998 785 489 425 29 44
837 975 624 458 540 760 940 471
577 920 346 987 105 709 867 427
134 648 871 705 650 598 196 325
831 598 130 564 781 815 870 655
762 356 782 517 782 7 592 937
385 355 372 94 834 745 885 547
236 577 127 40 513 245 252 315
108 198 459 82 680 57 390 906
54 385 760 952 983 282 259 334
183 324 821 954 166 875 402 421
598 903 859 330 92 299 731 321
338 560 443 959 35 768 614 392
100 994 17 599 169 239 750 581
239 714 48 480 121 793 828 733
947 212 500 308 272 655 513 418
782 26 466 28 155 526 669 63
422 193 154 329 313 750 575 590
255 180 832 46 987 465 826 657
298 238 395 676 284 287 356 296
698 365 446 111 563 407 127 628
533 98 962 153 357 603 437 183
941 104 781 700 602 105 390 37
664 832 212 127 577 871 794 918
942 615 693 949 412 150 897 739
53 692 958 677 749 52 247 302
473 988 561 364 839 281 351 511
833 263 466 882 402 495 727 471
433 854 626 583 442 30 639 881
928 38 894 777 624 303 173 548
533 405 590 193 693 367 388 873
66 205 961 759 931 596 464 463
293 159 628 232 708 943 369 170
497 603 315 749 996 20 15 780
38 174 631 651 373 948 9 812
480 296 309 695 183 391 218 365
269 116 910 398 421 998 153 359
709 179 231 411 592 723 646 281
961 453 961 505 68 379 282 90
843 718 436 651 579 380 30 286
603 594 183 918 304 179 187 237
103 969 261 366 954 793 528 964
444 613 592 797 268 97 207 558
915 469 66 789 825 629 356 750
908 874 884 170 169 226 271 965
82 825 409 511 86 350 720 446
16 786 727 513 222 994 636 879
878 161 1 765 286 29 31 773
256 800 478 24 71 151 583 381
318 996 55 495 760 810 982 658
81 960 17 65 771 627 742 818
176 684 743 137 607 716 678 399
467 291 695 914 690 219 688 493
163 555 322 761 209 746 706 862
505 902 745 272 839 473 151 349
312 78 563 423 731 992 625 465
736 781 535 531 554 655 551 150
497 425 14 247 379 742 873 16
723 162 270 170 723 450 877 537
948 543 57 966 737 62 86 224
825 531 574 18 127 844 116 404
262 963 36 745 960 646 997 841
227 810 277 662 552 770 578 291
815 87 941 445 339 443 909 352
430 950 581 821 473 28 402 477
843 936 434 317 211 535 951 133
95 711 912 216 189 360 626 995
624 789 80 19 801 508 518 270
764 718 401 267 155 489 407 207
329 400 945 225 361 11 305 169
383 0 266 370 231 308 151 793
481 983 720 698 311 331 271 766
859 454 784 462 60 398 373 265
400 684 289 825 266 582 93 1
661 952 76 972 123 227 989 491
562 626 806 893 478 655 669 344
877 232 63 526 113 377 370 753
870 911 663 432 912 814 942 402
164 480 560 883 293 771 241 539
128 500 381 926 617 87 930 99
330 595 251 332 434 625 183 562
362 689 373 67 516 850 730 398
385 300 696 780 83 713 220 617
337 594 985 60 843 687 930 126
777 914 808 7 849 554 868 291
519 181 497 751 762 668 431 43
720 929 458 145 255 53 162 867
310 349 705 587 114 790 109 246
106 225 772 911 580 132 78 243
333 522 238 608 436 795 80 354
210 454 878 394 717 603 526 103
166 92 857 322 843 703 362 443
663 586 190 167 58 424 438 307
538 84 297 504 822 667 990 962
971 405 412 34 107 84 975 423
691 795 624 302 33 191 541 596
217 379 367 642 527 175 714 889
965 719 649 868 887 920 629 832
140 783 224 251 474 459 694 399
453 73 290 978 971 112 526 777
600 559 357 986 35 578 259 904
694 74 101 731 757 832 724 184
7 162 527 113 350 970 555 13
286 48 564 709 303 425 968 618
231 24 584 742 113 433 410 757
802 138 773 628 804 626 439 364
385 735 169 836 845 867 161 760
532 580 137 108 368 452 647 972
620 668 96 697 158 465 870 369
759 549 963 215 29 48 913 95
849 426 692 682 617 804 489 349
861 27 582 181 717 133 202 34
757 157 942 457 577 374 684 801
604 337 963 682 83 362 865 387
476 996 790 860 488 173 277 494
257 624 919 773 807 307 355 32
210 834 598 870 903 180 671 472
63 450 618 32 66 284 764 755
491 947 211 261 6 306 89 87
663 222 840 920 764 951 226 62
341 6 714 312 642 342 9 652
475 616 889 710 113 463 830 628
422 362 154 759 306 921 48 702
730 499 785 242 698 402 888 898
822 564 931 84 939 991 917 832
783 349 79 596 846 333 469 486
773 709 783 876 416 370 764 285
128 695 654 344 429 412 212 840
487 515 863 846 634 588 883 977
367 293 751 843 201 183 539 960
829 927 675 399 979 12 850 516
99 696 800 783 692 482 830 401
634 378 881 559 34 53 951 422
749 189 781 476 162 654 611 791
26 719 516 847 993 788 209 526
419 760 638 718 267 979 375 294
769 627 164 891 28 3 216 944
392 890 467 410 468 161 171 697
158 917 388 905 424 302 914 210
918 142 962 971 768 705 832 451
896 710 229 122 841 300 323 789
962 677 408 661 180 814 941 0
947 208 541 839 103 896 307 946
197 869 708 414 457 987 684 338
360 10 249 782 622 279 421 532
829 292 0 794 499 683 179 784
712 47 630 298 158 892 586 854
135 545 438 746 863 360 29 691
735 602 420 787 994 848 790 495
24 491 465 829 296 209 562 454
624 829 49 89 649 204 458 290
780 129 272 870 403 265 833 474
745 105 96 45 332 814 988 241
706 617 5 177 275 912 401 25
268 580 420 526 779 36 15 898
947 979 750 53 639 83 810 636
728 632 264 780 787 858 100 193
447 828 888 305 349 416 821 114
940 511 836 4 753 910 119 228
934 176 421 499 653 31 630 959
200 11 230 124 133 479 192 840
901 546 722 447 52 612 187 503
688 373 407 394 307 942 712 534
182 689 925 683 969 82 178 889
288 796 835 89 610 231 623 463
136 274 648 882 216 919 408 503
814 314 224 184 656 583 101 38
405 661 122 920 620 637 748 28
820 432 404 589 447 750 949 330
488 22 744 372 35 895 266 829
383 276 279 909 744 244 793 356
25 32 367 717 32 793 433 835
162 559 233 453 755 349 749 58
291 307 715 214 873 996 249 394
147 90 47 152 440 273 574 214
815 398 144 209 282 772 302 24
551 98 259 631 481 590 604 662
774 212 844 153 763 373 172 39
157 971 705 204 920 527 594 424
620 729 261 563 956 571 650 141
54 954 201 484 896 525 375 369
463 583 251 361 509 139 901 296
668 118 328 208 36 668 562 657
8 605 553 752 46 207 106 602
157 810 315 258 919 726 612 673
583 315 799 509 391 397 383 978
307 371 578 314 30 187 702 482
925 770 602 116 49 692 132 294
681 573 288 773 479 537 123 883
25 582 86 331 975 310 662 209
489 934 276 973 296 672 253 930
181 380 872 741 408 831 23 791
44 574 973 279 735 463 22 97
895 880 254 531 24 47 38 445
228 883 313 701 922 732 441 173
619 353 74 886 239 628 443 257
459 423 543 583 976 726 284 869
671 786 443 930 199 3 977 579
258 775 393 384 212 907 488 621
298 134 489 925 940 168 218 733
77 58 62 397 596 922 233 18
406 835 49 862 613 63 404 849
893 376 291 443 457 710 974 930
290 576 374 5 338 30 221 514
170 357 704 514 939 138 512 416
446 377 933 710 486 426 830 61
710 114 873 8 276 705 215 201
430 60 56 243 136 519 258 730
955 320 342 414 192 868 618 533
344 131 678 872 586 113 380 117
439 420 349 177 304 685 169 675
967 847 454 934 456 393 807 327
49 668 665 676 597 543 88 790
456 598 445 327 992 239 706 981
40 133 113 181 239 656 382 310
966 421 515 131 40 32 190 793
924 464 449 471 221 786 129 819
903 304 947 132 158 830 109 53
671 125 687 716 116 637 7 662
931 213 840 452 93 636 957 744
414 556 14 183 802 929 60 51
196 768 787 711 177 799 604 705
227 698 52 853 323 247 732 351
27 937 937 735 926 936 163 133
148 195 344 52 290 930 488 8
358 480 575 560 636 908 773 262
947 978 164 456 35 186 12 791
486 154 288 256 513 58 916 172
891 825 558 658 47 309 426 870
646 74 83 711 219 932 706 438
416 358 286 45 792 394 416 731
202 204 852 111 134 875 954 134
725 91 600 757 924 542 288 777
411 383 540 532 596 984 316 844
504 703 801 368 645 813 620 701
144 701 628 980 413 481 72 569
865 886 132 817 808 852 668 758
932 747 861 230 362 580 863 840
818 995 182 466 404 663 692 933
124 753 401 862 862 222 112 764
635 885 260 756 796 53 746 465
755 513 53 658 195 694 35 410
724 664 428 223 527 380 707 506
554 572 897 318 450 463 773 333
95 317 644 512 955 793 967 66
879 218 44 20 600 711 225 283
859 884 111 462 96 252 545 444
79 994 816 372 867 277 153 307
920 259 758 448 265 306 291 801
114 179 64 925 903 760 954 357
738 527 301 10 719 588 151 376
275 97 173 903 561 229 84 244
435 145 446 179 298 685 505 295
249 582 80 839 462 704 758 279
537 931 509 996 738 378 315 296
173 80 202 57 424 326 337 907
88 933 597 903 630 188 614 280
406 91 961 693 367 840 640 566
748 424 945 414 260 79 618 608
530 479 532 463 542 993 59 981
605 509 364 372 920 946 104 150
572 591 592 405 876 692 546 619
904 447 843 324 456 772 276 947
565 588 653 760 373 700 476 541
373 165 933 778 380 221 918 828
691 785 363 119 674 552 459 631
176 632 453 565 617 184 5 133
966 771 962 398 827 762 860 139
860 536 88 701 914 91 818 747
613 89 840 814 884 441 526 717
879 880 887 122 780 260 900 516
937 85 647 134 268 653 566 423
109 456 94 58 834 850 7 598
697 18 205 88 393 870 567 671
929 275 960 736 110 821 856 940
523 64 660 77 691 429 118 466
440 448 410 763 369 135 257 211
272 256 558 1000 274 63 854 241
803 221 944 621 164 698 172 563
290 827 664 724 645 492 327 661
903 462 960 363 408 242 279 835
176 200 154 284 280 567 418 650
146 801 359 311 198 958 269 192
313 752 285 928 596 735 755 792
896 623 506 433 465 28 952 76
74 892 62 629 425 48 822 159
536 273 426 377 58 814 587 968
344 125 745 779 845 107 604 584
943 327 904 703 885 773 257 435
260 756 3 955 847 91 380 190
411 354 173 380 867 770 275 411
587 363 819 227 715 289 639 137
17 115 411 514 839 734 28 666
971 731 480 278 588 873 454 980
995 565 379 940 304 356 897 71
590 689 104 304 14 870 231 443
42 397 121 133 441 156 884 504
264 504 731 574 327 111 628 781
221 381 76 963 957 476 778 958
458 299 810 542 845 836 344 70
427 19 355 247 500 599 815 201
77 511 512 199 14 307 959 357
784 333 876 903 533 908 695 60
887 999 511 436 387 100 670 201
133 786 897 586 192 42 440 616
965 222 489 215 826 128 432 181
915 602 964 679 534 229 153 211
204 129 220 361 611 209 134 108
145 900 50 82 651 963 643 402
413 454 513 373 443 310 442 887
544 113 279 484 870 289 782 446
567 634 141 924 646 433 960 779
558 239 436 203 300 317 392 184
440 916 713 743 480 156 631 573
812 789 710 693 984 168 716 819
559 501 385 324 199 138 546 17
228 994 272 77 661 787 83 57
46 925 388 814 330 380 69 927
349 547 143 929 383 101 231 675
620 724 205 47 806 842 979 860
664 522 923 455 893 930 749 836
120 879 276 437 648 923 626 544
734 618 29 59 845 804 81 114
579 75 288 279 181 501 399 325
811 361 564 541 223 941 254 265
496 719 961 743 518 396 849 173
575 60 455 414 373 58 715 674
201 597 693 515 118 197 184 192
690 170 156 279 774 2 374 901
490 320 257 1000 606 982 300 704
613 209 939 338 844 562 902 481
316 673 344 853 927 966 841 301
197 38 119 283 28 354 35 592
129 795 191 56 151 574 315 371
50 743 504 38 348 993 104 744
458 855 962 602 36 330 618 482
197 157 296 123 262 421 547 484
190 30 876 292 818 260 335 171
925 55 246 940 857 21 528 127
364 892 105 232 562 507 704 707
382 159 579 330 611 745 359 334
210 652 771 356 397 842 53 383
831 567 312 161 742 173 890 571
296 239 735 766 826 17 402 159
573 77 534 695 157 311 642 531
702 12 443 769 306 721 627 589
57 313 294 90 535 878 255 239
113 655 581 715 78 549 857 251
851 172 898 70 755 191 770 61
115 615 796 675 964 611 924 569
550 476 593 420 374 894 867 303
348 91 235 230 330 314 327 170
837 810 330 443 216 363 771 353
831 684 726 134 582 49 319 80
867 771 855 308 325 783 215 107
791 918 793 813 81 294 156 684
497 758 623 75 175 154 276 11
107 944 529 64 133 451 532 998
894 968 493 48 967 643 775 631
172 739 872 390 965 641 292 878
879 260 390 971 240 588 119 67
933 445 878 741 548 177 156 26
284 14 906 225 434 719 134 106
398 538 315 770 360 682 560 821
940 609 669 36 619 922 779 845
574 414 808 323 862 670 226 951
958 493 435 972 694 413 220 448
948 256 86 642 640 248 107 428
416 378 367 346 247 535 120 424
915 966 737 545 118 100 605 295
457 899 497 815 584 603 6 644
204 655 797 505 257 932 932 494
979 454 971 674 599 132 497 851
784 772 997 641 205 965 189 366
774 114 922 58 530 125 7 898
220 71 405 814 201 467 841 312
14 790 945 864 395 687 713 974
8 790 113 304 805 875 871 206
911 750 564 287 757 8 2 196
650 953 772 795 311 741 453 211
356 675 113 269 63 973 187 914
981 87 957 443 689 709 582 118
824 740 471 426 184 853 290 699
404 667 88 132 476 995 522 483
74 118 18 45 843 144 890 475
285 118 326 780 515 718 789 289
618 479 484 936 262 285 411 925
790 16 948 466 515 673 459 103
298 829 24 840 125 330 341 149
365 701 474 574 268 239 303 590
65 814 790 424 236 610 717 421
677 320 152 647 903 2 644 470
131 568 387 78 753 671 793 251
832 266 56 187 333 556 866 107
969 806 143 418 471 652 899 629
331 859 239 833 680 750 719 463
270 825 702 811 739 13 180 560
25 872 850 676 800 858 772 9
517 461 886 831 476 477 395 699
795 942 313 748 788 255 918 438
171 942 775 81 799 461 578 839
468 154 422 739 876 764 144 369
790 772 15 141 626 470 26 313
104 502 699 832 549 40 738 662
104 790 56 258 7 397 70 738
750 76 234 286 8 488 774 844
17 517 388 90 260 813 181 451
132 2 855 584 158 481 121 532
654 605 300 8 592 554 847 779
243 228 601 124 425 677 850 447
630 700 367 664 355 415 716 690
439 269 646 446 834 812 373 15
362 420 224 53 69 896 882 85
431 5 95 442 100 35 882 180
113 524 548 437 599 74 74 504
707 682 883 116 596 331 210 455
932 854 592 33 260 847 170 26
340 74 107 365 743 988 333 926
10 40 497 514 388 921 320 941
36 117 529 899 335 584 682 383
426 310 433 866 286 231 736 212
88 805 463 780 785 142 821 579
636 784 16 485 826 648 461 727
952 351 934 387 88 227 547 258
262 183 966 390 532 401 826 420
396 206 686 505 108 89 460 492
852 577 585 934 516 73 955 308
889 474 905 554 447 716 481 324
275 208 210 19 604 509 709 229
271 821 588 68 356 202 210 161
956 199 871 825 287 194 716 599
686 985 324 944 637 888 770 677
522 370 604 233 834 674 267 408
131 426 334 536 859 7 560 190
293 665 159 524 945 444 980 470
764 438 865 580 760 327 843 138
129 297 9 196 279 903 705 870
221 684 441 646 756 275 222 757
573 412 731 806 872 729 669 288
667 549 590 347 395 538 138 251
989 167 49 704 8 7 260 863
695 525 602 178 846 882 217 559
643 663 530 93 672 690 88 416
129 7 70 19 916 604 218 396
601 565 921 779 651 335 316 665
721 834 963 787 728 597 937 551
524 378 920 250 8 311 270 941
770 493 501 38 955 64 3 63
442 98 67 576 101 498 438 614
387 339 447 107 643 692 272 466
25 166 434 943 469 531 862 2
633 400 188 229 39 710 580 466
453 146 953 483 114 259 299 686
919 54 908 336 711 809 186 797
734 245 247 507 424 934 68 230
508 148 772 653 65 489 398 419
399 191 512 869 861 226 586 642
394 927 969 406 244 885 888 921
58 574 658 337 620 274 444 230
122 348 332 823 182 72 45 177
43 677 823 551 962 34 122 476
610 939 167 723 87 393 457 535
980 303 263 426 831 289 303 670
371 38 379 223 819 37 358 314
25 68 89 623 785 794 444 220
695 233 996 924 681 136 454 74
360 320 343 146 488 309 239 646
474 828 197 319 57 151 910 160
396 760 958 844 374 510 166 877
186 599 611 200 203 769 990 348
239 297 370 671 116 766 6 90
112 351 435 360 970 400 876 578
36 401 441 339 54 282 26 858
694 530 237 232 235 647 587 91
700 150 436 931 884 330 479 524
844 491 593 342 92 897 341 995
36 635 642 74 996 952 21 779
707 801 553 254 754 162 350 213
362 343 92 183 140 137 116 291
631 41 276 420 673 765 769 317
40 548 172 213 731 679 746 920
9 651 85 733 401 856 182 44
730 120 284 570 375 469 96 651
19 4 539 338 973 762 781 953
570 865 248 129 861 786 246 209
424 186 374 581 512 76 145 637
67 750 285 273 34 161 212 765
282 281 485 799 356 508 401 580
966 17 976 187 228 669 889 627
97 467 548 746 310 548 520 736
517 917 870 258 636 937 532 227
291 94 426 100 245 387 122 182
107 971 684 19 178 642 917 181
685 954 687 206 646 945 330 429
930 741 660 549 836 506 54 686
362 736 604 596 835 62 439 337
725 573 863 973 326 710 968 950
71 233 716 476 921 146 374 667
675 800 706 269 387 2 417 608
88 512 12 34 276 480 738 48
529 847 468 828 173 940 557 14
2 71 896 250 425 883 989 81
307 86 254 668 917 335 475 398
1 343 443 835 139 190 164 247
864 516 188 623 381 787 977 898
938 453 536 453 853 658 103 194
908 444 568 311 981 65 433 131
569 90 702 403 162 897 364 526
518 980 666 682 223 81 539 179
214 606 88 247 350 349 496 562
334 385 191 702 624 238 49 836
904 70 651 400 223 458 779 602
939 336 704 523 607 88 884 569
347 942 699 906 812 62 538 239
641 27 60 773 276 759 697 287
512 544 827 227 892 33 581 716
890 536 805 562 220 318 277 584
7 764 602 453 213 355 839 377
174 861 953 564 169 467 77 874
914 586 102 490 483 306 159 627
623 520 271 864 209 841 109 493
897 764 260 374 60 771 242 781
438 264 209 538 548 814 195 490
66 186 812 330 316 709 108 755
181 599 875 522 810 570 865 339
77 349 874 646 532 100 935 530
492 555 752 353 640 590 12 36
818 654 446 799 815 250 376 38
925 214 228 298 489 79 914 53
143 868 681 682 490 195 136 970
755 290 647 53 224 969 301 295
644 783 484 353 134 303 122 326
321 190 396 731 384 174 682 379
277 311 154 631 778 676 270 47
503 258 751 175 416 944 454 305
347 263 180 316 876 499 640 143
599 90 299 339 128 738 368 413
56 180 801 252 328 676 334 359
596 566 934 834 795 144 68 644
191 767 443 171 590 850 121 518
967 841 931 75 160 24 47 797
215 875 10 664 33 159 646 862
149 851 110 705 26 512 259 635
592 132 541 104 541 749 48 257
134 282 465 803 477 857 21 662
153 67 418 608 84 951 724 993
257 987 727 939 122 655 783 297
505 139 786 64 121 422 113 998
933 454 730 808 842 636 481 834
767 167 833 356 375 458 376 961
439 485 303 750 282 698 382 861
394 323 778 418 492 458 193 449
19 799 949 784 663 161 946 318
565 963 550 664 234 423 884 95
226 31 312 250 391 795 620 366
344 698 161 665 510 446 351 980
854 168 539 564 891 614 345 437
322 940 68 576 797 190 612 94
883 883 576 515 14 412 635 48
503 76 35 966 651 747 239 924
471 31 435 721 819 468 197 744
388 324 424 881 638 548 543 648
12 454 881 990 363 828 410 710
676 619 632 390 767 411 789 10
346 872 427 552 554 195 967 674
301 261 817 457 919 151 754 414
344 472 324 792 117 579 221 736
131 89 384 391 677 515 219 116
495 225 210 160 682 297 899 138
714 407 692 815 279 981 719 685
472 609 55 809 451 504 992 155
750 25 944 990 380 568 296 438
999 329 317 342 159 449 402 126
6 120 363 366 705 574 854 358
91 970 183 215 843 272 359 802
567 662 386 866 142 725 13 743
582 747 526 109 28 56 914 446
766 741 874 668 143 435 644 945
866 403 452 353 461 950 691 537
156 455 666 287 587 410 987 923
705 771 507 540 691 476 487 604
565 467 614 579 799 36 476 112
92 520 930 583 859 197 22 575
463 740 809 932 712 171 24 605
67 183 503 888 964 21 838 384
743 579 797 555 928 507 859 72
843 42 278 728 647 503 830 969
560 707 676 505 538 793 665 56
124 264 127 466 325 980 827 570
7 684 89 890 677 734 891 22
235 786 90 541 867 386 513 728
274 384 943 166 640 856 57 8
502 909 350 440 148 124 318 95
746 611 801 8 930 912 67 358
476 632 674 346 828 981 591 662
718 58 579 716 903 588 465 56
459 986 259 430 380 89 719 391
690 539 82 50 231 945 661 740
855 412 982 223 310 694 829 290
610 255 999 350 926 594 767 115
548 472 300 183 721 701 489 942
197 493 555 172 924 283 971 247
624 532 427 439 945 518 625 89
184 591 161 13 757 847 602 999
783 780 563 506 737 740 901 83
338 836 290 986 542 355 586 649
41 854 365 961 122 723 637 387
422 877 844 685 512 777 718 38
31 559 993 360 451 820 854 633
726 338 846 493 542 941 685 167
738 766 905 430 724 616 549 451
361 476 194 550 109 156 844 296
62 629 441 366 234 915 205 122
232 411 276 754 902 104 444 844
739 694 482 767 942 283 928 325
540 751 605 584 750 792 33 122
216 886 72 601 920 923 714 670
629 660 482 468 553 498 756 8
878 673 184 969 534 573 66 528
386 468 723 63 768 271 921 699
619 117 755 682 54 708 662 141
297 610 728 125 668 685 84 995
858 4 863 896 233 16 33 56
236 568 826 479 968 931 535 297
892 402 121 853 765 691 248 789
78 801 270 210 11 718 455 833
420 670 736 529 161 198 293 128
178 592 187 767 429 630 308 732
158 250 752 718 996 360 749 286
246 832 452 411 580 711 193 177
345 960 123 733 745 66 246 155
692 546 206 957 573 870 483 487
748 740 140 220 323 980 18 661
399 314 141 725 625 998 905 815
938 756 153 443 667 865 961 710
781 123 865 63 818 154 436 724
189 717 4 438 65 534 124 489
903 416 82 556 804 166 503 684
817 477 216 300 952 299 637 745
825 896 389 292 341 787 866 809
774 305 383 386 154 712 519 773
641 125 715 931 529 734 356 884
299 837 926 757 449 89 560 968
241 678 51 95 603 52 422 827
780 724 463 718 373 886 268 380
269 271 843 341 104 210 824 930
6 961 668 701 127 551 410 685
529 864 269 413 613 561 39 668
899 93 253 1 92 654 468 933
469 510 935 913 657 628 135 463
982 591 63 946 626 517 393 363
876 245 539 61 344 860 0 54
811 560 21 91 877 325 180 92
315 974 501 968 705 270 764 319
46 941 967 603 439 570 947 433
559 145 947 362 811 191 274 91
918 296 453 785 926 422 938 404
566 31 150 876 589 395 558 965
754 935 960 794 271 704 297 71
929 950 419 457 963 938 164 507
915 519 294 495 633 438 472 779
182 588 0 898 353 332 984 702
848 158 724 864 325 609 706 887
539 722 925 788 150 861 414 153
711 330 829 187 598 482 601 561
233 788 946 605 975 569 152 475
857 88 118 797 360 789 342 888
611 653 922 163 560 339 981 612
818 947 434 948 192 139 832 885
584 552 510 73 125 786 383 58
226 911 685 701 162 458 478 814
387 922 937 269 496 501 77 67
386 768 991 284 610 14 635 781
382 445 705 817 575 467 352 689
384 651 263 366 772 289 107 736
593 603 336 559 758 148 652 478
124 619 116 152 258 84 212 197
176 811 36 115 704 994 304 785
640 994 907 268 978 476 931 383
837 213 502 638 503 923 384 500
865 383 367 599 958 122 860 481
241 559 743 976 463 693 951 116
887 747 800 374 856 777 508 61
770 718 600 718 130 170 188 331
54 299 542 897 289 901 147 262
989 988 214 426 222 309 863 232
505 178 2 220 613 230 816 221
223 716 279 294 126 543 508 143
669 517 475 594 764 856 126 371
244 933 943 856 177 411 549 32
478 729 893 418 698 2 102 556
137 12 48 123 929 27 963 73
765 801 888 255 637 10 974 404
696 459 130 980 871 44 287 817
877 383 836 121 628 746 108 918
841 342 875 853 807 198 580 312
164 640 874 480 801 838 19 424
763 899 561 585 321 155 984 805
471 119 291 497 509 345 768 75
373 410 369 998 753 851 745 833
879 301 747 487 219 686 72 647
509 28 922 906 97 396 500 240
835 474 22 621 165 933 205 379
464 27 336 725 886 598 210 869
232 925 219 844 488 943 799 949
397 460 686 800 607 341 220 690
112 501 615 687 883 130 995 236
567 472 919 944 204 848 697 889
962 689 124 570 902 129 381 94
618 768 532 381 232 14 227 503
216 737 23 153 116 423 788 778
245 70 480 713 178 879 533 125
169 891 143 762 890 822 454 36
249 633 359 907 244 924 553 515
179 305 829 42 302 210 694 567
660 37 690 438 311 255 21 129
517 518 809 795 918 398 166 585
398 104 180 651 776 854 150 787
971 983 63 780 612 209 982 815
98 338 775 940 555 393 923 253
112 786 520 795 717 344 629 307
29 415 778 909 309 324 230 642
831 835 656 120 762 52 586 670
779 48 364 463 724 941 494 291
572 63 389 840 216 513 244 37
226 434 778 426 670 420 132 472
161 188 732 556 654 356 5 532
487 275 332 639 74 905 115 648
855 655 217 760 663 745 913 40
428 252 960 714 415 201 895 534
405 191 417 317 227 57 886 323
817 990 99 422 927 17 273 482
49 453 480 767 469 308 787 109
243 370 445 305 36 692 124 115
967 469 188 102 450 276 546 846
966 284 412 606 639 413 925 197
508 361 88 444 725 711 29 896
827 376 350 110 838 863 854 291
320 4 345 727 972 571 529 145
738 680 636 866 43 650 119 486
985 102 672 223 124 790 20 744
425 874 665 903 232 7 350 621
301 857 46 83 161 684 566 927
899 758 706 83 961 766 780 909
414 277 445 433 688 337 517 535
377 256 25 420 951 614 843 575
965 846 195 17 983 778 261 897
403 85 615 221 603 551 114 18
65 792 714 500 516 743 931 207
940 1 768 850 914 273 352 906
871 951 129 572 370 633 926 431
139 720 431 251 676 423 929 689
872 491 56 11 833 800 384 4
434 466 465 280 911 680 820 600
955 858 323 816 67 538 618 947
422 903 883 388 906 882 399 392
205 662 619 836 852 292 712 616
939 248 849 528 732 799 131 671
463 384 812 301 854 191 324 568
736 204 217 658 680 562 511 412
406 832 145 402 169 311 566 671
755 873 432 779 343 999 913 696
774 68 222 549 507 770 99 745
646 31 241 535 873 136 0 610
91 847 739 289 883 177 965 880
654 561 929 135 360 31 712 446
225 478 411 863 58 431 974 284
758 492 168 315 357 191 869 299
454 173 363 391 989 350 695 753
583 826 767 131 77 605 841 879
326 80 393 52 714 670 363 500
223 49 720 337 176 408 671 200
65 643 96 399 32 317 730 169
189 695 158 398 859 290 942 150
640 300 969 687 604 136 629 919
883 421 442 282 715 981 534 340
337 685 685 21 503 855 38 430
528 907 688 436 869 910 750 162
645 548 287 534 176 919 94 481
613 47 858 226 717 937 809 415
123 371 792 644 462 918 838 676
552 214 376 233 748 308 569 878
348 173 662 46 234 655 619 19
323 982 37 423 833 595 486 732
60 108 944 91 85 94 645 914
613 10 254 151 853 39 507 994
211 417 809 849 20 82 392 763
386 401 424 882 982 610 32 120
19 882 348 868 806 680 850 190
751 4 382 670 344 304 36 882
415 439 838 847 986 42 144 244
454 260 70 639 70 649 36 694
274 750 211 579 543 385 855 653
892 278 50 998 927 563 112 934
28 516 631 122 442 26 773 570
578 479 923 162 642 85 872 965
677 46 219 111 493 256 248 577
140 556 737 851 167 552 982 728
538 163 200 201 789 791 40 985
763 397 188 21 861 149 27 99
684 516 215 173 199 949 818 670
620 793 470 682 162 812 746 105
73 996 543 887 24 0 737 938
50 651 539 123 546 974 815 199
891 747 634 567 223 908 977 688
679 379 71 841 13 258 636 201
953 306 880 565 777 767 778 978
658 985 480 396 133 825 204 726
782 774 225 109 858 799 408 671
860 28 262 983 467 636 466 995
584 426 679 782 902 127 706 985
271 563 986 223 181 670 183 287
612 83 95 280 926 974 386 374
2 281 571 352 149 914 670 854
317 163 242 62 129 277 112 705
178 283 333 666 920 414 293 101
988 202 666 947 11 495 104 744
356 834 207 613 658 187 845 523
264 797 54 855 543 398 396 719
78 837 259 845 273 218 674 3
740 367 712 476 658 506 185 19
991 91 66 742 882 246 534 921
786 54 274 815 394 885 438 929
327 522 226 697 747 736 976 53
931 29 639 515 669 909 395 387
906 630 21 901 582 195 145 940
823 833 823 266 586 127 374 807
465 943 702 217 793 671 6 204
326 847 588 424 980 182 944 505
868 70 138 773 807 823 311 519
200 825 727 603 307 772 858 417
948 178 349 495 741 939 261 308
840 884 423 792 472 540 185 207
753 57 277 7 925 42 192 486
144 402 837 369 647 0 475 410
428 283 547 630 381 357 896 105
73 194 213 273 277 936 84 752
572 770 863 240 694 275 849 151
236 485 489 479 265 905 97 177
607 559 173 645 475 864 250 860
532 419 948 931 168 847 378 335
165 965 162 764 64 906 275 26
234 223 244 555 899 376 124 868
84 425 528 590 817 957 537 769
490 117 608 36 183 992 846 984
917 78 418 46 528 890 781 132
459 471 254 452 445 415 571 81
80 995 399 389 126 542 757 916
335 950 267 67 580 99 454 840
376 419 186 955 292 893 809 431
45 360 822 608 292 260 511 156
184 806 848 207 379 951 548 437
682 830 539 616 393 770 914 458
946 21 350 698 542 49 329 6
540 286 73 962 434 885 655 564
643 938 207 214 509 769 341 840
214 150 529 691 17 413 686 354
89 845 148 294 176 434 522 168
234 353 20 261 0 154 602 430
358 245 40 366 451 491 510 155
213 432 303 685 178 346 124 422
622 516 523 541 600 109 922 108
566 987 662 911 460 231 134 908
696 830 558 596 744 712 653 66
643 236 719 708 449 177 254 7
284 292 228 52 949 453 245 271
341 540 31 584 202 717 805 36
178 175 784 990 982 727 461 156
618 35 599 63 701 865 729 101
597 819 93 546 234 876 994 387
257 144 600 49 193 118 189 847
840 714 11 257 323 53 833 498
599 540 654 733 274 476 676 465
960 312 40 311 149 579 554 72
864 469 984 749 614 464 392 238
469 222 461 821 267 861 221 78
814 561 541 131 745 769 808 197
834 904 672 871 232 122 765 744
117 655 268 668 493 114 506 627
17 255 671 253 448 318 203 132
551 915 567 827 339 297 395 311
24 355 333 750 316 572 66 50
785 7 69 499 887 644 272 851
695 656 800 572 257 518 7 670
888 355 464 915 983 535 613 839
279 951 837 736 957 540 619 182
672 636 506 257 85 930 946 482
56 204 144 112 329 218 462 576
86 498 327 782 203 655 184 93
361 336 207 508 334 217 433 59
108 498 839 542 471 977 978 686
221 771 663 937 128 630 572 898
249 390 326 170 227 678 387 56
846 419 865 360 745 771 125 980
633 862 162 977 2 885 656 159
932 357 179 298 661 378 754 955
637 149 88 55 883 655 422 865
954 87 148 202 971 500 674 206
366 354 852 841 401 548 126 41
292 653 946 271 219 779 642 210
943 542 154 734 974 144 643 879
413 175 621 755 678 619 83 161
137 274 979 27 14 939 13 903
926 411 780 423 19 668 121 455
357 324 627 823 668 531 640 801
181 840 153 706 252 525 349 576
888 767 158 69 103 64 613 830
768 546 760 753 4 407 972 780
433 674 594 728 666 796 112 638
158 106 630 184 20 104 743 350
479 422 449 293 392 223 721 668
81 180 915 634 403 850 489 720
699 108 101 490 685 902 514 127
179 112 759 171 893 932 663 1000
335 313 288 501 277 408 93 350
356 299 158 489 715 275 577 876
887 278 158 978 466 774 541 188
658 640 709 907 763 268 751 240
416 626 444 563 591 692 974 162
225 516 186 476 525 396 485 369
869 114 214 354 58 415 592 826
231 109 988 731 455 437 677 752
713 668 537 67 409 422 397 668
620 868 819 854 524 693 574 226
478 351 771 381 46 377 671 600
274 883 773 789 356 242 789 80
938 792 791 684 630 364 823 445
282 580 58 625 207 656 846 645
223 240 98 27 46 702 776 109
80 551 81 487 757 396 431 578
764 263 490 417 53 726 281 576
428 317 141 35 162 353 422 111
527 963 29 89 78 97 349 870
85 127 764 735 779 193 407 814
449 750 32 604 686 809 676 77
153 642 415 331 242 102 845 349
636 457 118 626 689 854 433 124
655 195 554 613 562 262 203 730
400 805 372 937 541 287 867 848
683 859 289 451 240 697 945 612
638 696 148 351 164 710 932 392
444 157 294 677 499 557 724 519
435 755 744 664 141 919 467 394
599 398 275 536 474 62 982 852
629 847 736 216 38 630 812 351
43 561 120 366 575 523 29 208
903 488 163 836 369 514 747 588
480 559 308 14 529 239 738 482
967 543 150 794 882 58 723 394
443 976 798 918 953 139 454 345
445 208 306 706 405 958 790 165
915 658 597 222 735 123 269 623
67 722 827 114 106 523 825 187
764 815 645 393 931 8 985 152
797 80 933 354 998 865 236 79
776 692 792 899 253 416 297 258
616 503 392 403 212 431 314 863
553 601 64 357 74 131 961 553
903 841 130 1000 92 645 765 600
716 666 188 408 97 948 280 80
846 562 740 688 696 662 757 64
205 925 533 154 558 868 369 715
68 408 437 485 304 662 99 546
229 191 895 7 610 40 7 609
457 68 12 858 833 286 825 808
54 911 494 919 699 821 414 310
127 566 952 312 376 523 241 650
970 693 209 618 823 577 830 220
172 339 783 939 373 935 237 744
64 254 804 603 434 22 29 654
0 449 677 273 888 955 609 465
812 899 197 408 882 452 229 589
372 77 175 19 78 452 86 140
856 660 510 819 431 557 932 834
157 109 218 666 197 964 545 144
648 302 869 65 440 882 641 8
482 636 399 189 776 322 328 580
823 47 164 570 161 602 55 724
786 52 920 561 497 151 346 405
290 60 827 617 276 483 2 615
156 455 22 586 802 583 714 473
476 420 229 307 122 594 546 368
680 533 766 640 573 302 577 554
234 492 673 364 479 228 600 101
586 722 186 952 604 487 180 957
160 43 345 492 665 944 341 394
50 666 329 563 801 630 320 86
441 251 569 32 652 560 732 445
562 983 187 878 638 902 100 495
941 122 510 630 285 904 140 93
658 295 199 189 149 974 440 694
346 487 799 264 829 521 303 382
467 699 372 426 369 482 516 192
481 248 580 319 784 74 265 336
687 213 326 378 441 251 849 68
605 88 600 2 909 314 962 429
412 170 588 132 465 886 24 269
504 700 5 512 192 367 170 237
33 890 502 105 341 956 673 176
466 101 241 581 529 40 428 113
26 171 791 703 503 544 537 64
329 831 279 364 209 543 379 159
21 638 49 271 904 190 486 214
516 196 739 425 974 895 572 961
184 381 421 617 679 223 923 198
631 469 173 891 972 751 838 971
99 926 735 628 12 187 128 336
573 813 710 126 998 619 686 837
999 798 93 915 165 632 629 612
609 534 310 42 788 891 777 776
864 47 487 11 714 501 486 258
332 950 141 776 848 562 720 439
628 862 512 376 61 907 736 643
939 902 688 629 307 787 609 89
336 800 367 100 57 461 521 457
324 191 778 921 562 595 391 791
680 477 558 539 0 502 512 369
880 959 955 95 959 367 240 441
275 347 656 68 517 680 488 448
574 387 180 277 61 178 449 780
807 220 363 684 915 400 444 618
529 834 101 184 791 807 124 7
231 469 512 98 581 704 997 562
479 243 112 106 641 857 182 174
652 269 516 551 230 741 941 120
30 269 376 947 387 466 967 618
43 376 419 529 770 909 709 650
464 29 798 376 412 171 975 980
762 55 986 509 899 668 117 806
606 178 998 236 20 273 878 451
939 347 374 236 706 308 477 743
334 370 776 394 961 960 41 440
81 427 302 540 65 388 512 78
722 412 980 441 757 15 590 616
33 7 578 578 787 209 365 766
336 94 563 221 220 381 908 586
187 555 12 618 353 520 54 45
965 487 735 1 86 322 298 0
352 505 212 715 1 732 966 677
268 826 859 650 684 68 309 984
635 694 78 277 938 48 445 715
534 498 862 88 169 832 786 427
797 148 608 15 948 215 658 29
590 780 544 886 636 886 465 996
235 189 201 403 209 126 145 622
944 660 116 395 212 522 185 695
653 828 883 166 322 560 94 640
396 365 161 46 852 32 522 548
782 138 235 706 813 147 714 905
393 710 378 223 210 993 976 227
107 495 244 453 852 261 541 984
580 178 690 829 384 815 855 437
972 65 519 327 490 17 920 340
518 345 703 351 289 693 399 566
768 444 85 968 306 165 834 717
1 845 235 242 601 191 298 508
69 46 902 409 454 377 788 505
816 454 357 422 647 564 656 167
244 531 414 650 444 379 124 719
859 649 954 269 899 543 185 451
406 337 491 180 893 439 800 917
118 147 116 811 967 209 442 853
790 364 732 903 309 769 40 378
618 931 875 22 281 896 414 820
83 302 114 578 356 464 195 596
158 538 957 741 401 847 681 781
130 496 87 109 636 331 367 222
514 836 784 832 52 330 124 980
353 962 497 894 34 520 83 873
980 573 553 269 841 426 155 686
744 863 149 89 780 751 353 456
700 812 333 388 913 296 875 652
922 400 199 867 235 547 124 926
334 550 868 586 216 749 292 946
295 39 737 782 491 925 355 811
909 636 918 119 747 937 468 487
791 588 182 476 458 935 901 490
772 43 684 914 355 501 925 514
732 642 532 526 150 266 309 164
787 129 247 681 204 249 388 591
535 832 839 762 608 782 641 311
260 356 80 83 863 473 64 145
174 485 119 88 545 2 458 942
537 79 269 190 676 487 569 433
89 492 980 441 935 304 465 681
410 238 621 172 847 521 142 597
117 225 928 344 72 644 115 413
123 835 684 122 474 288 553 149
661 743 490 349 70 987 135 354
427 833 219 597 121 953 716 577
873 947 552 696 620 897 915 800
351 774 220 941 27 297 646 846
402 304 793 37 844 250 865 316
760 276 629 509 826 963 947 671
333 684 314 213 907 560 928 60
971 353 860 203 12 134 822 775
823 651 427 183 754 386 237 488
410 878 595 520 943 705 663 974
829 110 365 111 101 510 679 101
636 70 901 744 934 31 261 853
687 598 131 851 897 935 767 188
714 781 52 900 255 969 649 124
936 645 401 86 500 934 262 213
754 721 817 450 293 69 965 715
521 113 640 203 931 922 319 471
656 48 66 736 948 898 118 351
387 834 622 243 473 204 149 316
73 142 47 766 425 485 859 465
1000 389 525 107 179 306 741 2
180 88 233 269 156 25 819 984
505 69 832 198 422 405 444 368
597 663 18 159 6 922 667 487
663 483 470 986 686 604 940 692
482 216 729 298 267 552 598 80
871 731 471 317 3 536 318 84
572 845 243 830 786 513 844 501
582 704 281 567 117 546 561 839
647 947 794 315 863 890 330 193
775 150 849 884 592 428 112 869
57 151 494 939 345 768 414 427
460 53 51 612 371 851 702 357
854 718 64 166 314 21 852 639
958 675 631 196 5 476 304 95
221 707 345 485 714 237 805 428
975 958 230 802 63 385 322 269
541 672 473 992 973 116 108 768
121 978 96 570 455 34 992 550
206 217 646 151 441 272 255 578
410 128 504 186 678 648 756 709
205 120 151 392 520 258 117 236
708 901 698 22 450 551 175 320
797 354 939 189 995 312 547 512
364 589 803 111 579 711 246 296
977 625 584 516 379 641 402 198
683 422 807 700 145 268 664 244
739 124 429 181 125 8 772 36
660 456 110 339 874 521 478 606
290 843 952 459 344 156 488 490
711 369 372 719 433 315 875 862
203 75 321 464 352 693 452 397
862 111 458 769 657 639 576 451
882 730 807 962 530 202 920 944
943 775 165 946 833 481 315 651
135 44 759 360 36 603 146 435
632 386 493 909 162 627 903 977
646 737 378 454 302 907 3 790
944 727 144 850 154 200 720 666
792 611 135 824 289 915 943 474
843 378 664 298 888 645 410 31
128 781 942 918 915 24 963 321
203 870 381 248 485 495 829 122
415 615 959 642 347 400 243 871
943 537 730 636 630 508 455 306
596 719 829 53 708 980 173 774
548 340 394 996 422 864 617 696
591 905 30 422 972 853 990 595
746 420 282 42 650 151 163 737
71 656 937 487 290 51 134 472
962 953 236 149 725 748 647 46
785 516 415 642 654 688 186 973
757 328 336 218 554 140 341 5
414 384 672 99 670 785 492 266
464 817 761 129 614 29 294 548
362 836 899 411 122 615 962 832
728 998 615 563 205 236 524 572
488 473 525 389 417 479 574 470
768 864 866 247 779 678 444 498
360 180 409 568 845 412 445 922
867 66 673 264 562 784 703 99
632 584 405 190 165 958 73 132
454 350 333 285 498 94 180 241
903 237 565 435 93 958 9 555
34 749 875 134 882 957 606 498
634 261 660 558 298 672 713 4
160 781 781 65 116 512 121 612
737 206 36 203 798 821 199 192
343 520 463 57 208 35 463 243
120 171 742 908 293 669 421 361
947 451 568 954 841 987 909 417
177 343 555 207 286 788 549 442
816 161 858 813 144 466 355 439
60 749 327 633 17 466 570 540
734 276 824 79 505 311 369 163
187 897 788 366 907 614 29 535
260 850 249 408 126 890 863 545
208 654 381 164 295 238 339 429
827 403 433 758 913 657 918 266
210 5 436 65 225 896 445 797
110 872 126 131 499 19 852 276
688 19 676 943 711 171 582 698
282 773 38 956 10 782 149 72
585 452 949 195 979 361 892 619
967 840 203 949 677 473 482 811
203 246 362 531 654 280 29 156
634 312 604 241 459 274 751 616
188 955 694 472 161 31 472 737
37 907 996 66 724 318 113 194
209 84 681 305 908 131 92 416
238 70 768 860 819 334 764 876
700 581 484 171 148 101 188 969
973 261 221 812 378 909 370 462
275 421 237 969 945 496 140 151
178 825 162 309 871 96 860 719
659 48 157 613 496 949 761 300
999 222 341 515 144 865 610 84
179 740 24 422 10 629 534 915
759 981 481 598 801 327 860 424
91 988 409 628 925 986 323 165
14 905 732 727 124 574 125 513
435 807 43 704 597 421 97 5
435 991 997 702 715 698 820 516
183 539 598 681 6 503 696 722
686 750 302 171 853 480 256 774
495 394 402 635 834 720 953 724
152 659 482 456 591 222 58 123
274 796 886 114 366 815 237 391
202 699 139 440 88 26 346 7
876 750 826 13 434 93 463 709
109 439 237 942 667 648 430 69
328 456 870 88 339 251 611 343
672 823 905 940 469 157 237 200
326 917 108 630 47 721 286 66
487 560 899 21 722 652 138 322
834 467 336 806 710 282 983 628
694 110 811 108 482 823 846 267
714 500 297 503 741 560 678 926
706 862 193 666 539 332 928 190
870 641 586 157 926 292 645 242
297 1 459 547 248 203 863 521
736 719 78 57 59 894 94 314
441 618 591 878 323 565 267 581
807 98 221 836 215 988 678 813
318 543 900 23 613 197 600 638
942 56 60 644 656 261 826 674
670 601 986 452 753 238 192 203
268 559 151 634 466 674 665 923
638 981 186 746 583 793 15 341
959 712 32 494 947 661 601 567
576 634 360 516 62 236 444 993
12 861 419 508 746 570 481 383
361 513 356 424 601 344 5 403
694 900 545 879 782 732 79 701
763 189 972 729 195 463 351 603
458 746 172 130 224 979 439 963
0 101 141 170 73 660 982 882
810 262 401 481 216 888 705 51
143 518 642 313 272 295 443 683
929 364 192 829 515 651 185 6
623 611 341 720 379 386 194 218
945 892 149 74 622 366 63 554
199 465 922 375 419 373 422 728
346 501 767 439 751 670 360 440
994 652 37 763 358 254 316 659
88 335 794 680 235 621 742 827
401 749 944 147 423 300 494 377
663 754 917 366 287 476 469 324
210 471 786 940 888 883 314 184
174 860 830 16 505 192 286 699
608 258 300 10 470 463 247 842
588 903 655 12 118 946 27 626
251 439 294 268 259 279 942 352
165 500 156 54 679 137 982 775
903 517 422 983 963 12 842 568
468 444 556 85 902 663 239 503
500 704 56 208 742 688 506 732
226 463 969 47 574 29 154 407
100 189 469 35 636 265 62 270
377 323 152 116 275 702 17 916
159 129 496 841 678 79 950 939
52 543 614 655 691 491 664 522
447 904 434 471 977 349 329 1
142 345 393 320 325 87 595 516
525 82 238 759 836 234 465 954
383 391 753 754 467 548 753 694
87 576 639 758 416 760 931 450
122 169 527 524 668 627 112 516
91 379 176 19 502 946 693 534
714 970 187 234 680 388 992 234
533 456 871 25 953 836 291 853
100 925 955 381 183 760 62 568
208 147 4 498 985 128 143 164
760 164 204 383 879 928 584 340
541 577 256 995 307 69 940 753
70 277 941 817 638 945 276 54
603 264 627 387 956 602 440 744
384 119 666 770 891 648 904 763
223 639 400 528 308 928 204 123
984 475 894 286 395 368 229 492
152 269 561 967 260 48 559 745
477 341 96 793 117 445 860 310
224 297 636 891 928 822 489 420
482 831 651 27 335 5 786 252
877 610 890 588 835 661 46 607
441 872 412 81 627 472 462 725
583 584 410 802 215 763 904 573
562 411 550 222 980 805 758 158
403 947 107 531 704 169 604 892
497 499 134 87 799 998 533 314
447 716 65 780 354 837 60 480
749 121 271 886 686 927 472 734
285 315 437 172 819 244 134 869
311 478 115 316 452 477 93 733
533 419 390 985 767 494 21 224
570 374 792 965 322 907 558 918
159 718 373 672 484 359 106 812
213 206 488 635 482 594 961 198
302 618 364 190 683 68 161 18
303 147 70 637 299 774 556 751
125 623 688 820 147 171 797 199
936 521 530 535 160 736 860 761
159 842 724 126 491 552 366 277
195 909 144 849 682 139 162 985
221 921 54 709 853 172 622 169
599 869 104 482 925 71 366 174
959 521 728 562 176 665 724 895
257 98 235 691 585 95 296 410
995 732 50 884 606 977 269 187
599 325 283 658 95 298 868 242
258 984 10 299 921 935 213 710
503 529 918 248 709 691 700 718
0 149 229 423 691 230 228 401
494 841 968 63 599 385 455 918
550 877 588 246 331 122 260 304
291 28 61 272 232 431 906 154
122 610 445 864 0 546 63 427
575 524 828 14 204 862 934 393
918 622 970 764 653 958 321 195
918 276 365 803 937 349 715 402
48 427 679 701 375 719 69 12
662 518 714 412 203 259 755 266
610 348 569 286 785 673 131 941
668 195 747 821 499 166 145 150
625 140 274 589 147 971 312 325
825 914 832 203 796 908 766 955
727 732 170 134 750 845 940 410
561 474 116 453 243 942 34 177
518 499 649 926 159 556 900 666
145 87 716 447 72 865 593 52
468 112 526 815 124 797 411 997
37 116 802 280 382 889 638 515
717 158 246 809 129 152 539 5
709 524 65 101 293 946 546 641
399 575 986 105 429 661 46 842
564 212 493 814 29 832 644 811
931 497 942 864 536 405 620 224
502 86 508 796 364 411 208 405
420 973 783 919 167 765 771 373
231 660 219 639 746 705 483 637
865 437 54 292 412 248 647 7
336 180 15 555 892 674 187 187
834 481 359 283 332 837 842 157
744 179 525 474 538 777 408 113
451 319 313 714 769 179 490 357
40 707 251 593 555 854 765 657
347 942 25 129 494 883 576 539
560 522 947 657 960 701 524 949
516 170 812 456 857 304 395 231
870 251 905 881 752 416 636 628
162 335 105 732 755 695 69 552
48 680 631 346 681 59 170 231
587 70 233 892 900 390 162 962
786 981 628 78 515 508 872 671
426 911 684 781 388 640 99 179
546 938 616 0 218 727 187 156
323 547 232 148 610 211 78 765
782 282 11 436 197 832 706 284
310 788 356 699 753 878 862 307
702 109 796 374 787 455 438 268
725 110 897 796 138 412 781 111
759 707 627 513 924 158 455 528
80 824 928 314 296 39 45 784
937 792 852 481 197 149 509 983
764 62 775 565 354 219 139 876
815 405 973 255 150 672 859 199
261 926 142 202 753 669 675 306
819 47 21 242 993 1000 499 385
720 992 777 570 253 918 999 766
640 847 737 590 990 333 169 307
494 489 540 41 843 245 683 451
566 587 437 247 808 656 716 394
29 721 28 76 547 107 935 368
193 760 547 172 448 985 30 502
214 207 633 829 294 576 245 233
196 874 90 213 299 727 65 69
826 550 234 879 541 486 198 736
529 394 838 798 252 830 421 112
158 570 984 599 236 709 319 631
764 10 100 990 349 111 946 966
602 195 809 182 850 761 328 908
54 585 450 262 517 942 483 325
31 817 61 227 448 177 921 903
361 116 89 502 477 114 764 52
354 981 204 911 414 25 952 123
777 801 490 418 47 842 919 645
569 385 539 49 647 383 200 179
346 870 214 871 510 614 647 241
989 490 713 675 570 521 352 950
607 6 772 6 295 306 289 217
418 733 661 41 667 775 667 296
365 83 935 261 483 901 510 720
305 668 158 414 375 351 105 752
947 680 244 685 564 138 180 103
409 167 619 896 377 622 652 875
632 172 330 913 65 67 444 394
925 412 298 26 115 206 1000 922
627 949 833 724 968 110 22 156
820 238 253 44 740 604 222 127
765 359 905 184 238 398 798 583
367 189 613 414 156 229 235 802
382 889 987 552 982 44 156 269
677 859 917 384 77 642 273 720
842 695 142 669 525 593 352 876
907 790 625 737 111 959 922 155
882 352 546 888 17 1000 645 680
77 527 926 828 968 564 373 187
440 519 935 167 75 897 414 33
679 339 313 465 127 584 120 352
378 52 625 239 703 975 751 480
851 576 191 625 753 82 346 899
621 504 831 385 623 381 52 556
384 917 212 870 406 599 143 461
659 334 507 909 498 272 650 265
32 983 771 438 838 740 984 928
553 979 626 340 127 553 309 21
47 672 200 371 340 225 560 889
595 917 148 151 175 132 166 280
345 301 852 195 142 858 58 316
494 851 552 786 515 13 508 625
457 9 815 922 463 698 270 903
634 87 28 19 569 146 135 679
270 82 753 593 895 354 462 853
374 721 672 111 981 712 149 627
669 844 775 264 692 692 213 708
216 616 334 301 42 500 809 582
946 280 818 303 936 451 362 234
341 773 304 75 731 883 401 20
900 463 286 336 797 849 788 42
58 723 281 385 44 537 58 555
309 804 58 267 165 412 704 686
812 51 19 986 152 103 543 922
407 963 708 39 496 289 819 809
297 413 469 459 876 323 109 84
331 421 854 103 329 191 507 764
640 516 594 734 830 27 782 325
458 657 832 354 267 336 881 646
445 710 946 496 420 584 356 385
641 258 877 810 399 808 910 119
432 532 527 555 101 630 387 841
373 466 359 684 433 134 450 255
526 218 734 536 450 224 493 414
307 705 940 224 303 331 299 830
857 807 86 771 704 88 216 998
642 429 66 15 60 46 879 590
499 740 301 953 609 125 630 568
320 573 617 495 3 417 691 894
296 947 203 742 886 220 653 259
137 115 319 443 232 355 889 670
982 306 889 593 204 224 629 212
58 756 586 68 920 386 20 658
31 929 119 345 658 712 640 107
234 439 681 957 4 769 307 805
818 227 458 643 724 315 108 612
758 845 25 766 448 321 818 666
454 835 163 304 871 512 262 96
275 514 938 96 544 253 982 407
188 163 131 357 541 247 152 52
153 622 262 409 313 271 306 1
993 26 604 640 495 365 13 361
199 509 453 752 997 873 613 785
535 608 137 394 371 33 281 359
635 39 682 406 210 709 612 702
233 782 967 280 780 255 213 604
647 887 300 752 219 416 125 970
928 481 46 489 189 935 807 523
376 220 285 510 19 916 677 854
742 625 836 761 667 174 640 668
175 509 500 437 184 305 654 763
232 366 572 233 15 735 36 751
172 476 306 657 174 478 474 570
414 997 628 835 432 896 132 289
2 693 564 599 197 457 824 993
648 388 798 827 196 842 786 539
974 804 53 481 169 465 635 152
512 321 301 318 395 515 447 201
907 885 290 298 232 471 71 802
386 315 652 836 36 527 908 658
310 702 496 239 208 268 182 978
564 835 493 371 87 521 641 879
956 699 182 487 804 129 725 790
569 713 39 772 440 161 199 645
841 883 264 169 282 790 785 698
42 489 613 841 732 558 567 808
516 418 667 789 682 490 608 243
92 89 647 100 540 303 80 583
662 582 780 409 698 981 967 914
862 464 162 766 363 756 749 514
118 367 305 927 388 392 988 534
72 893 85 88 250 21 323 263
362 731 287 825 516 954 979 938
340 925 305 131 831 75 100 487
601 627 623 979 640 436 668 435
851 315 260 57 783 734 634 810
271 120 238 901 705 599 102 195
549 489 7 159 446 250 651 432
616 876 722 236 672 974 587 424
388 602 968 354 401 802 946 983
80 566 856 154 421 273 475 829
552 61 670 877 505 692 246 250
675 638 983 105 918 683 143 71
832 263 715 293 872 710 569 775
946 214 27 152 109 172 269 182
520 541 946 112 417 473 381 487
798 820 92 543 213 461 296 664
945 591 133 342 980 461 987 142
318 812 601 244 986 443 755 501
174 59 996 673 418 407 695 708
1 457 650 519 420 312 982 651
220 761 897 22 747 731 28 537
437 753 793 714 453 119 391 645
36 748 705 346 409 362 662 381
994 429 116 440 923 770 987 395
526 153 989 768 419 735 958 561
205 586 894 757 697 915 291 36
184 797 419 915 74 834 62 575
528 355 488 599 899 162 204 599
926 653 319 437 667 129 336 656
960 316 17 668 154 697 864 952
957 104 573 74 130 694 209 927
480 181 944 776 821 288 727 978
83 950 240 940 368 913 945 992
747 880 166 329 948 454 508 688
35 831 52 211 993 840 468 99
793 490 542 996 457 907 813 641
868 839 277 236 382 302 432 517
277 725 597 242 74 131 112 842
450 51 416 178 509 821 609 546
184 443 448 838 469 812 857 787
385 980 902 536 92 15 214 127
453 895 449 910 270 76 622 655
699 57 89 257 624 528 881 574
999 554 712 961 152 567 228 239
819 267 136 336 821 236 481 647
565 761 295 449 171 458 449 950
127 727 974 213 786 981 59 833
340 656 278 704 384 570 948 124
985 63 331 444 634 177 707 831
372 169 374 969 973 570 361 185
461 721 203 636 957 564 866 229
261 230 312 470 572 380 546 879
401 369 610 53 914 800 770 951
328 817 235 377 386 813 934 49
771 202 789 585 669 999 163 909
289 529 73 497 73 769 515 166
369 459 208 248 50 703 277 689
265 751 369 828 677 0 992 30
158 974 369 777 235 841 535 665
380 464 921 734 443 698 331 661
78 92 688 685 473 395 464 429
924 881 387 998 557 755 430 406
873 37 428 277 737 381 947 798
575 787 832 767 211 949 328 446
85 118 509 9 736 891 6 19
222 779 534 668 637 514 927 886
272 420 687 471 678 522 139 501
18 937 39 602 376 521 942 351
609 757 346 960 625 597 225 806
613 13 536 293 925 935 574 575
348 712 211 611 80 829 494 426
465 334 25 596 80 674 233 837
539 276 595 86 604 164 367 928
11 877 246 586 65 596 96 883
405 647 974 710 27 733 346 129
72 826 349 66 275 265 714 501
587 484 977 264 82 31 874 14
881 75 485 898 269 361 660 576
408 936 201 674 980 26 782 281
533 463 871 745 751 288 891 225
229 106 295 151 690 492 853 945
18 484 37 9 286 703 37 575
737 732 972 884 589 936 708 652
739 965 620 162 278 818 408 241
911 208 27 284 662 493 474 206
830 227 915 313 709 870 525 226
615 333 881 620 102 701 921 414
153 460 679 95 747 8 714 849
909 707 605 37 763 225 321 305
753 435 169 87 207 108 741 433
131 258 480 938 465 126 242 223
303 767 492 136 908 476 42 203
925 754 977 101 995 577 214 233
616 292 629 644 730 680 697 890
213 809 711 93 642 365 912 61
336 642 619 481 829 696 766 952
722 550 950 181 514 624 433 386
523 660 348 49 575 494 37 518
429 624 230 961 196 776 447 223
474 136 366 64 94 606 127 948
816 811 854 61 802 647 54 55
265 512 531 463 367 59 396 797
712 806 449 828 973 452 359 997
914 888 500 413 44 693 206 851
927 112 797 80 895 26 998 644
691 168 35 864 687 249 305 292
695 183 31 833 515 66 143 188
719 90 543 421 133 200 169 166
312 280 241 111 169 329 429 610
107 652 868 783 745 226 823 307
252 639 990 525 542 400 47 573
943 345 578 108 112 884 266 495
1 261 803 292 443 65 676 775
355 386 220 759 354 447 148 432
9 996 115 536 273 596 382 96
866 658 194 540 160 687 155 562
363 758 264 513 725 816 310 431
42 871 854 987 723 992 830 856
692 335 254 104 581 813 157 507
356 371 910 278 361 353 248 64
558 70 685 373 141 278 687 784
667 185 693 294 933 2 471 622
180 443 640 90 850 660 145 406
129 232 921 943 811 890 6 668
239 534 943 190 276 949 20 353
425 891 982 78 24 545 877 422
926 846 816 901 341 205 856 757
753 181 237 827 47 417 207 881
187 32 813 845 857 748 538 285
408 809 35 177 841 330 196 496
341 2 188 671 481 901 997 2
604 518 473 606 874 646 665 661
775 50 238 85 8 957 531 426
778 891 758 311 834 393 790 943
181 8 553 138 835 215 814 286
242 945 141 927 803 188 678 422
956 4 874 437 945 976 151 115
585 379 782 111 284 949 322 201
161 470 801 779 513 827 604 2
647 432 850 72 101 353 83 934
79 166 236 78 253 303 24 429
231 855 379 601 259 524 958 792
990 723 4 592 769 927 540 694
231 317 169 457 448 903 153 694
989 813 977 535 785 153 769 371
262 145 955 912 37 998 808 134
969 486 427 578 854 417 86 813
59 413 70 775 481 976 3 986
158 37 20 796 181 729 628 770
9 917 542 427 726 359 295 259
138 621 617 104 621 976 906 373
487 415 941 143 715 333 551 509
530 926 73 71 564 451 28 292
911 430 17 486 462 344 21 660
389 837 183 31 448 357 976 371
538 699 536 287 812 613 675 470
228 650 786 793 655 277 857 519
531 517 88 112 352 416 722 438
969 844 685 514 248 812 687 598
805 481 388 743 737 205 431 329
297 752 9 716 510 365 427 84
226 14 184 896 315 288 69 585
216 380 830 801 183 184 138 117
79 158 412 45 862 769 220 747
993 839 914 845 916 568 359 262
241 410 73 480 600 739 500 316
535 574 106 593 24 690 976 196
688 446 306 539 696 544 359 805
288 349 477 56 223 554 874 904
77 193 457 824 546 530 353 532
220 435 670 883 320 38 83 182
84 331 305 529 800 531 687 597
503 540 648 594 0 393 729 57
525 875 115 228 767 29 148 694
813 772 85 981 966 224 622 546
315 848 156 799 110 436 500 694
828 142 502 114 384 14 242 319
563 994 831 168 918 31 220 588
323 169 115 445 677 380 544 380
930 411 368 351 575 39 660 92
401 697 880 586 122 735 21 770
18 986 35 915 103 839 720 163
917 471 606 737 528 780 55 423
3 760 362 153 85 317 800 729
288 983 174 605 460 637 919 797
254 446 403 113 626 388 206 572
737 802 714 328 193 326 156 602
403 562 902 978 688 252 192 741
97 458 421 239 181 557 612 862
763 230 542 491 879 927 128 123
143 26 0 332 747 858 481 718
330 736 365 802 433 276 660 844
745 575 580 338 305 361 20 421
120 352 243 792 340 868 127 24
405 755 740 612 570 718 457 190
312 810 775 751 315 517 663 199
751 148 210 304 806 192 882 986
453 480 454 679 158 658 568 761
566 856 422 237 342 936 444 707
259 802 39 422 298 804 366 547
318 117 646 570 649 956 432 682
239 78 187 607 666 725 78 560
991 753 945 798 53 750 715 571
307 994 814 904 916 715 598 334
400 886 30 751 724 594 305 186
983 921 458 741 332 794 650 904
165 818 514 413 743 526 972 522
285 653 66 45 108 503 289 929
219 449 495 391 46 168 2 934
701 478 560 135 426 784 152 768
596 453 723 47 88 325 640 555
497 159 780 740 515 626 707 666
988 738 224 886 457 551 538 668
447 314 109 46 639 68 709 515
399 350 246 172 708 508 580 802
567 472 274 704 858 355 512 987
529 382 972 865 927 892 35 664
671 459 793 302 327 154 945 660
606 606 206 862 640 321 954 492
744 683 278 7 544 311 515 752
36 92 955 41 289 497 172 559
551 183 502 476 290 85 188 721
793 123 571 528 2 26 671 668
494 743 865 757 526 844 674 445
728 557 14 214 245 530 880 207
106 577 210 529 294 273 287 312
54 964 168 202 67 952 91 366
282 289 877 170 457 919 979 341
328 628 923 515 462 887 364 349
192 70 499 773 557 700 396 823
623 843 357 605 377 45 561 936
271 239 236 956 598 556 434 92
277 751 776 486 662 286 245 445
500 937 93 296 859 742 583 156
384 78 274 702 654 911 282 916
212 777 279 420 723 498 772 306
313 617 291 810 408 522 417 241
790 222 215 541 152 79 424 886
695 39 10 437 514 296 577 431
681 200 193 878 543 318 289 859
515 66 2 75 276 687 773 708
333 697 108 597 323 314 693 710
86 375 673 128 528 826 254 479
421 134 203 50 428 401 119 95
967 27 23 117 57 746 891 862
649 850 618 314 842 97 339 982
832 448 206 280 63 748 819 883
142 801 350 160 35 244 964 514
934 756 122 570 630 578 685 409
515 946 760 447 829 91 36 182
944 616 286 789 211 991 337 609
556 582 474 623 246 4 154 913
2 495 353 131 571 277 207 238
646 484 610 785 435 967 420 514
688 839 22 434 450 895 798 648
605 518 745 520 990 496 402 754
527 615 951 429 90 510 929 701
97 314 653 168 452 720 403 618
774 780 292 911 488 228 877 719
711 837 412 219 831 536 592 300
639 823 476 610 797 117 204 498
309 218 527 929 850 748 456 159
543 584 113 664 98 510 25 541
862 394 916 36 688 337 820 772
39 636 324 282 714 369 388 477
97 812 236 891 428 252 984 654
858 53 719 621 447 218 871 591
755 446 734 482 635 225 694 983
825 590 994 288 653 559 815 500
39 72 398 421 213 866 426 40
644 8 669 938 742 820 301 907
888 139 796 257 2 164 290 590
900 767 907 349 73 142 413 299
984 886 344 981 317 172 769 476
293 6 843 529 937 434 172 421
371 320 664 965 830 809 471 387
949 687 534 801 969 533 28 628
34 768 91 135 635 307 665 612
287 660 311 77 267 331 842 58
944 176 501 20 68 706 29 62
831 578 682 56 297 962 316 769
304 395 807 364 681 285 167 6
356 837 790 263 367 179 149 785
517 843 47 971 307 984 615 690
750 934 370 118 91 256 935 294
960 253 977 193 501 547 774 489
202 78 902 866 334 772 68 250
607 826 507 545 852 70 277 375
241 624 289 207 807 304 493 637
784 325 971 345 531 726 449 405
364 652 258 933 190 77 409 908
41 993 851 681 259 718 50 112
231 209 632 957 177 111 152 558
928 144 75 84 945 77 271 569
472 227 553 313 609 237 747 191
296 191 835 211 4 38 334 950
888 60 242 274 547 707 900 61
656 856 890 393 747 82 875 129
915 779 245 834 317 130 118 318
886 532 975 737 836 397 936 784
11 778 39 175 986 773 66 740
784 89 588 639 352 633 994 363
788 710 215 833 708 644 747 447
171 150 650 164 302 343 15 226
762 441 517 8 275 811 498 798
977 799 87 927 171 952 55 40
720 475 423 470 603 858 230 593
933 982 364 455 368 451 213 525
574 48 913 753 181 656 318 491
429 802 789 524 691 264 878 345
822 437 581 173 914 310 975 910
592 605 308 196 526 546 280 462
514 496 94 731 656 321 817 157
885 823 80 786 603 621 716 296
831 647 647 773 515 654 754 348
389 619 638 704 112 233 243 656
0 530 3 146 255 118 886 58
737 689 249 842 37 215 593 847
564 723 248 817 653 424 120 941
569 18 120 125 33 659 657 610
259 218 21 44 461 722 693 824
469 146 625 543 191 584 17 849
836 383 843 593 877 8 320 372
263 368 625 82 373 84 91 232
354 819 490 82 287 753 727 573
488 899 266 658 905 556 681 463
743 857 104 745 905 246 184 510
717 624 554 179 247 917 850 128
459 308 336 991 381 274 838 295
219 67 226 507 594 523 185 205
798 971 591 382 59 492 464 888
140 341 897 294 759 449 802 397
447 297 745 408 64 936 164 127
268 823 791 896 972 1 673 22
234 644 782 582 42 44 443 761
411 496 279 804 916 810 464 403
178 812 962 971 740 168 494 631
676 697 248 322 455 589 347 753
488 235 469 571 16 989 665 519
490 677 840 111 926 993 969 873
588 347 789 205 112 15 151 136
973 416 964 843 202 984 25 466
366 437 832 640 680 891 752 471
821 308 875 461 888 806 557 297
243 657 245 993 797 231 762 626
536 114 853 218 549 312 789 912
51 426 819 425 704 499 638 107
741 649 765 35 855 43 579 227
106 105 805 54 721 696 521 969
593 618 306 633 680 352 984 311
448 840 134 928 745 470 765 326
917 106 515 902 794 442 401 265
518 134 763 308 856 857 290 526
954 421 673 962 170 213 984 62
355 567 282 540 978 939 546 602
389 371 501 879 757 296 331 527
932 759 298 939 625 520 895 143
661 316 511 254 930 461 955 232
375 681 300 280 152 338 560 492
242 522 640 63 192 194 237 839
371 918 978 645 136 139 580 228
854 524 519 940 844 664 962 680
455 892 850 151 59 486 79 844
915 756 545 364 557 718 849 123
235 772 516 681 557 818 520 767
98 992 615 224 313 822 987 494
38 893 51 784 647 354 240 268
