5000
27 326 587 436 519 140 727 541
749 348 243 459 130 518 256 354
771 915 677 320 429 889 228 850
838 997 673 722 616 199 847 384
393 232 933 590 100 998 431 584
710 996 930 390 14 116 403 186
752 365 647 259 35 797 923 4
513 821 15 594 52 517 74 961
230 497 875 151 685 192 587 338
164 292 81 864 473 332 953 900
361 45 427 349 156 723 623 486
583 503 615 260 673 733 807 718
48 346 508 198 706 29 812 888
49 713 231 98 944 461 668 498
497 486 766 914 477 325 594 279
685 42 376 789 928 868 155 990
219 660 280 695 48 85 165 6
988 899 315 863 520 360 433 54
949 191 326 462 570 110 413 546
9 570 540 569 413 41 227 757
404 230 42 263 591 457 583 463
433 209 550 559 335 38 731 931
140 21 934 288 432 814 193 378
221 794 267 538 465 757 641 690
581 427 408 964 96 45 162 380
104 260 736 896 769 160 1000 183
426 518 34 111 442 188 39 32
951 861 617 792 489 956 760 736
492 435 280 886 633 453 544 322
622 742 901 211 871 386 94 161
7 463 987 815 884 568 459 749
497 330 440 663 733 402 160 512
97 84 737 785 350 100 898 230
120 147 742 142 840 390 724 415
638 351 276 1000 480 898 515 657
806 183 74 434 485 141 730 243
801 133 654 528 232 836 174 774
785 205 226 997 184 948 849 362
157 963 576 115 312 686 309 696
853 117 557 965 403 585 595 196
547 631 405 970 656 559 759 21
373 496 173 865 87 22 525 588
354 718 783 612 787 559 439 184
74 126 97 192 416 403 113 856
675 626 638 499 680 830 840 770
919 101 886 794 233 204 947 283
359 587 852 210 839 419 282 804
927 218 979 195 113 381 305 377
988 538 63 610 173 907 77 96
989 16 926 771 998 517 362 47
917 335 360 950 820 763 417 334
811 51 572 327 638 555 720 723
189 851 631 600 138 965 598 856
68 380 32 588 192 147 906 899
997 683 158 255 893 651 822 523
737 393 87 882 621 90 570 388
556 301 953 979 540 721 40 34
695 690 790 988 771 418 366 150
355 621 436 451 292 156 213 620
501 612 33 335 81 393 198 694
853 684 850 846 595 887 394 519
915 615 746 868 998 119 386 68
71 721 731 456 320 100 480 723
204 250 270 177 160 149 1000 673
269 733 535 920 504 362 74 455
610 37 753 163 415 148 690 267
590 307 691 877 861 399 949 448
53 353 876 533 434 813 170 140
253 808 81 496 507 386 983 864
623 825 265 690 295 758 8 195
253 793 171 847 520 509 758 305
961 15 676 296 343 954 778 858
504 193 676 73 560 461 101 283
82 205 501 3 921 734 19 906
5 558 68 980 856 250 685 426
772 940 734 552 148 444 982 485
87 910 57 874 696 145 203 623
752 166 435 629 304 386 979 524
564 417 446 650 291 10 533 301
169 848 286 918 112 776 516 703
875 590 653 826 992 40 855 121
455 985 383 146 667 827 197 817
723 810 43 520 430 286 14 704
647 207 800 749 740 694 395 537
797 130 909 216 989 27 688 225
146 549 541 617 169 208 429 801
768 176 33 644 720 873 615 899
757 741 764 813 927 169 862 709
153 779 429 697 441 896 762 47
770 50 411 831 31 657 648 927
554 380 690 515 523 833 591 41
470 590 715 275 764 880 10 506
164 892 144 413 616 1 159 700
215 244 368 366 174 692 913 89
538 534 19 509 971 831 698 249
596 476 682 18 871 541 396 549
856 49 850 201 780 99 241 261
71 420 916 689 951 80 832 76
558 231 113 44 499 767 704 861
209 595 344 644 82 915 396 735
563 143 546 821 755 701 168 980
132 349 907 871 687 593 434 169
915 563 157 213 624 780 116 352
633 0 988 552 753 114 943 793
548 880 898 35 72 961 395 303
429 555 861 512 436 543 349 49
567 276 97 317 403 558 295 715
909 825 592 965 806 722 440 701
665 244 659 39 391 693 636 703
493 134 316 676 196 805 32 896
847 771 402 745 660 747 181 769
964 994 164 126 434 426 521 878
772 704 525 970 875 628 873 148
136 860 674 773 570 14 677 884
193 537 76 380 271 58 969 893
15 733 810 871 643 430 721 527
270 418 365 597 272 104 372 333
811 500 573 819 716 242 496 165
64 19 544 243 547 60 703 239
736 377 66 227 418 883 104 669
547 398 610 442 911 33 773 300
89 176 385 381 657 340 528 821
275 637 269 222 253 567 269 638
542 243 141 32 801 860 225 470
870 132 980 911 545 142 351 77
598 453 204 569 647 93 527 786
689 845 960 286 805 953 841 418
924 64 255 193 402 809 396 338
274 879 86 685 17 433 758 993
609 255 590 595 872 757 555 837
288 406 88 837 807 483 816 919
283 397 468 534 767 592 495 269
55 702 87 625 620 830 271 734
158 473 933 581 302 232 944 506
443 270 266 824 872 208 768 961
444 889 711 408 281 407 971 518
618 912 962 518 92 672 550 834
283 118 771 998 588 134 813 67
98 333 46 324 862 713 668 23
532 513 944 117 497 54 297 556
161 246 701 523 789 283 236 2
378 641 889 282 560 16 560 24
447 519 700 266 478 364 568 410
757 359 167 490 233 159 113 332
764 156 501 723 639 738 819 324
716 506 373 66 306 43 861 936
561 927 628 646 564 377 500 767
686 235 698 390 989 105 483 880
637 380 754 911 952 795 662 470
262 670 784 224 226 105 267 837
673 783 52 299 422 852 583 390
4 775 751 484 751 48 552 18
859 14 398 678 495 405 899 961
382 979 387 110 61 491 593 68
278 210 135 383 659 574 275 117
18 325 643 939 133 763 356 254
677 744 160 352 237 222 380 956
678 97 191 490 729 460 751 848
812 883 245 220 762 220 283 24
744 746 861 192 908 980 128 289
237 958 966 269 766 387 964 66
626 127 857 956 70 640 823 593
261 149 153 53 928 160 863 585
659 735 284 13 590 914 383 384
975 195 726 316 724 761 977 615
719 459 66 128 310 106 424 300
878 743 423 598 312 113 631 9
532 418 488 307 112 354 45 405
533 233 949 178 162 785 398 352
94 630 973 433 391 425 199 121
567 377 471 227 709 290 192 161
208 472 235 353 979 705 203 300
194 72 776 812 247 674 250 282
452 651 307 764 400 423 909 0
556 835 558 796 883 427 35 241
561 129 38 803 369 669 347 322
504 37 106 443 347 320 178 226
447 22 179 530 584 8 881 101
752 566 476 807 570 119 641 205
144 973 18 625 833 715 385 341
383 156 177 192 448 432 694 101
466 808 279 164 903 442 336 497
828 203 525 508 830 840 274 508
505 911 499 123 87 790 98 183
99 685 477 349 589 597 869 742
354 985 499 729 326 449 932 795
888 630 820 550 679 418 790 783
194 832 115 287 933 985 74 643
900 294 432 220 441 559 198 505
769 552 899 769 558 897 640 732
830 192 310 585 888 721 148 304
743 429 575 811 871 348 879 39
258 35 329 94 95 375 101 591
68 166 318 543 379 559 637 778
211 90 771 927 919 679 184 283
586 367 995 58 671 53 260 856
779 343 131 261 954 876 434 746
672 453 654 147 151 678 634 77
597 340 647 985 335 941 732 226
309 171 732 786 361 294 488 462
884 632 591 102 312 595 705 805
598 13 578 139 617 176 578 538
248 345 535 731 175 220 403 51
672 569 496 300 7 511 534 513
730 664 808 320 716 438 293 630
276 567 194 241 172 34 151 943
586 531 492 323 536 576 847 305
925 677 341 630 53 919 489 907
811 940 112 819 960 573 415 854
190 868 573 928 29 52 673 659
676 817 94 286 708 926 748 136
771 546 91 116 401 62 418 325
964 768 113 899 500 574 788 214
105 751 360 964 872 271 40 184
899 915 129 21 138 59 43 542
236 263 66 836 362 901 706 660
767 376 274 967 765 409 983 874
872 786 828 873 578 510 129 241
184 3 673 682 771 477 59 610
390 46 34 330 899 44 754 701
973 183 905 946 422 870 663 903
464 336 927 252 626 845 509 945
175 197 937 217 145 838 155 685
805 576 848 829 259 852 893 730
5 925 646 207 411 184 26 585
56 491 677 936 572 380 775 586
421 981 643 500 766 911 70 856
333 375 429 485 711 782 701 750
897 668 960 370 82 472 25 759
424 596 132 27 511 887 674 174
647 25 986 858 296 93 533 934
58 608 595 313 949 120 974 601
280 23 475 523 784 220 969 448
12 796 496 479 139 132 31 536
80 42 776 244 631 392 144 858
499 678 916 509 372 996 766 107
602 452 888 314 263 379 624 916
678 26 274 978 854 743 897 624
317 323 548 229 360 634 748 39
106 456 908 382 365 636 760 436
724 595 555 94 51 273 754 163
869 553 630 835 745 605 517 688
754 440 127 173 234 93 567 438
622 869 364 267 427 195 360 977
857 595 497 613 105 161 41 362
378 944 411 513 24 638 785 994
801 945 719 770 710 187 349 674
125 793 53 917 462 346 945 906
608 640 672 59 337 773 61 505
241 647 394 563 542 850 374 959
422 212 561 250 22 965 386 381
958 532 802 268 620 303 831 163
502 759 939 727 875 391 159 315
276 348 744 997 417 960 431 766
180 609 77 85 49 510 780 900
745 338 953 750 827 603 725 560
431 373 41 929 854 719 164 453
711 654 944 661 107 888 27 14
420 267 897 517 579 511 997 500
900 974 899 550 669 964 674 256
939 798 40 797 248 389 68 620
884 319 780 766 877 362 950 896
141 33 304 911 907 629 367 985
418 975 290 149 705 801 961 712
237 208 6 713 39 519 556 23
390 722 759 914 659 112 881 689
148 320 40 64 851 385 991 206
711 534 766 459 717 491 588 78
722 552 687 547 231 752 82 591
124 99 298 53 46 432 87 69
235 420 852 647 532 978 117 489
475 214 335 805 189 228 583 639
290 440 607 713 222 815 775 216
455 80 696 386 469 472 555 680
114 94 329 531 813 935 220 153
52 380 433 52 846 529 212 512
921 840 101 169 15 785 151 52
512 847 782 926 969 149 794 557
452 449 95 300 536 818 16 811
698 184 485 480 609 445 234 824
842 207 376 838 457 596 945 608
758 854 895 635 547 400 632 848
113 253 864 131 808 165 415 984
825 641 342 740 367 301 349 552
930 321 484 360 141 175 819 427
869 104 443 650 905 924 73 289
580 973 496 703 337 343 707 253
717 789 760 806 935 381 641 769
676 558 77 589 816 418 320 105
877 366 913 109 960 553 295 665
417 955 931 571 702 657 376 420
32 212 970 142 597 374 872 687
531 222 337 552 639 222 974 285
216 424 599 224 471 356 795 727
583 184 408 1000 456 53 407 852
316 508 740 501 614 125 361 429
173 455 149 698 567 42 85 698
607 233 816 962 987 850 396 971
904 112 839 708 286 639 139 780
140 699 398 32 111 703 662 499
820 46 436 407 849 686 33 220
357 520 289 779 433 957 909 480
885 202 227 599 755 688 10 440
321 509 419 785 446 964 460 161
263 379 531 244 815 157 685 421
313 962 734 811 58 81 337 387
612 148 423 407 575 737 329 545
819 368 509 280 729 213 614 44
538 746 44 587 766 976 638 297
579 225 201 10 968 708 334 475
923 123 213 712 578 517 18 464
500 368 300 896 767 952 357 157
347 897 363 414 80 587 951 874
924 766 331 112 173 43 844 92
36 181 99 992 163 952 250 614
759 106 168 541 770 541 381 497
785 534 553 895 580 583 850 298
306 403 1 122 987 13 960 955
810 879 940 360 252 782 964 791
676 821 204 188 213 871 307 690
805 369 11 4 553 390 442 27
647 555 301 590 245 285 320 322
338 655 770 535 797 935 49 887
43 655 773 948 663 902 600 174
147 794 137 698 253 300 284 144
299 107 396 91 17 783 983 487
177 974 78 334 815 269 868 549
707 470 83 441 712 169 886 658
52 486 842 185 225 71 214 979
680 602 274 870 585 986 148 915
999 127 185 172 535 377 339 969
666 457 840 116 866 143 919 961
805 385 741 490 942 605 812 291
153 357 270 36 413 814 261 339
428 712 140 760 228 856 680 15
124 786 321 983 841 631 742 554
74 318 271 867 189 197 258 446
885 412 262 725 479 627 160 45
608 87 148 533 418 688 340 688
703 973 779 231 438 304 907 649
845 122 297 426 806 495 497 730
894 96 749 730 573 193 496 12
804 1000 724 823 20 720 384 240
875 933 381 972 275 936 813 46
140 285 48 865 55 54 174 282
357 333 983 2 231 950 766 16
37 523 130 973 500 420 142 879
6 595 816 720 151 639 473 90
942 763 245 229 506 644 564 407
797 751 969 313 370 855 207 514
1000 120 93 878 44 565 592 553
804 15 431 501 3 735 723 766
411 796 2 823 769 791 762 160
572 850 104 599 223 738 975 784
540 880 254 323 215 490 386 472
526 206 650 115 767 464 735 638
520 832 497 654 271 787 659 582
801 453 50 829 603 812 527 415
402 442 649 145 183 539 724 517
731 505 974 739 247 174 174 607
211 337 402 239 52 437 936 208
521 144 181 29 810 701 72 131
89 474 823 901 682 884 727 455
30 500 145 352 307 913 284 154
741 31 72 288 106 418 971 717
486 789 783 35 482 31 689 178
942 652 377 271 640 260 824 299
326 146 835 817 106 314 859 457
721 486 108 191 982 60 919 222
996 256 584 722 827 599 628 603
960 27 873 859 556 146 136 839
299 892 122 487 524 39 664 555
706 156 44 136 263 660 528 837
303 873 267 334 125 591 730 23
922 826 791 804 234 20 505 561
133 113 854 278 922 447 414 628
28 669 465 270 806 662 286 271
381 466 947 992 247 418 437 885
961 670 64 43 819 784 719 6
609 384 8 285 891 501 30 106
145 873 14 524 804 146 538 64
18 336 995 998 892 301 436 334
848 633 119 6 17 538 381 966
119 71 21 380 387 164 695 231
27 661 389 276 563 752 214 845
238 714 236 810 105 274 168 505
289 381 794 911 464 773 214 408
218 155 617 411 718 187 857 405
151 369 640 598 38 887 380 198
319 336 358 286 515 408 620 215
408 482 486 117 836 593 879 804
650 622 557 625 103 199 610 229
927 233 273 867 823 378 371 676
58 928 314 950 35 665 869 764
102 333 880 742 56 697 584 399
322 990 848 970 180 242 341 543
432 51 678 90 811 723 725 826
207 473 758 816 491 355 95 165
680 899 94 718 718 192 604 475
80 616 740 847 579 334 418 781
178 227 851 267 5 911 944 217
908 101 790 761 195 35 368 408
122 897 10 879 996 719 85 414
759 973 934 445 216 136 939 972
268 977 215 81 702 673 629 269
266 678 964 694 732 357 629 794
984 700 770 256 453 240 621 802
19 908 499 628 365 881 746 87
207 441 344 670 606 759 744 728
207 588 929 825 725 830 513 681
346 55 726 979 886 43 463 266
617 160 247 40 61 731 813 605
791 131 225 360 587 42 184 181
517 822 624 844 36 622 332 66
329 12 568 673 431 12 902 42
277 237 41 49 580 865 830 753
341 514 907 720 386 593 679 393
190 291 773 628 12 608 500 372
756 266 740 379 438 91 518 1
472 149 676 393 91 745 186 140
15 591 478 572 513 459 396 789
888 99 67 571 325 755 433 827
159 2 337 546 190 188 910 425
724 102 956 981 870 477 611 997
559 169 704 680 998 418 442 360
712 653 56 962 927 626 279 231
134 87 569 994 455 735 17 598
310 775 21 205 51 604 781 383
337 860 891 363 878 393 883 945
409 232 733 604 727 107 596 778
218 756 810 178 495 306 706 675
594 153 296 768 313 210 45 687
644 107 672 931 943 184 266 783
581 861 368 245 951 151 397 865
638 307 93 473 933 737 885 983
946 332 975 864 758 556 137 768
851 917 474 601 760 889 978 761
585 394 59 377 812 741 882 718
460 63 196 465 717 124 903 709
457 437 662 18 239 277 518 431
694 965 960 203 561 548 541 637
687 300 394 120 954 825 926 255
809 91 162 395 552 88 857 807
574 158 49 127 404 699 261 405
384 846 381 96 660 702 3 655
616 632 253 609 869 831 735 371
82 139 802 493 306 375 728 829
211 388 62 374 585 873 719 118
663 679 659 342 953 25 63 367
880 105 221 293 175 269 728 822
288 158 393 565 801 804 82 281
363 160 107 397 474 969 161 830
167 699 311 110 799 31 560 754
786 321 886 751 813 738 530 897
76 209 143 794 306 314 980 473
196 3 501 244 372 492 201 387
138 500 32 105 777 913 704 731
476 955 0 351 491 963 399 568
336 991 2 414 150 363 313 604
534 957 966 392 563 252 673 472
173 207 263 133 966 121 576 197
486 743 501 518 298 603 761 688
133 775 700 335 460 725 204 327
166 41 370 691 730 346 812 93
304 393 183 969 300 126 252 429
100 592 361 644 790 25 320 465
714 167 823 655 902 309 273 586
947 124 529 151 488 851 211 231
760 548 791 809 10 808 253 587
404 295 875 548 99 797 357 107
577 291 197 2 475 663 815 596
848 438 169 685 801 699 940 430
285 763 253 586 453 981 646 641
783 188 65 635 112 844 268 351
210 577 196 248 745 283 796 592
555 22 700 396 947 245 478 246
758 776 448 418 358 898 254 859
343 954 983 798 624 258 492 525
19 358 589 935 323 0 922 869
583 893 588 301 746 404 245 40
714 285 865 711 968 605 444 137
445 838 942 379 435 879 971 131
999 474 47 932 111 528 992 556
549 916 132 392 3 439 933 133
163 545 100 621 884 351 472 40
219 772 601 344 418 425 717 296
358 579 658 90 299 813 886 172
74 754 439 351 429 223 136 598
101 207 753 289 687 519 406 708
459 62 734 118 413 850 974 619
476 597 539 355 979 490 412 268
931 965 228 650 470 660 4 197
423 807 800 362 2 936 918 954
191 650 584 486 871 731 150 677
461 547 888 957 465 386 757 243
94 314 19 402 14 506 170 975
400 725 654 624 718 303 719 811
997 569 252 909 709 107 475 255
156 877 83 322 959 854 129 51
732 600 166 581 73 730 44 832
66 316 953 812 993 836 975 857
904 881 987 139 809 537 365 361
619 55 736 955 850 53 120 825
409 545 284 955 159 915 419 54
771 757 303 930 373 166 378 970
204 843 789 658 227 673 629 73
313 592 428 533 264 256 923 845
556 148 878 11 470 614 601 706
766 834 850 622 243 143 764 576
340 408 115 183 349 10 640 429
631 310 469 365 469 192 189 718
224 458 693 936 538 533 516 242
543 307 285 433 195 93 691 570
405 411 958 490 27 847 782 673
300 396 650 438 527 166 229 127
782 520 399 352 590 757 144 41
152 244 150 46 117 601 788 481
700 79 728 884 889 463 576 781
461 955 171 678 905 97 752 300
307 207 757 3 606 921 514 282
282 952 22 664 651 521 323 249
113 354 179 45 192 472 847 82
458 716 8 704 94 620 153 270
83 686 853 186 67 969 922 964
389 219 377 173 469 558 106 974
800 963 174 427 795 703 724 750
182 47 222 985 976 613 674 991
645 832 479 734 554 726 53 198
924 707 971 812 85 444 832 979
688 148 162 419 534 63 207 689
234 561 718 187 131 50 34 200
541 620 392 308 999 545 708 390
839 745 573 10 915 849 740 650
707 132 930 604 766 527 672 954
367 689 822 712 679 52 463 295
431 612 263 633 771 948 339 524
980 244 92 240 281 53 334 745
459 400 475 50 769 660 288 431
983 344 330 915 907 78 616 653
806 839 565 960 22 858 363 415
168 301 460 654 792 632 42 120
293 493 611 407 374 381 53 266
384 108 372 41 827 676 156 486
97 309 787 796 282 719 154 712
599 503 629 143 953 736 226 208
359 118 326 76 26 856 169 875
303 589 255 184 342 153 264 746
921 585 671 692 487 539 876 371
372 300 616 748 217 454 605 51
853 986 34 314 609 20 475 665
180 274 377 84 837 244 147 3
641 36 601 408 764 963 598 697
217 250 147 8 922 676 308 144
344 132 13 350 653 275 645 981
347 235 18 789 644 299 835 600
325 658 563 92 393 600 766 115
947 55 227 766 913 699 372 324
682 293 216 311 536 387 322 572
490 398 368 425 210 79 213 27
637 519 25 612 639 621 564 134
639 694 307 803 453 384 948 908
192 391 681 726 72 822 83 328
834 881 665 998 554 430 1 652
314 266 103 771 15 821 897 585
329 749 429 781 616 799 352 734
350 256 758 890 778 845 984 567
89 704 165 845 209 374 195 665
490 153 840 430 821 492 848 932
100 243 875 263 925 491 460 104
454 184 245 508 496 414 843 512
958 216 969 124 513 118 454 870
881 870 627 954 681 237 882 980
629 223 493 157 701 0 46 231
961 811 473 808 816 471 864 385
471 397 636 929 947 513 516 485
822 992 746 638 566 894 791 429
109 615 221 679 116 270 545 174
277 301 600 8 526 297 873 717
358 620 321 669 441 502 121 917
549 114 941 642 162 618 288 349
407 30 717 806 598 944 708 572
104 12 801 226 448 80 968 400
872 201 238 430 180 185 674 813
356 907 233 574 666 222 821 552
427 348 737 253 223 444 259 503
105 416 415 325 291 317 553 71
535 851 184 848 417 574 968 365
608 787 944 845 205 517 517 218
816 692 504 678 497 715 746 954
648 703 88 409 410 344 262 930
553 347 395 452 958 615 340 456
764 9 331 406 546 484 916 313
982 794 644 363 285 312 925 845
538 660 718 961 144 502 440 726
857 214 233 984 672 845 794 989
877 909 98 64 324 811 88 684
512 264 386 388 166 223 639 600
809 118 420 764 162 54 760 942
46 519 798 733 918 543 481 186
657 539 981 695 16 474 466 64
811 297 897 870 93 949 675 347
915 289 314 861 758 561 504 536
30 770 285 324 105 267 958 465
117 332 433 290 420 739 423 626
207 907 59 901 852 51 405 531
239 449 501 527 305 176 52 559
224 463 77 696 748 958 282 184
280 55 679 851 88 724 257 304
72 397 114 39 1000 286 872 116
74 991 842 346 706 516 112 395
124 292 197 834 811 595 44 808
129 588 702 873 507 449 861 727
615 906 68 68 56 864 621 159
768 96 630 31 88 572 862 74
670 953 124 944 324 327 577 476
809 606 395 439 110 178 760 297
32 399 487 17 785 953 199 440
138 851 271 602 74 342 201 26
433 148 303 230 695 225 132 183
902 306 643 98 515 766 770 682
141 708 286 939 927 883 519 509
399 556 381 144 289 627 384 514
554 647 345 961 545 542 634 854
943 113 345 848 846 946 878 337
97 959 563 417 979 318 680 129
607 457 220 5 321 132 687 197
918 90 98 355 550 595 788 815
594 289 733 290 355 644 348 928
379 528 410 634 650 952 18 589
445 465 297 853 57 674 688 270
51 882 40 35 857 437 461 127
566 92 383 690 84 626 633 942
584 596 731 135 665 482 135 895
148 307 825 332 74 95 256 128
266 262 524 234 195 613 180 925
344 887 833 300 83 633 424 102
969 670 999 236 948 383 61 158
659 989 906 881 472 69 599 106
255 712 344 902 988 187 181 482
606 884 129 6 316 698 304 707
658 244 246 557 212 1 423 878
494 327 297 426 383 198 692 657
514 445 700 747 211 347 120 82
491 695 760 482 202 7 599 496
736 915 273 799 575 271 751 510
336 523 843 986 185 751 512 208
948 800 556 780 647 657 461 682
143 301 198 414 671 529 90 981
317 661 931 880 225 798 736 788
428 222 207 307 487 282 784 572
869 933 433 145 8 727 639 989
971 511 155 647 446 459 488 947
283 176 752 947 364 869 961 982
795 111 943 87 106 72 866 956
611 964 345 262 338 297 383 151
493 95 491 911 562 0 465 186
816 157 389 566 189 786 491 961
977 800 928 490 677 189 630 681
911 216 593 972 844 373 439 811
47 777 521 978 860 682 710 275
556 205 177 629 973 936 554 219
806 721 479 674 448 22 336 932
253 816 31 596 130 948 599 56
628 46 267 181 699 538 573 258
886 119 872 972 80 170 563 636
37 2 595 742 719 416 404 570
781 452 204 998 13 129 510 227
852 280 338 790 828 474 324 278
912 433 381 273 242 323 630 871
83 553 634 250 800 851 57 127
976 169 485 704 606 421 96 377
968 83 89 395 205 397 760 572
1000 795 946 263 393 435 392 584
632 151 453 678 242 559 949 821
367 336 683 184 656 117 931 500
120 835 262 984 232 769 407 126
746 298 340 756 201 763 167 139
18 65 229 352 167 345 118 647
690 589 172 902 183 519 824 320
755 965 863 175 153 41 685 613
338 964 851 621 884 944 505 291
32 987 428 262 116 471 693 11
958 473 815 710 533 210 558 118
42 358 33 482 218 444 508 997
797 212 157 837 535 727 437 875
256 99 929 730 206 546 755 602
927 711 139 537 594 661 877 641
437 191 43 926 976 276 512 193
205 596 231 725 629 817 143 462
207 857 977 136 337 304 597 791
257 560 727 665 482 668 393 377
12 955 494 258 312 137 448 500
297 339 3 81 370 603 265 97
916 488 546 260 706 634 961 318
997 849 935 82 733 705 344 249
371 763 721 441 290 340 101 667
447 328 857 680 453 159 28 45
384 716 437 459 750 136 397 530
946 519 752 664 99 299 281 164
694 448 311 881 265 191 653 811
153 282 614 563 421 611 314 927
660 743 388 491 658 212 889 490
306 320 758 583 460 524 795 646
217 538 828 662 14 394 268 996
804 83 399 429 230 958 900 196
421 254 382 344 545 351 716 530
902 152 885 861 318 481 473 21
890 125 570 593 826 716 297 327
308 175 960 507 412 490 642 318
479 112 822 801 554 851 853 327
738 368 562 242 298 264 125 886
16 355 905 433 929 850 622 570
746 929 835 379 22 61 604 925
836 193 707 463 61 660 800 481
190 992 815 484 15 495 805 206
94 485 222 13 284 219 157 720
888 187 121 345 410 622 89 201
744 852 375 588 810 754 307 31
859 929 59 369 259 516 840 310
140 522 910 391 553 549 815 741
608 713 995 975 936 577 756 866
292 97 926 677 747 700 138 662
603 267 480 986 100 985 765 621
914 275 952 150 433 39 806 456
808 383 397 855 522 77 389 240
590 565 6 841 533 447 862 183
273 821 784 901 182 382 818 458
653 955 662 560 914 305 416 53
571 79 531 795 156 215 696 989
252 760 255 324 310 663 250 991
580 746 789 967 49 276 341 401
826 525 77 307 535 847 318 8
525 335 27 302 884 660 754 980
176 47 536 373 810 608 64 551
858 905 617 362 645 925 490 29
903 137 7 780 680 984 450 569
349 235 235 108 482 553 335 877
888 270 831 23 387 296 947 919
625 538 823 75 967 634 488 156
249 897 958 760 0 218 121 993
44 321 788 744 694 540 939 621
951 57 684 806 418 29 723 433
76 54 804 483 760 919 512 691
726 959 679 139 863 307 395 966
913 165 585 404 770 827 770 834
834 626 297 604 278 896 72 862
668 550 289 98 438 573 161 983
232 487 399 442 378 105 845 35
659 534 796 754 662 347 459 14
962 300 929 791 613 31 682 179
340 622 211 496 652 447 129 871
394 899 280 122 352 673 13 983
997 707 344 673 596 216 958 866
266 64 745 529 493 387 630 904
857 665 566 167 200 929 666 205
845 722 546 142 841 650 241 190
947 765 572 229 230 39 991 538
551 82 304 32 759 123 500 415
404 178 521 545 252 601 643 935
225 410 373 893 785 635 813 288
394 465 39 951 170 708 28 810
338 521 918 55 911 931 105 944
486 580 638 341 736 483 369 664
996 170 863 44 714 177 429 920
949 370 715 546 955 933 970 177
462 280 447 427 961 459 430 249
86 679 259 446 126 872 446 619
103 341 473 964 974 361 890 201
358 356 998 170 186 108 633 592
701 872 39 865 3 506 805 779
351 112 422 8 255 53 843 843
881 592 375 836 701 189 905 411
477 356 36 622 771 801 541 799
296 703 167 201 449 750 394 97
377 741 350 933 972 12 773 278
334 321 636 367 338 735 421 100
578 613 225 201 27 178 90 350
563 964 109 835 511 257 304 728
106 347 621 9 870 928 274 573
236 893 674 951 288 537 168 32
906 977 416 440 538 694 988 509
25 385 355 422 302 571 484 459
856 19 222 542 86 885 137 771
245 629 554 903 696 951 390 946
699 684 296 361 122 441 441 175
486 451 331 607 513 14 376 433
961 988 809 942 782 455 42 976
670 445 116 332 510 632 216 31
526 883 370 611 689 624 930 768
364 953 759 716 934 372 292 690
248 160 70 57 989 780 928 360
999 894 492 253 638 96 908 471
977 173 400 827 896 240 994 405
775 841 384 848 665 187 525 840
631 587 806 817 610 988 710 52
476 871 901 335 274 13 244 794
241 571 536 464 470 572 515 545
314 295 754 230 838 858 185 955
710 906 693 188 583 946 612 289
378 265 700 741 548 992 362 843
740 941 36 746 342 316 421 951
457 193 753 308 786 57 330 448
412 220 212 677 684 520 948 669
995 856 174 742 974 89 609 843
357 194 330 346 636 928 873 608
489 968 227 528 665 482 134 634
730 122 555 155 457 653 881 134
405 68 72 611 678 500 780 73
841 684 779 6 57 145 209 634
631 167 592 76 657 778 673 369
167 756 4 310 81 911 936 154
157 992 322 919 802 92 715 980
506 605 820 800 676 758 109 411
354 782 588 389 417 293 593 492
334 942 715 452 444 473 981 778
158 218 749 919 148 462 721 264
426 882 659 127 197 237 555 852
163 694 391 536 414 155 289 676
302 418 607 327 272 64 252 815
474 944 349 791 461 889 412 984
14 472 443 831 469 116 901 684
883 841 191 68 664 147 993 405
422 965 897 694 596 529 693 915
522 655 630 214 830 491 957 582
852 626 23 631 710 591 361 904
196 897 381 959 795 651 41 956
650 976 559 881 692 911 921 642
680 976 381 661 236 644 255 267
797 647 240 761 730 531 397 139
429 135 896 76 172 368 847 324
742 462 645 617 181 545 193 447
832 520 421 339 446 767 424 537
325 8 307 413 857 940 292 653
837 629 422 883 819 664 115 891
387 189 511 923 441 52 897 931
921 449 452 6 826 337 844 11
280 835 719 213 822 533 278 870
734 711 113 467 896 70 377 710
394 218 496 744 189 335 211 769
29 290 338 631 148 317 898 516
148 526 926 874 829 804 881 755
373 93 188 832 903 775 973 499
568 847 160 703 104 797 203 460
757 946 727 263 427 803 170 36
775 761 287 518 613 441 576 4
989 266 114 314 50 955 45 294
738 592 234 51 910 219 910 497
39 384 765 184 173 726 497 73
544 360 689 626 627 246 665 529
424 256 376 572 535 747 321 830
250 177 550 85 956 674 107 253
438 925 823 325 161 4 964 293
625 143 794 669 439 932 749 348
81 403 401 606 360 136 610 341
234 707 419 828 241 605 86 383
888 185 837 67 528 997 3 38
883 205 663 713 770 659 914 620
97 557 965 362 548 752 923 413
736 742 369 350 854 241 113 804
251 613 398 427 403 534 849 546
306 529 447 451 176 321 944 87
383 653 286 551 130 680 161 574
19 144 822 500 560 170 905 114
147 160 723 519 10 761 539 150
750 691 708 622 470 454 112 384
323 316 88 453 66 100 112 302
88 448 699 328 801 889 284 118
983 198 874 710 593 642 937 589
955 439 881 651 479 269 37 919
477 360 896 452 192 997 972 946
916 269 578 458 301 460 584 112
658 240 928 789 746 922 598 538
140 430 641 511 711 211 124 312
635 544 769 830 552 760 511 148
407 910 514 602 395 51 271 240
801 395 676 231 947 42 618 505
272 481 298 199 813 690 400 323
998 8 226 863 803 175 934 907
589 930 850 639 554 417 292 490
355 219 110 980 427 159 902 915
858 675 317 48 528 216 831 612
773 379 187 778 460 131 269 609
516 59 379 547 54 840 286 818
175 454 625 363 545 807 862 546
993 725 989 904 610 143 302 995
416 744 738 230 847 170 113 670
859 612 934 190 96 557 778 42
795 684 708 320 918 131 33 0
572 620 423 973 305 167 839 924
454 645 69 802 169 784 513 355
130 395 55 380 43 581 26 858
569 658 762 878 34 151 761 215
179 175 384 401 960 95 848 194
189 277 972 334 504 39 390 698
633 586 170 537 435 782 155 521
411 607 978 196 56 308 662 94
375 369 948 65 297 729 697 822
719 150 401 866 993 424 941 564
468 351 85 924 669 7 42 560
311 761 205 37 677 674 67 88
556 868 50 506 23 884 298 419
803 640 935 530 523 793 24 576
223 847 393 444 584 503 500 221
972 542 433 667 606 31 424 364
468 692 741 886 348 688 593 68
612 162 599 232 618 187 777 812
160 173 999 22 472 521 267 46
247 699 635 884 326 352 863 337
797 345 699 538 443 616 588 436
326 617 359 442 549 555 694 81
31 929 798 97 499 160 393 841
403 631 679 551 708 461 198 432
706 738 415 593 964 515 654 919
381 760 343 570 194 781 187 279
40 132 373 76 311 885 499 199
861 559 660 786 835 839 145 74
452 909 792 774 24 531 868 592
761 257 485 770 240 628 347 975
123 419 418 171 106 492 448 321
327 99 585 410 651 667 815 321
145 313 354 351 608 505 27 599
254 226 708 293 544 340 339 734
842 6 891 483 298 59 983 298
840 477 673 990 89 795 818 120
662 502 132 135 112 430 185 573
844 28 93 377 488 797 227 149
39 784 791 107 72 999 563 851
193 451 524 347 0 525 349 972
209 721 193 558 290 758 69 54
778 711 44 165 552 810 656 61
975 725 842 206 122 701 409 405
933 696 506 912 182 448 94 516
280 94 688 620 649 465 181 294
223 900 807 809 532 436 571 286
328 94 227 373 473 772 993 462
628 840 638 21 593 159 527 113
298 79 424 836 856 97 89 466
982 396 61 343 576 527 20 598
206 29 554 705 904 157 974 394
330 211 229 830 520 829 385 860
794 32 26 707 373 246 266 224
453 300 716 60 24 160 94 267
630 554 392 529 654 916 605 339
885 673 653 831 980 250 351 453
271 408 342 618 819 617 677 37
991 635 718 952 458 31 413 522
4 438 907 74 927 381 48 989
272 330 169 44 68 37 806 797
612 593 155 391 147 397 591 135
462 120 183 386 873 311 291 829
348 19 897 259 362 103 255 935
500 536 808 577 391 177 21 308
194 614 266 439 621 97 966 558
251 340 928 337 264 43 59 888
911 40 112 151 889 788 985 314
162 762 529 136 157 440 184 251
175 810 608 228 753 464 726 319
482 605 138 493 894 931 278 471
490 369 661 962 323 989 526 106
578 19 239 169 617 397 493 135
173 291 248 628 861 698 818 36
297 637 158 621 101 899 86 442
505 911 179 573 871 290 960 840
545 381 722 667 313 322 286 198
82 544 404 717 172 997 855 778
987 155 664 85 93 768 285 186
489 785 396 410 827 426 564 539
111 998 489 293 748 819 740 446
406 571 27 299 336 312 619 543
389 680 401 639 80 283 38 495
826 998 16 548 113 753 706 541
323 729 490 396 287 218 203 154
135 908 410 938 713 52 145 667
615 301 500 741 365 100 329 323
758 717 5 682 188 481 587 550
844 504 525 928 809 920 6 848
521 617 290 534 302 25 410 613
361 275 49 989 852 270 291 738
245 4 786 508 55 362 64 444
459 179 785 194 339 802 876 755
316 134 739 737 798 839 788 577
590 680 346 452 186 622 908 375
503 929 784 578 994 706 704 64
690 510 688 352 150 402 939 915
103 277 626 197 745 822 860 704
187 614 516 197 92 862 350 211
231 334 131 220 334 430 655 167
556 320 718 422 565 482 597 623
664 828 66 990 785 454 596 239
195 867 979 74 615 870 236 192
824 280 669 86 128 180 957 279
128 206 593 110 840 661 857 679
248 125 691 286 414 815 246 816
289 703 897 544 752 537 754 387
765 794 258 395 695 402 487 855
283 929 167 662 240 547 859 844
366 845 468 548 338 820 41 346
872 807 128 64 57 784 459 426
457 367 281 499 192 792 904 796
855 68 218 502 701 680 595 421
561 610 352 271 463 296 919 247
732 494 48 991 707 287 108 130
45 503 980 348 444 756 460 417
606 500 350 425 220 272 941 774
703 914 930 263 25 447 851 548
748 415 889 554 75 951 391 449
862 490 361 637 553 168 393 696
785 763 959 189 305 755 35 741
490 942 238 454 640 253 266 113
100 616 484 546 993 468 501 870
973 593 347 500 920 182 406 129
844 228 264 952 756 631 486 715
31 198 742 91 395 463 728 861
709 965 8 979 467 215 190 270
246 264 713 641 51 98 500 431
814 424 790 314 163 274 572 278
535 979 225 84 173 275 173 236
62 379 272 265 198 851 99 728
159 182 406 116 766 7 360 185
352 318 990 458 821 718 948 137
148 923 423 543 322 479 260 414
405 556 403 826 755 446 754 972
293 730 761 671 431 455 649 464
55 908 75 831 256 522 450 807
308 754 942 77 863 627 541 571
61 159 684 723 927 462 260 674
116 872 783 702 55 257 800 483
82 222 34 472 662 347 968 722
339 216 659 525 15 200 725 460
586 136 448 103 988 809 139 940
818 205 857 927 784 418 474 341
554 823 137 828 137 183 526 440
4 934 416 461 793 825 937 375
941 254 248 145 947 393 549 472
473 197 185 387 997 833 620 254
423 666 783 861 291 40 667 942
311 294 344 735 140 106 53 191
294 692 140 888 255 832 373 779
378 689 67 930 815 177 876 231
809 982 956 630 237 996 535 846
940 141 570 484 503 82 873 597
475 84 644 191 890 139 808 135
85 747 408 356 298 967 175 433
497 973 981 7 582 716 905 111
631 789 687 725 358 50 204 269
357 768 891 944 341 540 521 171
670 89 673 808 385 564 819 249
679 110 396 903 922 215 961 957
653 727 979 399 150 201 951 813
116 256 480 960 938 796 856 441
26 832 402 470 756 787 843 990
290 407 798 425 541 219 993 196
273 936 763 902 863 687 271 984
766 504 736 364 384 538 134 675
991 975 165 287 449 703 509 923
773 314 882 453 555 356 638 348
45 534 699 872 821 420 546 98
521 497 553 99 391 64 627 730
166 393 451 54 150 151 546 997
847 744 327 976 6 797 869 82
199 72 161 407 905 543 62 726
162 3 473 700 84 782 65 447
323 276 291 724 90 706 131 288
71 110 509 821 920 595 271 420
783 517 801 76 499 169 777 696
118 301 176 251 851 86 800 348
3 187 486 966 957 599 100 791
683 899 165 185 470 209 856 327
343 760 103 519 204 817 1 977
78 316 666 671 981 376 698 88
788 424 597 225 466 980 28 875
968 703 594 390 468 888 231 19
142 83 787 929 963 157 299 228
349 975 122 51 308 785 222 651
169 7 622 197 508 268 320 475
675 603 736 14 832 43 405 128
536 365 964 143 826 266 532 892
227 759 858 303 987 75 708 500
518 421 741 623 539 305 671 121
388 383 271 539 701 311 473 169
907 792 310 305 906 35 689 860
199 836 150 288 349 732 466 233
345 133 976 42 367 860 742 869
3 767 592 237 911 112 622 452
379 184 580 597 492 846 695 931
425 136 872 285 470 537 128 230
375 245 101 635 45 276 589 200
942 452 925 90 707 258 858 654
643 283 941 716 20 376 759 68
544 503 658 722 268 602 861 762
559 546 415 941 457 27 240 633
916 343 148 63 223 51 455 422
886 571 176 599 912 147 307 662
30 104 928 313 144 429 475 915
875 386 508 195 465 996 144 349
184 68 79 436 466 976 479 589
90 64 796 405 805 777 393 856
186 531 780 38 335 530 137 48
384 165 336 865 88 784 717 83
658 163 42 605 847 159 86 741
214 610 605 405 678 350 706 150
828 483 291 324 396 361 159 631
924 290 789 525 635 694 387 966
629 863 647 965 309 907 2 859
230 616 801 905 877 586 305 544
248 749 204 634 929 691 506 996
48 925 168 353 738 928 287 526
563 89 378 78 357 660 240 887
143 816 873 453 815 386 834 824
459 327 973 757 471 582 212 753
698 510 862 610 108 893 503 628
207 357 630 833 968 265 776 408
972 243 29 263 293 221 143 87
331 496 297 495 625 944 561 23
976 529 979 745 695 762 340 511
131 994 418 673 231 855 833 485
415 821 595 846 575 194 644 61
939 450 896 875 297 493 618 98
784 737 382 492 124 510 536 43
47 306 783 599 742 126 922 656
740 803 192 496 846 899 304 194
46 269 901 193 157 499 528 227
699 979 736 535 442 261 301 448
580 97 237 791 452 264 609 847
719 895 612 880 562 250 104 521
751 809 636 379 283 866 287 589
753 434 369 975 208 249 722 859
574 910 586 730 63 884 155 379
803 744 504 893 13 923 6 950
537 615 658 899 56 681 932 708
990 76 127 604 230 615 454 750
755 449 775 969 725 657 352 209
946 175 590 675 646 769 214 18
488 273 286 213 925 196 593 349
283 506 534 587 359 452 957 714
18 595 55 992 599 620 315 708
39 50 910 119 707 907 5 662
507 198 116 126 343 803 86 234
848 649 962 777 126 284 644 655
118 798 445 228 230 749 909 21
351 86 803 880 42 601 441 683
596 283 830 673 723 659 792 378
53 787 513 115 885 791 455 819
899 767 464 244 993 470 930 873
827 909 994 584 924 873 749 422
25 565 513 711 94 492 307 313
741 512 372 335 952 118 90 465
618 96 69 27 558 205 646 723
906 48 382 913 53 887 930 278
616 517 612 749 374 260 665 784
151 788 181 781 336 431 777 999
739 89 119 61 295 318 748 728
311 313 364 789 220 647 585 669
214 338 388 618 794 785 372 18
988 114 823 965 819 743 995 539
763 428 957 719 638 803 493 917
122 477 850 645 679 859 167 306
875 456 923 517 30 961 133 889
431 310 795 310 310 862 583 943
530 95 227 804 207 505 934 402
566 565 979 916 992 842 491 574
281 877 104 583 213 215 32 666
603 429 231 160 284 728 978 822
205 467 93 558 350 923 778 592
280 372 224 10 571 423 89 114
47 726 725 632 875 908 830 130
910 631 248 468 522 319 333 896
159 902 503 988 74 184 451 891
734 581 519 110 49 742 992 460
869 757 513 416 15 421 292 391
637 223 387 337 708 501 748 217
247 137 679 892 267 879 925 709
490 521 998 149 263 705 855 370
665 64 372 167 245 215 892 599
702 583 141 212 453 264 475 773
294 306 522 623 295 744 271 240
321 171 733 15 795 688 642 925
172 188 935 298 419 691 185 634
194 10 196 437 738 388 360 335
561 320 12 602 947 152 968 268
675 883 4 980 236 699 691 378
67 673 429 981 45 995 383 254
157 794 534 88 958 791 298 71
977 34 967 323 905 433 406 113
395 816 448 946 312 279 48 13
6 42 680 882 921 645 624 556
839 703 176 275 167 363 277 229
707 57 33 961 60 829 572 520
210 301 615 707 754 467 250 728
80 855 10 832 938 660 74 866
143 742 224 658 743 622 289 320
719 737 627 530 383 993 547 87
346 692 194 141 831 679 995 890
758 672 466 462 178 938 91 116
682 342 486 209 746 250 814 920
330 847 845 839 956 384 474 74
44 927 791 95 771 412 615 864
648 625 900 735 570 456 949 486
816 424 746 314 390 878 173 945
650 763 902 23 854 385 784 109
755 425 28 762 878 52 843 687
674 197 71 527 727 203 704 826
83 448 460 312 327 856 890 184
982 34 29 713 17 194 834 471
477 490 207 704 275 818 443 129
844 363 40 175 361 999 467 717
544 679 233 612 664 456 973 736
776 234 354 744 580 489 492 707
716 128 211 706 434 4 582 580
869 809 185 712 567 890 458 557
118 314 385 552 281 92 789 869
7 225 42 965 552 78 913 831
566 674 29 278 993 601 199 674
392 577 779 886 289 346 833 80
161 660 272 118 740 841 985 358
760 356 163 567 290 156 337 923
540 697 571 201 131 902 594 75
717 91 575 578 925 517 559 179
222 944 610 279 383 280 479 88
579 402 0 981 775 995 564 47
941 351 32 436 256 289 51 848
726 616 282 76 523 65 70 223
515 598 213 512 113 310 474 854
872 593 221 622 694 196 188 980
658 120 879 812 887 649 316 647
318 922 803 59 58 185 114 263
262 996 975 738 326 701 439 143
220 193 262 444 615 539 709 878
398 226 407 397 588 332 559 457
754 311 520 358 945 425 706 712
395 928 561 911 912 4 885 713
619 95 47 986 106 474 381 709
823 715 79 946 275 335 608 895
47 173 697 678 685 5 214 992
185 678 233 337 970 352 597 151
429 228 559 976 522 383 785 824
268 672 974 632 276 798 830 815
127 853 169 316 503 649 884 898
734 653 110 220 885 392 780 812
160 18 346 264 948 176 273 383
80 779 92 692 722 848 162 310
140 542 100 268 124 195 782 120
979 29 400 419 572 538 663 245
217 908 331 877 716 766 936 172
88 788 962 117 188 180 684 953
203 512 319 836 998 183 224 945
769 165 396 14 647 788 666 75
69 62 96 762 101 861 917 58
348 392 748 552 692 398 685 95
145 548 331 817 632 36 536 685
768 854 791 88 549 330 922 253
957 870 299 760 923 720 748 582
350 577 127 768 414 250 822 481
7 379 237 648 823 288 383 388
822 194 33 666 309 593 806 406
247 255 75 997 9 81 131 50
145 546 86 624 458 190 998 986
442 752 623 895 734 365 66 354
874 863 453 837 24 687 787 99
523 346 95 618 310 907 512 898
950 867 478 488 365 369 2 624
45 375 639 1 4 251 946 825
805 761 282 730 836 139 724 187
180 395 557 825 129 808 124 776
957 267 27 244 523 215 965 142
669 783 792 620 689 726 236 231
414 62 666 865 742 799 22 255
7 43 528 336 636 231 112 391
615 910 22 414 84 687 598 905
339 98 411 931 998 710 304 524
658 134 821 564 757 604 206 811
407 5 773 392 163 580 987 544
121 594 2 782 349 867 289 382
772 385 328 884 869 232 186 983
953 577 389 119 478 384 101 520
352 998 394 843 393 151 711 875
394 53 937 335 455 668 955 877
418 949 709 288 379 873 831 516
780 762 368 697 382 198 588 157
72 217 177 516 268 109 495 646
66 751 186 307 176 505 708 410
337 124 864 562 688 55 386 276
860 539 503 500 126 560 637 189
90 759 212 278 467 911 747 539
830 45 911 697 64 916 248 335
121 635 651 27 750 810 344 172
787 657 704 75 491 128 650 994
825 9 684 824 438 177 6 385
48 503 83 932 462 674 271 828
81 767 36 305 278 52 857 448
55 506 273 198 342 115 823 197
520 447 737 779 381 380 717 150
554 608 717 88 774 67 201 9
603 347 834 324 692 117 46 177
529 522 232 914 997 201 645 272
260 537 666 496 912 329 856 220
172 578 82 418 816 9 918 766
33 179 805 560 604 980 418 6
284 837 385 288 993 0 791 929
792 183 187 745 969 389 624 546
148 354 785 471 399 370 374 922
177 246 845 940 109 817 963 543
112 898 554 8 251 653 853 420
305 311 779 492 829 467 340 766
464 175 317 592 410 371 809 760
286 595 856 389 659 421 686 788
160 853 116 181 331 52 599 461
100 899 319 654 655 308 254 499
596 495 610 438 495 338 935 390
14 203 700 747 89 166 634 483
459 515 302 920 427 477 756 40
806 69 406 438 330 709 575 655
327 610 537 475 22 381 405 344
685 662 873 969 889 610 726 654
569 621 676 328 155 497 840 188
872 151 820 251 777 527 488 768
315 180 380 666 947 8 583 799
94 400 681 258 43 670 316 385
983 235 981 730 250 9 260 363
281 566 824 653 95 112 43 828
49 473 620 209 764 572 548 944
673 597 812 41 805 575 474 190
809 379 439 470 456 551 138 0
236 293 122 939 638 218 609 542
926 374 630 975 168 637 581 95
620 686 775 979 639 175 795 816
107 497 542 87 942 592 242 968
674 162 827 304 454 914 736 585
156 80 56 508 79 715 749 701
383 343 620 670 371 403 635 658
515 379 191 716 4 846 932 64
148 165 58 198 579 710 880 630
217 589 311 100 973 873 11 402
450 684 943 487 1000 340 50 362
348 402 47 518 354 579 315 352
564 731 374 791 696 608 833 234
885 628 418 603 138 100 75 754
230 462 821 812 712 805 227 638
788 513 161 685 377 552 294 936
947 139 100 445 962 357 386 144
723 707 91 555 785 621 743 169
429 383 52 788 405 132 994 302
352 265 676 701 596 844 626 101
566 827 667 254 319 786 641 378
343 912 203 388 15 953 212 357
643 423 852 502 948 836 904 186
780 641 191 81 264 44 262 783
83 689 354 342 666 693 478 44
571 494 452 183 187 645 170 325
23 269 258 858 379 224 948 143
776 765 396 420 423 375 425 814
658 502 922 855 509 988 533 634
86 747 536 244 579 493 606 327
676 679 612 827 6 671 485 540
869 785 30 321 248 619 654 151
978 204 417 944 845 490 201 338
107 998 719 37 515 597 40 91
922 551 661 464 308 875 499 517
66 537 653 912 172 234 116 858
667 153 865 342 420 45 716 509
873 311 700 326 838 878 179 831
0 32 949 944 119 806 236 81
818 791 183 993 541 84 41 505
547 208 390 221 599 809 691 156
737 93 478 829 814 803 98 51
851 78 379 714 411 924 7 270
262 704 309 980 929 715 694 18
80 685 416 446 263 829 485 897
287 448 676 826 994 196 204 975
896 922 708 30 180 808 146 599
798 39 561 254 493 924 931 870
930 650 700 806 610 285 379 107
225 285 349 699 367 731 780 518
358 764 802 180 888 0 281 801
731 223 494 416 917 882 96 948
231 196 369 793 90 494 951 177
134 780 28 265 868 828 867 39
21 727 7 717 879 156 47 746
336 258 328 904 714 426 217 35
998 692 886 690 405 611 629 645
961 739 50 970 614 946 490 162
564 143 678 679 779 860 771 94
373 967 309 57 508 947 332 854
167 924 276 355 668 718 540 543
950 877 210 682 368 222 399 245
660 310 311 295 217 117 495 203
400 772 982 631 551 380 2 670
959 371 17 955 545 602 601 279
782 795 496 984 712 638 135 108
559 654 579 191 491 668 890 578
476 497 944 953 755 301 10 686
598 592 209 168 625 191 534 371
525 493 348 995 734 627 56 500
384 88 871 411 100 600 624 12
858 102 87 371 299 136 198 154
524 604 841 537 559 757 243 411
935 455 22 872 278 915 285 39
195 579 699 117 63 715 55 341
170 995 473 169 876 869 307 354
946 15 942 324 536 114 57 167
435 126 300 798 273 680 962 890
127 4 576 873 729 546 528 295
823 976 332 935 997 876 260 927
494 846 912 459 360 642 947 674
551 141 378 128 269 252 65 231
44 195 740 134 290 416 868 986
139 250 852 113 543 526 658 880
798 75 463 346 422 528 780 419
5 768 232 814 692 839 744 374
550 277 909 550 992 750 994 756
557 56 976 762 427 200 63 571
563 787 260 330 701 410 897 495
844 961 581 259 294 583 623 695
922 80 395 762 815 273 800 776
974 510 269 980 180 264 357 298
224 92 455 20 361 958 811 535
120 295 746 453 984 547 979 211
969 345 405 159 160 668 328 372
390 304 563 673 841 323 279 642
984 411 323 786 555 829 999 683
41 548 973 175 935 197 546 122
386 433 726 215 0 585 477 878
793 516 173 836 75 202 433 123
159 882 782 824 508 254 376 822
950 683 265 100 679 85 972 414
767 40 145 858 111 294 654 24
92 387 255 6 177 790 113 838
414 672 607 690 338 897 440 189
305 51 19 395 326 501 713 389
989 714 940 849 534 698 568 566
396 227 126 789 84 552 716 967
251 431 58 917 10 779 690 88
748 406 925 196 464 703 464 995
332 912 458 982 762 900 317 428
279 596 395 38 883 114 101 20
442 448 634 220 559 672 410 280
782 506 811 25 962 752 702 548
218 988 660 765 271 264 519 406
74 536 760 601 743 18 679 508
545 8 856 495 76 56 499 414
340 134 627 532 399 817 1 348
68 856 530 216 972 627 687 410
772 498 349 725 903 324 695 448
538 643 134 941 495 929 175 185
192 853 50 747 941 439 773 288
664 719 827 942 314 895 80 284
139 63 744 101 347 504 367 585
892 325 638 284 561 479 327 886
750 366 912 219 393 324 755 685
73 877 689 980 827 808 521 905
926 803 859 201 619 296 20 361
455 121 848 858 113 235 838 574
393 318 313 292 194 740 183 593
99 889 477 117 206 846 385 711
816 138 186 273 336 430 669 618
506 590 133 718 913 525 503 137
381 632 492 349 322 252 173 18
681 107 907 622 364 136 750 871
617 33 955 963 980 290 444 540
471 256 798 659 670 805 886 771
946 1 788 190 11 505 196 10
700 244 223 96 244 654 701 417
256 127 866 264 444 95 829 991
769 668 20 169 815 843 847 508
541 999 222 146 166 881 251 247
784 350 652 90 303 618 733 37
145 445 682 845 572 219 720 717
668 582 137 171 97 846 565 864
288 320 935 344 755 490 847 289
50 422 100 968 724 201 286 63
91 844 666 553 930 539 696 102
265 859 718 81 774 585 165 151
368 646 402 233 688 221 356 789
634 29 653 574 646 817 207 442
270 117 492 314 365 968 855 863
680 562 900 664 362 177 79 85
874 239 241 842 314 264 405 484
276 246 530 611 146 264 21 540
297 80 4 258 656 685 542 715
615 452 515 933 850 484 51 658
201 303 56 582 215 313 906 480
423 758 21 921 422 657 871 366
540 281 487 303 186 30 655 313
544 967 419 879 483 403 938 765
512 930 119 607 238 819 601 610
187 608 935 693 502 923 543 22
177 679 462 831 257 501 483 683
368 645 333 722 903 234 219 495
970 751 41 754 434 547 531 175
666 291 99 558 380 576 982 47
964 880 414 880 684 556 518 248
179 164 992 913 626 940 520 684
711 440 143 156 251 607 914 71
82 424 533 623 149 695 230 992
571 85 477 822 334 464 766 772
574 726 45 796 509 698 957 61
846 405 863 505 249 817 35 722
877 650 766 410 544 154 411 740
22 958 505 211 209 778 463 680
157 795 596 826 303 204 886 603
307 984 746 490 266 175 179 105
423 265 682 917 891 77 991 51
925 273 680 425 43 587 802 79
32 821 557 577 272 213 718 298
227 461 669 533 808 54 906 141
26 319 853 422 350 32 915 380
574 633 353 720 778 484 361 779
898 726 587 6 468 137 43 984
297 579 800 134 272 28 461 487
510 112 472 682 419 438 509 8
514 960 571 743 522 461 451 373
534 634 521 813 296 672 23 606
888 97 590 642 784 534 755 98
186 273 183 602 232 940 457 620
431 770 821 802 336 161 581 282
328 419 447 692 418 605 373 479
720 429 953 0 753 439 407 293
856 148 323 664 804 52 735 18
691 128 192 16 162 766 131 991
608 968 77 762 71 990 448 653
543 303 492 329 905 854 616 304
742 340 16 150 627 742 810 449
607 62 39 940 429 241 946 151
879 244 173 720 230 532 287 175
579 858 577 647 350 344 942 750
242 408 554 707 158 820 696 818
958 474 435 541 505 395 525 68
290 666 974 334 720 563 712 394
49 498 133 485 614 851 859 542
459 419 777 624 4 423 725 178
802 763 134 112 652 374 550 558
496 303 528 803 114 291 920 956
691 255 886 829 933 911 905 421
101 335 229 682 256 180 692 804
689 766 168 616 384 521 587 665
182 657 60 596 677 617 911 125
78 170 93 85 429 643 788 778
772 759 384 573 496 214 994 147
481 65 532 579 966 522 59 565
989 423 573 163 124 462 778 811
29 816 512 955 726 429 662 600
804 733 923 294 706 287 677 407
581 787 505 713 17 741 839 946
36 4 579 975 815 361 389 612
948 786 19 810 768 721 642 804
477 625 591 82 212 404 867 311
740 281 921 744 199 948 994 165
687 164 849 29 208 386 963 571
970 972 693 178 663 654 679 74
412 110 68 958 680 907 859 769
246 963 117 85 839 82 112 555
691 173 128 768 779 253 502 472
760 599 125 720 581 202 820 977
923 116 119 210 685 737 988 833
465 217 254 942 884 574 237 271
352 503 730 779 823 665 383 199
952 651 929 305 480 719 818 504
556 397 901 321 753 645 763 813
709 695 793 506 834 681 621 251
449 210 51 528 868 609 274 697
641 74 668 230 824 919 774 28
504 620 390 227 149 511 751 834
543 605 187 728 760 946 860 495
786 412 886 607 168 98 342 742
688 35 213 393 821 211 858 456
470 321 495 40 860 609 763 380
291 650 801 136 432 582 871 738
289 828 971 665 184 634 677 731
156 952 795 427 482 982 0 612
445 453 206 909 205 289 243 853
948 497 959 197 448 775 216 84
651 838 919 523 251 353 706 5
319 127 359 595 292 855 78 921
971 359 328 510 886 983 232 330
3 369 133 219 225 800 112 846
625 722 903 118 308 5 878 327
108 665 222 453 277 121 515 958
798 52 159 339 406 105 417 172
137 929 121 213 827 207 801 906
640 111 675 690 215 708 783 72
385 660 792 347 239 666 663 161
350 576 603 595 567 140 415 876
486 124 247 404 718 175 37 158
506 154 446 381 105 322 6 241
366 567 684 749 437 176 157 90
776 423 542 922 212 738 117 297
113 910 645 353 295 920 365 726
281 758 669 680 416 878 654 810
922 544 528 960 292 0 427 473
11 578 769 408 908 923 952 409
897 778 311 251 631 203 326 822
441 397 224 110 126 188 741 711
181 555 90 596 198 762 479 909
664 162 139 958 980 374 913 416
973 94 165 278 293 877 187 653
309 602 168 541 303 578 58 602
481 829 675 466 356 139 417 265
296 536 312 594 975 474 266 432
778 304 623 239 122 320 647 860
101 402 764 481 540 86 7 995
841 773 585 844 869 59 824 412
358 344 109 470 816 826 938 281
53 755 726 785 775 428 812 738
820 4 156 389 802 437 108 939
570 802 414 946 303 620 151 909
803 866 112 990 973 903 855 12
544 802 47 926 255 828 64 326
373 258 510 29 151 605 505 738
698 120 601 10 118 704 743 424
778 422 898 821 525 87 421 492
107 814 980 967 857 861 502 664
745 640 40 991 845 96 729 582
366 813 193 978 584 530 91 635
747 396 119 677 653 89 355 499
206 124 156 736 123 865 344 943
517 191 504 737 621 933 800 10
162 528 486 699 407 712 505 961
154 17 149 79 833 227 203 447
754 394 775 530 321 321 722 284
585 163 813 63 219 571 205 196
956 491 278 227 399 628 796 302
52 306 898 604 16 115 420 679
980 843 366 830 986 949 598 736
688 835 902 214 348 272 789 744
642 167 139 282 748 623 719 632
447 359 277 481 665 560 18 468
805 533 835 277 816 831 80 976
762 100 432 643 269 867 356 528
163 749 52 679 996 674 587 737
513 406 508 140 657 228 155 896
991 364 432 289 215 5 878 605
533 66 634 640 400 406 698 57
279 601 978 737 92 788 729 586
294 138 126 945 255 761 759 381
75 585 407 516 668 275 335 960
937 315 25 554 337 436 969 753
196 97 413 380 964 5 403 241
658 414 424 16 912 219 923 492
609 628 802 538 405 4 955 622
77 810 848 24 791 476 464 543
443 932 568 468 860 771 133 904
880 738 301 323 93 940 640 205
214 350 920 328 853 907 915 84
783 389 523 195 730 491 250 781
759 789 876 808 831 894 505 361
455 778 145 628 982 272 699 268
388 525 965 797 912 158 984 187
801 889 744 455 437 361 320 770
391 760 562 509 455 408 363 941
640 110 882 977 188 170 323 305
251 282 241 683 805 135 240 611
841 921 445 574 325 780 655 237
316 329 154 749 145 908 946 760
595 313 252 373 807 644 885 102
380 263 517 139 879 530 527 809
212 46 275 554 903 512 289 614
830 876 235 533 22 156 983 606
78 236 325 797 560 5 248 872
94 304 913 828 614 645 811 788
61 988 501 947 203 548 227 437
660 696 623 422 527 451 5 184
554 59 168 639 819 834 488 71
921 755 249 884 780 319 770 418
868 836 675 468 617 894 641 201
250 377 13 776 264 878 58 934
450 306 822 368 919 404 886 867
145 70 790 747 930 255 1 400
834 238 887 656 362 733 111 668
803 186 865 0 394 75 276 219
453 961 674 74 623 628 722 993
793 892 990 12 447 471 343 84
824 449 291 205 538 254 401 293
559 544 436 660 709 936 585 810
679 539 806 67 414 343 565 924
292 825 790 228 684 708 14 26
85 746 191 776 18 643 917 628
339 458 371 236 341 392 219 380
82 266 893 733 457 505 641 997
457 764 737 608 181 134 494 241
989 269 129 214 358 890 56 937
889 229 833 899 955 293 530 578
813 814 370 169 736 889 621 298
557 619 760 448 104 751 920 340
713 24 407 162 696 152 681 497
856 678 692 844 93 8 125 251
294 195 98 652 284 732 952 713
130 391 170 7 369 195 756 111
851 712 826 94 9 787 11 853
264 15 638 127 993 758 780 72
985 909 227 321 830 44 561 313
781 972 758 535 496 926 873 412
703 598 559 647 980 134 714 571
431 680 518 182 686 175 180 863
639 525 562 477 936 121 31 928
557 46 484 335 738 663 34 288
148 616 865 692 399 946 130 973
91 759 675 540 178 770 799 762
879 532 514 630 689 891 353 659
797 409 596 751 465 3 521 403
865 655 575 432 236 898 448 227
920 111 743 397 690 678 567 932
593 346 287 454 20 489 634 801
432 80 302 642 295 696 548 344
458 91 57 351 123 77 373 135
338 165 691 552 408 937 198 566
248 54 411 137 233 827 488 981
238 570 534 381 85 113 78 298
29 513 725 119 120 765 389 712
360 902 435 134 1 894 278 847
820 678 171 81 909 977 360 2
772 378 932 432 972 551 995 478
210 151 595 277 149 30 439 707
588 396 934 870 329 519 871 63
601 866 914 37 286 951 984 209
589 152 192 59 47 548 466 270
563 854 197 543 231 797 664 898
351 696 751 182 763 546 620 966
75 2 609 521 310 64 22 9
944 563 974 201 2 9 409 326
525 488 850 894 503 410 442 850
77 676 389 811 114 13 525 671
117 12 956 370 21 470 48 708
731 582 366 804 468 123 779 367
35 519 335 953 891 170 759 703
9 600 510 743 850 555 998 459
875 83 869 109 987 555 786 406
923 786 495 525 900 447 788 410
613 108 724 283 646 816 394 645
374 765 614 127 642 535 323 995
626 670 568 23 239 949 861 323
559 280 843 715 244 325 346 262
678 899 347 314 771 530 359 820
306 957 721 434 982 730 86 85
788 132 39 299 565 626 142 4
106 348 958 745 704 292 493 102
703 76 497 634 793 423 941 834
164 622 774 25 492 705 83 183
364 16 186 628 464 706 194 511
150 393 319 728 875 474 719 564
177 651 711 462 197 463 328 947
771 968 304 597 66 835 149 891
366 813 6 51 130 499 884 770
483 861 811 844 581 391 198 638
806 796 554 613 925 30 613 563
225 888 642 915 669 43 891 648
137 679 151 386 950 925 393 556
78 373 630 423 797 297 948 627
415 987 587 171 596 884 553 510
549 884 684 624 386 394 964 412
706 867 930 561 698 304 527 772
752 131 612 678 485 655 289 943
119 419 185 147 275 931 314 115
401 632 841 560 864 234 357 174
944 313 417 327 430 772 770 573
664 745 836 602 60 859 652 217
876 801 768 416 769 649 919 453
792 504 11 646 665 731 866 7
445 565 636 554 333 854 457 603
308 563 595 615 739 710 397 89
316 243 178 74 665 898 668 717
244 848 981 952 744 599 580 368
261 461 329 510 764 370 349 106
919 618 152 314 527 656 8 617
866 419 718 381 20 251 977 848
322 42 21 519 365 997 657 3
343 873 921 596 247 934 525 427
237 986 377 352 200 615 407 670
314 539 778 849 699 206 28 766
212 744 347 956 164 112 203 305
733 32 57 549 960 654 482 332
932 928 456 18 584 632 393 272
668 444 892 964 886 119 385 439
234 899 737 842 292 820 502 274
200 913 91 687 834 343 269 209
913 939 636 475 369 730 803 261
282 260 716 282 207 97 687 138
868 408 852 712 367 518 335 651
326 854 149 284 996 384 942 350
617 37 325 819 92 27 834 130
540 829 281 611 57 603 633 643
134 141 80 499 460 772 923 682
600 704 26 302 110 449 534 785
887 865 706 420 937 1 571 131
240 434 696 675 239 245 321 378
405 511 212 479 700 272 754 757
492 833 14 777 800 842 952 256
98 30 376 881 15 0 793 189
128 70 135 216 594 907 202 390
341 100 620 800 57 138 398 878
366 264 727 554 726 645 251 380
178 432 563 825 995 698 17 988
670 882 39 350 365 62 77 714
706 82 927 476 364 927 661 589
409 260 357 533 9 111 835 514
355 532 646 838 868 926 554 728
602 908 158 453 677 58 934 553
744 51 749 290 526 57 901 402
440 939 582 288 787 151 592 648
693 420 34 484 336 78 886 973
139 789 708 39 370 99 8 839
158 231 274 438 861 109 103 783
266 255 580 74 325 745 599 214
455 353 714 909 436 25 609 593
593 937 730 395 556 494 137 890
473 735 501 462 971 161 982 439
887 285 819 799 731 926 545 602
51 795 707 955 273 94 774 342
539 90 966 854 254 63 81 701
143 791 801 253 540 434 676 448
970 566 383 606 942 175 823 353
336 473 598 985 661 935 430 178
754 731 691 880 98 427 958 881
692 394 734 525 372 766 267 365
368 164 244 84 224 926 503 515
147 717 20 377 664 567 180 482
983 828 900 351 700 947 646 22
987 289 15 880 775 342 404 417
511 831 205 496 87 539 961 767
684 131 625 76 68 897 679 36
392 32 451 2 129 514 807 875
237 968 10 59 15 690 734 367
465 772 214 443 691 152 49 640
441 438 427 173 557 553 259 78
660 242 434 272 326 472 336 975
95 378 895 343 370 910 703 983
53 715 107 416 144 890 532 99
837 266 389 839 746 490 7 14
923 791 272 615 216 920 308 513
484 378 428 507 649 774 383 544
159 592 922 143 481 853 498 610
5 578 606 455 554 993 8 445
689 722 488 358 849 590 1 895
514 806 922 72 178 408 540 507
644 595 178 841 755 363 79 448
634 932 342 427 287 789 731 175
826 271 318 103 877 644 993 325
905 815 476 798 140 665 906 850
499 302 809 303 248 225 292 146
425 932 718 513 209 392 497 217
175 585 232 143 239 706 255 342
42 488 438 891 285 724 287 536
130 461 972 150 315 194 407 947
753 606 685 552 172 440 295 815
151 445 95 500 596 969 559 959
982 894 114 345 175 799 512 816
299 146 258 723 987 491 549 419
294 942 308 447 22 665 863 994
408 0 300 851 889 678 869 23
86 25 121 804 915 324 377 138
596 791 634 280 755 411 392 541
905 605 184 70 620 704 539 901
885 841 11 688 374 146 509 884
397 378 942 716 362 336 189 505
272 401 537 788 163 331 144 890
725 841 722 927 816 971 503 989
537 154 241 242 575 863 0 477
690 270 591 147 240 613 54 266
518 852 993 27 21 220 170 603
36 521 10 693 806 208 615 786
799 36 292 737 904 38 858 401
32 708 628 799 758 170 24 846
40 992 363 375 429 488 560 891
106 18 948 375 564 829 165 570
681 400 283 322 326 904 56 76
181 585 82 626 976 863 818 297
386 916 457 955 667 16 822 399
113 704 819 343 364 853 384 880
482 140 520 495 945 251 765 575
684 214 543 748 256 3 998 499
569 513 982 5 768 707 881 46
277 672 910 24 148 324 939 492
92 203 310 907 753 263 484 204
722 116 21 982 659 561 138 923
404 269 867 454 941 119 77 123
918 284 462 191 705 696 80 771
25 571 500 346 932 959 723 936
735 995 731 634 240 883 107 12
559 699 152 372 53 290 477 152
224 529 791 30 686 846 698 938
234 640 238 555 742 871 807 486
166 784 605 157 443 1 516 931
203 900 32 149 549 892 431 925
385 671 542 796 392 81 457 87
292 497 387 416 950 73 537 982
364 291 848 434 902 443 118 360
269 978 154 532 482 221 427 860
338 333 116 514 852 348 56 444
13 574 663 4 957 445 846 892
310 908 213 650 428 322 580 916
397 136 688 902 287 243 833 436
388 198 667 91 665 632 303 37
98 718 61 898 71 826 200 427
516 81 333 820 27 897 679 54
857 124 56 479 189 155 886 54
939 36 72 818 695 580 15 358
739 250 192 330 657 228 515 288
611 435 198 598 646 269 471 641
389 466 255 385 366 18 179 233
508 401 513 246 802 753 961 680
291 700 551 584 337 690 356 214
128 809 807 494 962 229 949 333
749 812 280 30 179 500 176 347
560 779 570 301 65 457 316 147
722 553 83 179 655 805 942 545
311 712 79 405 797 894 393 618
617 866 286 272 880 632 305 874
444 908 584 913 153 2 410 353
847 771 599 696 91 705 68 105
756 438 835 754 167 395 874 699
425 565 46 44 82 976 771 138
132 187 906 196 210 994 966 30
274 609 970 716 758 682 736 790
26 685 447 669 827 88 675 679
327 195 668 22 559 931 111 299
430 15 147 55 965 626 947 745
634 78 644 36 440 787 996 693
709 692 790 287 508 720 672 704
327 797 79 232 762 45 896 204
437 546 302 861 857 126 547 994
820 683 972 290 662 697 64 145
399 274 852 367 948 776 278 785
233 574 34 271 109 378 219 749
499 727 695 733 361 182 215 833
898 433 36 984 79 113 358 933
628 494 520 768 669 398 374 407
105 819 431 882 33 238 330 87
416 45 97 571 490 589 641 391
844 812 997 63 567 437 943 755
404 756 480 899 911 658 255 542
267 27 931 892 574 252 502 571
840 226 155 953 373 587 405 396
162 709 622 85 904 361 933 187
528 20 707 273 46 178 635 550
526 292 843 49 618 494 540 271
314 331 822 408 113 535 541 271
116 663 97 891 992 314 804 815
582 177 338 143 201 457 169 172
405 748 337 714 973 702 609 664
609 569 863 178 755 196 851 869
494 799 782 868 865 753 306 170
911 235 567 364 178 44 209 73
717 923 901 512 803 217 540 172
382 48 334 361 218 29 968 665
591 993 316 107 977 337 806 556
161 659 526 339 177 363 759 265
878 130 286 103 269 676 795 994
622 321 556 880 923 982 190 438
915 531 25 770 190 540 10 674
456 321 352 892 36 92 166 403
140 959 822 138 903 28 201 591
616 876 114 146 182 575 93 489
361 628 611 905 248 173 312 691
769 989 968 432 829 986 487 837
346 350 751 955 451 35 487 632
821 308 176 623 735 508 141 906
246 875 75 18 979 184 344 100
972 164 918 294 866 67 526 549
950 208 170 263 396 336 795 594
870 215 118 593 798 288 887 615
99 815 500 59 818 1 171 639
728 514 70 936 56 426 398 354
535 651 890 798 955 290 450 91
780 435 113 359 381 363 607 550
76 176 980 557 421 48 534 132
752 16 164 236 864 155 203 882
347 338 110 957 951 488 527 455
101 253 344 914 484 395 200 580
54 655 848 485 761 597 174 726
713 897 98 800 288 751 243 85
0 809 239 472 913 735 779 573
349 257 56 319 928 401 368 929
474 512 602 317 896 971 73 114
383 882 357 314 818 815 127 990
130 266 185 656 118 304 55 627
811 543 658 291 575 0 814 44
808 773 494 802 479 586 580 140
759 291 453 306 844 432 41 821
949 236 399 820 871 967 291 233
723 859 427 502 700 882 457 726
911 763 95 787 429 334 318 596
75 785 873 25 866 548 213 707
170 674 426 638 402 833 296 719
222 601 482 984 907 636 583 152
423 677 439 250 362 821 394 47
619 665 614 238 28 374 771 393
499 56 799 885 764 666 239 33
213 977 172 696 314 498 565 413
847 440 703 983 549 559 725 335
41 812 11 339 155 200 952 643
830 139 882 27 456 799 761 191
11 520 842 847 196 659 220 89
726 394 121 178 322 12 360 508
66 480 461 779 419 104 201 45
818 451 260 316 947 59 53 810
483 653 824 733 358 1 261 353
777 582 127 313 13 95 301 477
803 537 54 623 74 328 515 367
240 240 829 192 198 310 408 443
182 293 619 326 634 233 748 168
357 233 436 892 650 525 168 681
687 953 139 271 273 153 307 648
282 577 486 858 977 648 191 745
866 180 339 681 124 271 674 487
7 811 299 70 917 74 403 757
734 363 509 735 254 484 204 197
84 303 101 903 114 409 274 284
351 615 653 849 669 555 22 165
302 633 201 210 114 331 686 626
666 228 999 590 717 80 351 4
482 507 458 142 824 190 576 80
713 297 317 899 911 333 688 420
443 746 823 376 696 20 985 242
38 453 312 921 61 6 877 405
875 86 708 855 788 526 579 637
726 341 437 130 10 336 800 416
604 673 285 560 777 743 995 29
840 532 308 37 746 580 688 679
153 909 925 272 870 37 351 320
61 907 565 122 668 359 989 883
807 284 827 242 796 826 413 380
747 359 838 969 815 397 59 489
648 756 283 615 785 279 576 62
527 697 135 106 885 753 3 714
430 870 99 990 381 408 795 163
845 716 634 423 602 813 453 259
454 697 500 445 206 151 238 640
774 367 230 283 781 697 76 917
606 670 929 179 670 75 801 978
2 460 856 83 865 104 894 459
455 609 546 973 687 232 704 868
308 532 761 923 372 309 399 429
60 406 401 112 150 291 434 616
466 466 897 918 253 807 41 696
222 941 68 160 937 54 967 544
121 770 225 813 559 396 944 805
936 534 463 857 266 790 902 217
88 858 596 614 821 252 443 607
729 61 738 7 99 733 888 856
250 105 77 543 198 31 755 563
268 59 478 828 174 217 934 320
690 948 313 470 496 371 425 449
578 646 481 433 806 673 516 986
179 346 519 622 545 766 373 514
131 172 189 216 410 673 745 678
70 223 966 526 48 166 815 879
932 883 792 363 614 210 961 492
993 420 475 129 567 687 978 87
605 799 864 877 525 881 974 539
140 366 140 183 88 423 330 693
698 286 678 467 588 939 361 351
219 247 597 628 119 954 186 882
175 920 636 758 466 178 263 615
720 661 174 890 353 527 346 903
552 198 66 638 595 894 379 688
74 862 804 101 268 739 589 857
888 173 529 259 329 114 82 100
794 104 778 701 513 97 684 481
793 215 169 888 915 967 186 474
408 890 255 932 760 269 362 937
165 728 375 549 634 77 241 439
447 829 359 101 12 404 701 888
997 793 102 203 383 540 621 246
667 383 34 62 705 173 951 727
200 647 713 331 600 747 690 533
812 167 828 441 472 784 751 762
807 498 583 617 669 676 602 513
556 932 680 45 332 887 686 895
18 587 645 940 262 366 779 481
809 747 938 172 418 851 307 186
834 648 728 913 852 413 663 294
500 69 81 28 92 590 76 230
209 692 477 342 824 625 655 425
176 960 986 835 429 988 428 675
330 245 343 785 281 919 714 272
760 674 570 402 670 243 403 738
232 467 470 537 109 656 489 894
623 836 505 93 373 247 501 213
261 914 609 247 477 225 740 519
619 427 430 867 631 66 226 49
314 626 587 113 947 751 317 627
628 188 464 972 413 12 967 162
892 208 1 825 643 739 550 501
92 167 636 562 851 491 174 767
825 829 939 342 948 956 345 953
861 733 6 965 923 61 692 831
919 853 31 387 646 362 251 1000
139 406 834 723 487 375 598 788
752 163 72 891 726 290 437 987
796 445 58 940 110 999 278 11
609 651 715 745 454 501 583 893
546 535 951 418 553 641 750 451
918 491 784 57 858 165 288 206
237 690 952 657 234 903 395 508
496 512 711 602 989 289 283 865
950 193 456 440 841 156 277 478
271 380 894 410 864 20 271 688
603 326 372 336 64 847 962 455
433 417 920 548 505 183 229 205
451 876 355 603 926 934 447 18
680 992 897 603 557 47 865 669
269 241 431 616 475 6 371 736
792 454 120 370 156 68 876 32
667 597 59 147 784 538 170 882
486 423 883 129 200 598 931 735
519 966 846 142 254 205 515 65
390 268 998 726 4 591 950 941
164 343 444 690 417 424 636 991
166 947 867 956 909 863 547 826
972 995 498 522 652 935 98 1
116 243 71 965 544 202 114 24
742 885 240 502 435 818 360 618
369 652 40 741 205 0 948 707
457 288 581 999 15 306 518 854
227 600 2 736 844 343 875 120
718 732 985 404 775 64 330 340
574 255 409 420 478 46 194 67
28 643 328 462 813 858 100 650
842 950 906 745 155 321 65 623
456 779 930 489 338 228 320 22
830 115 82 740 865 914 506 225
266 230 200 183 146 215 445 172
565 631 649 787 261 145 641 942
943 320 936 759 657 888 286 844
634 178 261 725 375 654 864 46
779 197 466 395 651 406 502 56
158 599 730 972 57 365 560 905
455 634 402 639 44 932 53 786
6 39 283 752 274 229 997 318
515 276 221 268 681 920 831 612
693 224 940 537 524 599 547 747
693 874 215 33 833 946 22 760
472 32 801 346 649 351 67 451
472 560 492 96 243 460 3 193
945 861 556 652 396 728 155 862
410 601 81 472 427 746 491 360
425 127 885 726 927 408 366 132
662 615 744 425 508 671 393 563
108 229 17 299 967 373 828 795
880 487 904 696 285 420 121 78
500 890 231 575 507 362 575 359
253 598 706 354 282 628 663 876
371 660 139 503 88 948 153 731
364 135 857 691 38 661 448 874
771 794 316 688 953 368 792 388
475 597 314 824 224 755 82 846
117 189 227 558 444 748 237 746
684 893 949 343 492 992 146 164
827 736 666 505 537 340 831 87
696 896 962 299 981 651 427 421
686 998 758 865 201 503 249 43
495 702 71 397 586 924 55 506
777 936 866 896 684 805 439 459
751 716 888 479 861 87 154 745
561 382 996 470 24 833 384 516
560 368 666 558 303 406 757 494
548 214 484 368 402 419 59 434
437 398 216 493 976 661 778 747
766 792 69 159 633 598 103 418
352 265 396 380 550 490 188 804
107 419 711 590 736 194 791 597
1 273 832 895 427 359 55 221
182 4 662 497 21 403 536 240
69 569 934 253 242 412 88 682
125 263 571 505 510 683 615 123
235 711 109 511 615 774 120 375
69 377 788 309 331 543 232 505
691 261 117 964 944 264 34 51
248 575 610 694 925 861 539 109
700 33 805 544 231 929 201 708
582 815 600 547 281 815 820 509
233 69 456 17 101 411 46 277
181 706 674 675 610 748 529 57
7 197 156 26 510 408 483 116
320 597 788 816 964 669 857 301
709 486 82 126 331 587 7 52
759 45 228 702 808 180 291 151
894 387 126 581 560 730 976 126
614 754 354 385 795 766 15 238
991 956 895 992 184 666 110 99
544 294 611 644 963 196 235 99
186 593 151 249 165 736 816 757
745 984 787 426 21 811 810 199
595 704 44 391 899 469 311 624
414 267 399 6 986 575 127 318
925 224 737 828 480 789 672 864
120 994 206 154 937 526 788 254
897 166 677 550 116 783 825 225
405 823 897 586 378 195 85 715
613 371 486 424 445 758 874 528
158 105 684 140 791 446 731 235
810 161 296 28 775 151 956 157
731 397 308 680 688 788 679 997
530 982 682 290 103 23 91 730
222 389 653 693 214 173 720 866
896 662 609 199 495 244 665 590
248 692 625 223 133 577 488 438
651 253 527 565 382 326 111 227
393 45 868 984 544 859 426 907
12 83 275 950 542 554 968 218
577 660 226 588 633 544 6 927
866 6 560 30 347 245 256 394
556 405 301 337 950 957 940 273
867 606 573 982 8 79 271 465
332 282 195 882 330 160 234 734
322 264 236 476 59 724 283 649
88 811 475 490 463 280 502 10
526 22 784 412 721 398 890 184
211 13 556 793 373 202 592 738
296 373 716 673 205 78 855 213
612 962 993 581 927 640 634 172
379 744 635 377 183 721 399 185
288 240 185 987 365 281 968 301
647 878 331 652 226 686 95 28
531 796 532 291 166 159 181 283
486 66 245 55 439 89 722 563
25 367 904 33 420 587 100 190
209 1000 452 709 511 218 918 283
633 42 903 959 425 532 605 877
636 230 279 377 401 225 498 275
112 537 641 894 994 628 496 633
678 214 141 391 491 87 790 384
886 40 855 388 963 768 420 212
895 540 843 268 942 468 627 220
326 421 203 53 991 441 228 343
648 200 651 843 268 83 561 934
723 56 449 303 754 359 66 259
338 709 841 228 357 160 293 926
312 718 931 256 72 719 180 440
104 391 845 69 168 684 581 167
225 619 859 347 23 193 21 790
451 277 365 431 375 839 114 908
552 543 525 774 931 616 368 797
607 337 816 985 328 798 451 963
255 848 371 588 617 415 234 321
441 102 883 794 360 373 945 757
233 870 842 544 244 371 701 659
108 139 263 632 186 369 818 117
337 319 42 942 270 305 918 602
866 524 814 302 287 661 45 882
828 371 344 708 334 403 458 386
928 519 789 875 676 492 9 575
949 518 559 302 958 919 273 984
205 681 310 729 864 850 51 243
368 793 146 576 91 983 762 750
181 114 465 342 979 168 558 860
803 945 312 749 529 432 389 472
869 114 500 557 862 958 419 97
228 864 582 171 360 535 692 300
900 277 123 964 72 571 601 20
435 637 236 369 975 88 221 14
827 596 954 874 618 80 846 505
158 224 261 125 576 909 281 620
406 367 680 638 702 344 502 819
204 656 979 638 408 834 552 562
754 768 169 894 622 566 681 187
806 457 595 967 628 51 941 684
162 504 878 215 714 873 357 817
249 384 219 224 749 970 219 962
478 704 982 360 638 454 748 468
288 190 569 616 85 997 685 496
147 547 75 618 244 426 741 420
513 864 924 744 63 506 495 540
611 170 999 965 935 509 915 181
166 37 264 96 548 206 654 858
79 862 66 711 958 243 135 763
262 211 61 111 100 270 455 846
140 165 464 552 218 196 380 958
593 980 664 76 423 679 48 536
420 923 949 817 786 176 787 396
33 794 72 773 23 828 431 1000
45 523 386 748 195 546 589 248
570 690 289 947 896 225 380 322
827 812 830 628 555 507 192 764
406 304 738 188 333 782 808 494
960 794 384 828 85 580 984 890
337 962 669 436 803 473 239 646
818 678 637 237 852 762 616 196
465 40 762 505 20 137 332 94
284 853 621 531 228 519 409 316
231 821 572 149 729 796 337 699
84 429 66 9 357 364 740 843
442 916 947 411 384 129 140 167
846 830 621 967 635 812 641 203
867 698 715 278 468 706 146 48
839 754 716 889 501 112 744 577
812 190 474 363 335 161 783 750
819 59 644 908 620 364 0 211
809 324 466 525 346 188 452 369
971 385 56 81 511 109 792 221
655 243 267 695 106 113 655 865
528 379 848 417 856 883 705 220
694 84 793 234 375 457 695 911
111 328 673 100 8 774 985 469
773 899 428 734 981 108 758 548
579 788 556 706 919 304 809 384
811 197 777 724 779 82 531 821
106 776 894 738 642 358 570 278
14 693 50 409 934 162 644 697
307 904 475 195 341 987 39 961
966 641 457 290 102 318 776 704
708 619 378 879 28 814 500 1000
100 144 235 333 612 700 155 360
834 131 915 864 115 728 315 361
12 187 827 592 196 691 931 663
632 83 879 471 392 469 489 112
992 336 699 365 677 390 576 192
541 411 96 598 333 610 931 464
830 196 875 295 903 971 686 864
463 364 830 539 344 680 258 557
627 261 928 592 348 961 693 576
982 679 134 368 102 515 377 268
945 271 921 589 711 432 258 192
298 55 494 324 816 625 233 35
254 513 666 128 30 126 89 671
417 83 4 89 30 974 693 727
26 606 830 435 565 663 675 754
624 850 236 800 448 124 292 442
492 966 192 880 19 786 876 660
39 977 856 844 540 661 582 210
642 407 114 657 682 66 901 131
357 340 296 740 958 242 878 879
531 360 2 440 469 801 256 849
745 328 327 306 66 211 995 158
443 967 679 455 305 5 649 368
942 23 12 179 749 179 317 846
610 634 183 716 3 949 263 799
292 741 405 361 591 618 550 389
457 863 777 466 88 449 876 181
572 960 248 447 434 17 778 643
852 545 197 273 596 944 586 696
739 77 306 240 376 753 28 312
503 673 775 565 628 4 221 513
486 700 483 202 266 728 906 610
768 199 625 908 408 794 25 577
960 96 849 322 585 879 337 697
912 178 163 383 638 767 920 104
754 926 648 375 706 805 856 658
570 309 333 242 184 235 597 630
195 578 268 82 612 894 213 81
648 90 855 56 765 930 520 844
162 94 653 106 953 120 898 303
28 637 570 794 223 660 509 395
541 131 937 338 404 638 105 472
1 430 956 146 294 989 664 964
198 731 297 865 758 740 139 992
745 981 904 717 556 145 338 578
460 701 546 636 512 683 153 117
962 888 412 804 679 180 92 603
982 592 932 515 357 5 788 765
418 325 607 281 200 146 511 939
333 236 344 939 41 794 560 958
979 889 240 746 450 348 917 147
756 545 253 841 619 231 306 799
649 186 327 125 901 551 388 271
320 736 111 748 929 455 992 996
300 530 453 792 929 926 777 728
190 62 974 183 750 958 5 830
208 232 10 988 940 122 967 712
723 457 73 1000 134 990 180 805
767 289 815 223 859 415 582 408
957 688 205 160 566 69 549 850
463 573 204 376 48 154 583 254
506 46 713 743 416 662 21 402
455 130 200 860 882 947 587 258
933 348 342 519 751 324 61 539
605 646 815 392 877 33 705 855
13 106 194 124 698 599 393 854
165 37 768 433 596 974 853 532
992 754 531 764 668 758 813 478
614 802 366 783 652 969 31 504
685 457 272 531 824 234 265 892
550 903 127 949 836 62 422 742
177 107 752 923 61 102 460 331
911 253 531 391 85 724 175 246
822 697 403 447 959 140 891 687
848 86 665 940 576 937 538 840
436 567 478 545 49 796 344 778
677 469 837 671 322 602 328 434
756 237 34 153 92 624 677 820
952 125 974 933 286 401 75 676
59 399 242 884 500 678 192 552
207 500 45 859 332 425 552 612
763 541 850 715 460 611 198 762
542 753 918 484 694 284 295 755
711 480 604 986 728 888 497 857
662 343 748 247 173 289 849 92
108 793 205 103 879 200 227 806
937 783 132 681 306 53 441 92
630 105 498 49 505 192 494 340
427 233 314 444 742 945 440 589
618 248 970 920 76 866 396 79
106 221 296 122 653 574 42 855
144 518 69 174 185 80 114 940
49 621 577 21 314 656 55 288
83 653 803 478 603 107 907 18
651 194 480 739 601 746 657 185
1000 540 939 618 675 629 956 614
146 90 328 854 341 311 538 794
839 318 690 362 156 602 111 142
833 117 695 959 236 491 405 684
74 545 191 429 606 300 359 965
810 45 537 818 180 573 49 21
101 242 69 867 266 395 411 417
469 851 529 829 355 810 828 21
753 398 602 798 377 914 139 553
110 841 783 877 926 864 438 955
973 514 66 450 441 500 368 363
925 466 643 413 27 905 953 935
797 659 254 935 889 81 694 412
103 309 620 327 765 928 790 542
248 994 925 28 775 555 703 214
16 497 955 458 384 351 709 418
455 154 255 679 537 395 192 367
318 475 841 727 485 951 751 438
996 625 68 619 223 657 472 489
764 353 354 80 564 65 123 987
254 686 802 904 663 270 790 81
417 126 199 528 298 735 511 346
206 93 818 970 894 903 363 565
118 110 238 95 319 324 820 806
457 95 414 29 70 494 222 701
617 828 410 968 423 269 600 941
71 808 612 721 261 750 958 154
805 948 530 805 426 967 805 389
924 512 701 550 253 284 557 646
115 826 728 753 814 949 75 725
375 379 517 597 782 111 604 930
809 990 520 900 986 783 544 432
514 914 840 306 634 888 93 760
912 240 300 98 655 699 910 251
920 606 613 963 407 633 467 101
515 808 272 527 636 420 103 33
454 208 190 635 369 63 840 64
102 433 552 159 105 644 390 8
658 516 829 244 612 70 655 577
70 182 119 261 403 187 197 775
985 617 240 865 793 441 473 51
416 348 582 227 557 131 270 476
767 266 285 291 591 340 564 545
66 120 515 162 958 671 795 903
238 330 279 973 79 806 16 14
170 844 282 388 375 908 594 892
623 78 529 722 432 570 438 560
404 241 795 7 738 453 273 583
153 404 270 782 572 786 507 647
722 493 141 250 289 896 500 734
812 240 816 367 384 885 4 534
182 441 968 177 855 577 259 204
447 823 28 606 936 65 448 971
585 977 959 18 883 587 927 409
13 979 180 77 229 491 923 450
776 929 287 780 514 986 655 67
695 774 982 142 428 132 848 768
460 174 459 818 543 119 748 927
184 228 283 956 231 265 452 21
51 870 90 90 703 96 304 997
280 331 225 872 317 926 574 216
793 358 692 911 174 931 758 4
172 127 626 613 212 872 480 318
669 884 505 642 63 270 231 723
604 665 238 520 702 393 101 299
955 669 473 693 340 532 833 726
252 75 312 276 699 450 417 952
766 184 955 774 363 930 656 777
186 158 86 718 848 119 645 726
367 746 754 18 673 93 681 492
833 110 65 328 978 805 57 29
103 891 454 654 12 639 981 890
193 998 698 640 390 707 285 481
562 918 291 532 81 517 581 127
951 344 78 326 55 125 60 179
417 475 823 158 848 524 939 390
419 145 970 396 186 381 433 946
952 86 576 399 532 689 778 751
408 343 619 694 686 232 219 111
303 158 873 732 155 640 252 265
515 927 56 980 386 919 722 958
913 708 144 232 978 807 174 227
604 968 641 999 395 483 475 571
435 624 982 454 276 329 499 567
199 895 80 885 529 180 761 903
368 199 837 722 243 83 950 66
109 469 535 140 944 151 314 622
96 601 638 377 185 877 803 799
631 656 436 238 230 957 722 735
865 163 47 118 21 384 367 552
188 185 622 502 371 811 923 405
356 285 15 710 522 214 379 916
79 777 717 128 2 497 859 422
221 967 980 967 207 575 307 612
456 843 187 243 253 356 819 903
1 948 121 83 949 670 90 433
20 584 6 490 168 165 379 311
192 158 105 473 413 891 251 681
688 966 744 815 288 322 552 514
522 798 456 28 123 122 15 85
839 219 35 557 857 318 355 138
647 996 235 610 495 771 46 23
958 312 199 111 144 356 720 683
480 80 974 571 543 380 601 561
519 687 59 958 46 515 276 565
56 609 709 157 533 966 248 897
27 442 65 540 242 790 69 399
961 237 801 813 245 654 249 436
383 656 804 750 768 236 883 331
556 472 716 992 753 982 40 709
803 764 324 251 161 77 411 942
688 370 687 576 343 245 979 930
506 331 61 312 762 175 734 886
175 726 209 2 167 717 346 487
923 16 504 316 496 847 337 235
65 521 362 791 39 146 248 382
616 888 742 201 297 365 585 486
929 132 41 424 861 296 662 680
123 208 894 973 338 459 867 924
107 375 218 770 106 826 462 266
230 329 788 272 726 656 381 335
922 235 442 93 982 962 282 347
142 737 542 969 312 653 589 445
29 39 596 41 663 879 670 304
131 405 630 847 127 732 731 26
308 253 133 598 189 902 142 236
866 334 661 208 423 797 62 847
720 676 33 749 379 392 949 171
905 713 929 190 528 535 464 516
199 619 77 886 633 170 659 870
926 633 75 624 760 61 630 97
611 472 156 319 576 157 139 959
791 362 487 78 797 466 570 444
815 988 130 729 896 156 289 484
798 587 803 264 527 689 463 77
382 724 583 895 936 322 520 949
790 825 832 704 851 689 178 149
967 686 90 382 441 207 278 901
376 199 696 921 846 655 614 560
686 820 187 401 918 286 418 81
71 773 688 517 967 217 41 563
862 934 155 440 499 278 317 741
217 50 462 410 892 388 843 420
105 728 792 736 645 73 505 113
512 985 850 631 499 883 814 743
876 831 902 745 518 712 247 900
117 859 364 814 472 162 997 591
21 358 303 146 522 850 487 53
748 201 706 456 726 578 126 975
646 57 532 588 547 385 628 505
469 200 140 207 867 335 250 247
366 428 478 500 471 39 994 803
107 989 971 328 742 256 400 614
476 654 658 523 566 437 533 266
110 971 295 664 380 884 687 812
604 610 174 629 882 991 124 312
535 899 655 631 923 507 353 149
199 715 964 741 316 421 16 754
172 686 976 65 599 338 667 339
943 160 694 252 733 217 404 2
369 888 166 180 116 693 582 182
421 140 670 932 465 767 731 18
29 12 344 72 206 463 899 587
933 68 669 796 75 361 5 896
325 465 31 624 749 134 487 60
875 521 855 338 393 923 219 941
181 659 729 878 130 391 584 595
461 728 42 398 872 334 404 811
331 610 854 748 532 421 816 974
842 83 239 279 517 237 974 996
339 578 997 312 768 2 528 604
97 353 841 300 408 83 466 488
262 405 65 845 467 204 442 64
88 855 571 995 193 564 710 92
530 519 447 616 932 174 730 23
239 784 511 765 455 597 273 110
764 865 952 61 811 426 367 162
836 737 753 521 623 24 949 895
980 672 995 325 540 820 926 523
180 879 290 600 560 558 199 9
308 545 170 306 818 406 499 933
745 880 72 922 50 920 986 530
263 651 109 751 164 484 702 504
255 582 123 7 109 643 212 652
328 530 441 52 658 252 98 566
942 470 421 643 463 940 729 49
176 451 192 787 171 331 287 658
954 615 239 187 346 805 895 112
196 842 580 737 2 379 594 50
567 771 303 96 85 364 632 787
121 395 393 3 429 339 255 370
451 26 3 775 303 277 428 182
830 36 881 395 527 604 236 876
468 644 924 449 551 460 246 267
984 249 199 815 884 639 587 187
94 976 850 511 956 154 237 5
360 158 193 739 460 434 582 762
30 458 64 543 293 251 704 474
402 176 557 500 744 342 963 730
800 714 218 267 102 463 454 580
809 217 182 177 251 423 234 308
271 338 330 58 954 557 846 287
795 30 24 339 600 642 985 368
404 571 23 887 719 23 719 361
162 285 782 806 761 382 270 189
982 982 901 11 468 393 164 977
387 673 115 741 285 958 612 400
601 629 324 652 996 808 350 629
817 927 418 935 205 97 954 14
444 793 461 516 902 592 928 414
293 921 908 818 31 818 122 334
236 237 450 534 192 957 887 407
967 847 896 898 603 745 689 492
177 697 197 40 453 601 338 773
901 669 578 876 746 100 902 761
539 103 599 300 602 520 480 193
571 650 315 694 385 564 974 786
276 535 239 954 894 608 496 53
416 766 512 555 494 342 804 397
945 550 704 587 252 309 448 888
941 535 95 842 2 883 850 88
579 718 251 358 330 622 11 644
942 419 414 452 279 152 844 80
454 20 14 437 831 663 249 243
521 777 794 665 382 642 623 475
763 74 866 308 14 839 220 437
795 623 317 757 402 428 643 610
517 412 348 509 759 684 68 818
808 71 63 820 930 170 740 94
796 842 680 399 508 369 483 541
940 287 352 203 453 89 712 576
504 676 262 673 654 505 439 762
814 64 73 248 846 861 679 217
431 948 248 503 807 117 490 323
829 563 227 134 121 20 944 112
650 223 83 279 351 184 852 133
239 688 746 501 390 608 659 620
303 556 181 646 389 130 893 755
370 481 698 81 319 69 914 365
477 339 939 749 594 393 783 984
423 854 733 896 687 478 342 662
953 13 296 644 788 946 696 702
493 949 524 711 573 744 213 114
896 584 686 697 303 142 306 838
900 432 776 68 466 167 446 592
150 555 506 987 281 399 423 101
457 23 351 615 304 823 803 33
829 812 461 307 373 783 746 566
727 795 841 302 105 937 72 331
191 544 227 457 349 807 661 619
765 589 227 802 404 767 140 505
838 481 480 819 810 399 160 700
835 784 906 636 408 662 46 569
508 434 942 804 324 750 363 108
627 887 666 813 764 929 235 177
200 119 546 297 249 128 920 413
170 407 880 226 473 73 182 379
804 188 744 525 323 599 448 415
971 633 572 580 976 682 380 318
539 63 502 193 89 995 657 184
286 330 82 322 404 534 74 331
566 356 802 975 89 292 404 618
292 441 492 122 38 926 451 909
226 433 180 377 471 962 154 267
257 179 546 554 21 543 167 839
131 472 529 310 302 221 411 729
674 540 129 749 495 892 142 23
35 166 735 697 648 308 391 114
329 689 70 269 704 311 102 395
836 151 107 279 788 208 726 124
175 926 597 11 204 993 927 690
959 552 874 18 696 154 135 554
448 876 868 130 903 179 281 102
807 701 23 752 224 646 852 609
808 556 240 219 294 590 106 682
838 553 917 503 717 575 436 216
738 496 627 541 266 740 980 661
763 521 301 585 670 149 351 546
624 778 6 801 941 21 54 621
492 610 894 409 770 935 516 173
891 687 831 618 652 836 506 906
994 170 470 627 43 575 687 908
351 379 548 877 365 468 272 13
542 925 792 998 787 156 565 908
152 660 216 796 279 662 315 260
763 336 404 548 937 634 942 827
214 560 83 380 645 309 333 893
983 970 924 657 282 948 987 887
538 543 783 421 579 886 804 946
668 856 524 685 945 624 200 880
601 210 895 307 335 324 220 716
219 873 282 481 328 547 345 628
588 358 547 174 52 351 37 460
271 657 676 518 313 748 348 371
738 304 736 103 986 328 554 326
748 260 555 391 42 526 668 817
437 65 689 499 699 614 835 293
100 373 497 109 267 880 5 828
771 661 978 548 294 145 221 400
928 573 710 624 971 764 302 635
69 747 754 200 142 743 167 824
108 57 451 458 825 550 291 872
365 754 265 549 792 508 13 494
871 164 942 510 466 513 433 554
752 551 198 213 905 340 388 210
8 109 614 731 773 113 551 222
643 179 503 1 992 173 849 288
643 504 841 10 655 894 550 911
213 917 990 227 789 599 400 202
564 782 183 797 945 85 775 2
279 929 453 605 229 514 771 991
752 478 469 208 469 125 309 160
752 812 143 367 428 214 631 972
529 455 913 739 370 652 638 96
48 461 690 817 51 307 761 181
499 524 833 759 669 62 763 414
765 72 145 6 125 316 919 186
411 120 630 400 350 647 756 389
733 248 771 399 209 24 309 162
539 4 218 274 114 958 120 75
806 689 341 306 890 69 337 760
788 693 334 157 489 31 16 361
809 931 487 533 770 339 93 222
121 765 620 385 674 792 815 302
886 126 609 375 222 408 47 820
106 248 642 786 6 415 955 714
759 806 383 724 714 136 400 346
141 97 77 996 170 776 671 722
918 547 602 637 6 691 890 338
572 550 570 381 599 298 462 486
797 307 935 113 968 196 532 285
772 25 264 587 362 538 692 833
19 34 738 606 940 843 746 998
7 183 771 339 248 375 189 613
774 271 700 828 95 670 564 281
973 610 676 436 205 529 253 561
558 752 225 322 650 656 669 556
321 468 791 741 172 552 824 760
800 908 577 893 717 803 866 162
424 129 805 289 898 964 637 335
706 340 607 396 229 820 475 522
121 79 850 344 998 70 11 999
33 759 884 64 929 224 202 110
121 775 812 54 655 302 973 625
682 315 578 740 665 945 447 385
664 774 399 94 318 646 282 598
22 716 690 762 264 761 177 874
459 173 718 950 739 453 762 848
36 738 637 768 507 413 187 786
482 288 522 566 986 441 305 624
124 623 827 457 825 474 748 307
434 181 863 441 812 351 995 614
598 168 499 526 303 471 423 470
555 262 336 870 848 450 349 396
167 707 418 709 759 130 334 525
857 530 167 499 495 849 874 446
170 524 935 651 879 381 722 343
688 991 493 98 793 400 612 807
662 253 699 468 599 432 411 182
793 322 45 171 992 70 408 422
436 955 639 923 849 348 759 607
974 872 183 58 405 67 86 284
392 581 57 803 969 415 426 389
409 994 442 443 914 558 876 993
725 613 583 237 391 257 123 904
358 281 1000 510 27 703 168 576
498 282 222 827 690 238 623 630
538 666 668 123 426 561 475 927
402 191 380 713 364 312 594 116
910 965 543 875 995 527 913 326
479 134 810 578 904 506 448 316
953 378 917 178 872 207 4 203
594 703 831 490 872 501 377 24
701 102 524 808 827 503 524 255
933 363 677 869 465 105 410 532
243 215 739 218 841 339 69 105
344 774 662 211 121 403 59 418
935 257 782 106 683 441 896 294
724 640 209 586 79 562 630 929
381 625 925 255 151 857 144 586
597 511 665 96 290 249 582 637
154 397 750 684 955 882 27 145
472 591 998 878 172 817 93 701
613 716 526 725 843 875 72 506
112 586 797 315 16 815 557 154
813 614 255 617 200 764 164 85
501 214 74 725 59 750 898 417
713 320 484 21 96 187 810 158
185 786 159 979 588 698 696 631
317 751 489 886 721 447 485 745
116 645 775 70 629 713 204 993
725 435 913 519 556 536 363 30
763 322 985 636 195 997 52 873
329 539 650 437 569 20 535 255
227 163 84 971 712 952 138 65
776 393 81 799 618 52 196 99
636 881 944 549 84 376 117 649
598 706 66 221 85 879 710 748
877 11 801 991 937 186 530 728
275 626 738 448 538 505 265 465
350 420 459 104 776 913 253 456
288 809 799 913 498 598 110 598
110 955 915 470 72 716 515 933
535 112 221 384 612 358 378 610
489 113 85 756 446 417 458 471
266 552 900 253 968 750 793 834
566 145 364 236 219 493 811 587
919 641 648 787 94 716 985 82
388 863 820 229 77 885 523 495
665 713 6 263 780 952 68 878
431 970 154 259 822 438 71 229
932 93 707 873 67 90 369 62
450 814 542 717 325 849 327 545
757 780 58 642 415 881 922 771
715 79 105 288 0 120 225 611
955 956 840 44 851 293 269 919
519 106 700 933 667 869 237 681
265 608 615 572 811 441 212 752
859 744 772 491 350 945 471 465
711 313 475 429 821 19 283 36
602 374 2 970 806 530 10 452
899 661 201 355 990 750 663 325
17 854 94 586 300 52 484 379
628 729 604 930 480 793 929 540
456 520 30 612 733 247 767 877
665 18 307 898 765 84 494 241
649 669 776 99 240 618 204 290
576 379 552 375 926 358 64 474
327 764 92 898 353 443 750 619
443 643 673 469 200 202 571 390
632 100 417 418 262 914 850 525
128 366 496 808 435 603 531 964
782 609 552 168 874 228 674 673
875 304 720 531 870 21 400 727
461 307 177 911 521 434 511 749
39 214 517 208 557 294 919 227
200 234 837 981 407 648 33 469
410 805 376 441 335 518 800 482
393 752 734 1 988 250 441 802
371 605 386 580 491 284 886 88
102 724 162 53 674 565 571 967
100 341 572 187 360 130 452 745
186 160 783 233 591 596 409 192
372 869 919 437 870 139 470 219
511 670 530 400 753 334 510 295
67 685 347 786 30 267 669 393
908 159 240 687 664 657 665 314
178 201 63 199 756 264 719 59
239 689 220 650 422 837 461 256
417 606 565 57 448 244 757 47
505 218 132 626 979 296 381 960
179 57 907 493 69 780 539 491
132 284 939 852 27 800 834 515
462 993 210 736 865 77 973 851
479 18 169 448 700 546 571 635
228 511 916 219 697 329 502 157
899 372 202 653 900 910 2 315
790 788 73 103 852 840 303 490
448 594 967 255 329 344 630 456
73 985 809 982 444 503 538 757
552 827 597 178 138 436 538 323
998 234 939 76 415 97 508 810
842 289 703 838 890 487 578 664
159 565 157 75 797 245 219 92
656 393 721 912 899 848 66 923
100 505 326 377 898 249 305 914
862 358 296 978 178 439 607 482
731 919 570 563 208 904 39 336
447 93 764 891 310 97 772 989
882 591 570 459 200 156 359 784
888 54 586 418 270 984 600 37
857 12 90 388 717 240 165 191
606 965 550 613 706 415 371 150
851 691 630 827 96 630 351 540
129 756 78 900 558 378 443 98
290 852 106 441 961 244 993 185
7 252 867 534 340 528 342 812
752 620 534 460 81 527 251 670
355 106 955 588 204 662 902 135
540 157 655 827 587 746 9 810
898 506 450 829 754 160 111 933
852 362 758 931 856 246 806 214
259 701 52 318 578 629 378 247
517 931 42 122 77 211 447 856
180 499 75 121 918 167 661 554
245 523 132 769 693 270 96 443
335 489 532 496 74 82 104 478
416 523 574 48 693 683 885 818
509 465 717 623 904 344 194 58
352 238 876 406 903 184 880 179
409 667 179 609 26 24 929 934
164 835 21 719 257 661 410 773
611 652 670 905 591 719 317 168
277 443 717 531 402 743 657 454
863 859 530 67 844 341 554 464
971 314 750 619 415 386 629 871
746 288 178 938 537 922 842 385
996 457 959 270 468 608 974 440
466 763 787 623 763 768 289 402
515 901 971 228 621 554 697 694
518 320 129 503 268 432 762 166
139 381 84 576 888 182 704 424
702 771 837 648 624 522 300 151
19 197 308 903 122 958 820 886
498 551 178 708 288 492 852 774
939 596 337 713 16 539 163 471
522 205 185 593 982 609 232 305
237 604 967 176 666 151 500 500
217 781 232 609 740 375 70 23
861 445 355 998 397 714 990 198
404 657 883 492 321 760 266 299
321 202 773 102 226 319 309 444
899 267 67 569 851 383 930 41
820 161 944 373 263 315 937 263
597 472 881 447 159 47 199 406
531 330 922 200 223 802 874 957
394 811 445 592 404 86 173 163
454 91 300 183 976 999 891 889
477 387 259 941 447 572 554 355
405 811 712 567 186 68 634 446
272 650 278 851 692 728 498 420
571 594 691 445 303 422 960 78
66 519 572 31 77 728 333 792
397 950 490 237 135 696 559 677
283 364 449 303 694 224 400 246
41 532 343 204 788 654 904 926
998 816 417 149 431 207 343 429
404 69 137 356 42 660 472 342
321 239 278 630 685 459 140 427
199 517 89 299 868 678 528 123
581 910 320 460 545 715 145 785
895 501 401 57 411 448 765 232
38 284 173 957 314 790 996 770
763 78 90 962 760 185 827 582
349 275 813 884 172 11 384 606
510 345 751 352 600 580 358 565
451 43 935 470 895 759 502 95
365 98 230 253 970 261 468 323
275 707 479 747 431 122 94 325
791 533 604 861 114 735 590 813
370 132 230 427 597 870 398 861
595 18 327 721 812 76 640 527
947 543 754 184 265 763 419 326
702 857 464 104 268 431 817 71
82 93 920 564 603 294 207 989
393 289 49 603 446 553 394 216
959 532 716 34 66 497 609 238
916 936 842 755 677 403 75 95
374 637 322 46 845 695 539 749
528 471 473 97 607 672 627 698
431 14 326 167 527 257 855 436
328 534 263 592 858 986 335 482
856 68 57 403 735 326 592 725
50 215 569 609 863 55 151 509
224 207 943 993 703 713 138 280
167 547 846 726 440 799 272 915
578 119 990 982 430 319 654 892
881 510 445 730 836 131 371 438
387 221 883 493 439 177 884 262
701 799 445 662 470 588 14 667
362 12 319 106 123 888 935 100
848 152 831 6 884 719 724 181
719 687 66 657 825 631 989 54
650 359 903 646 98 577 712 449
414 845 947 992 725 547 865 775
681 940 760 358 112 934 505 966
9 892 140 522 826 800 232 580
836 858 738 505 789 165 622 615
313 547 594 253 654 548 970 973
219 213 375 395 17 822 444 841
107 549 601 367 420 572 109 92
569 954 803 257 783 498 975 678
828 918 58 207 451 178 123 335
951 307 695 460 61 220 253 809
304 693 72 899 203 538 12 614
421 514 559 236 81 128 470 174
744 487 969 158 898 164 88 318
241 943 426 723 245 699 694 369
136 137 953 959 427 831 560 721
648 251 525 985 955 98 439 372
898 107 361 364 688 299 354 79
123 383 879 182 58 375 415 388
281 230 506 160 618 382 74 210
926 358 536 638 401 352 332 297
661 581 244 940 8 800 629 327
65 478 420 204 458 956 739 920
328 594 803 18 850 976 674 649
116 616 552 43 321 245 447 722
688 848 198 169 184 953 316 626
641 277 946 162 617 789 547 603
738 836 4 505 182 696 806 721
157 345 824 935 937 936 592 719
861 678 127 157 962 807 293 12
75 717 300 499 867 949 255 915
842 898 616 382 875 308 163 888
250 32 807 423 136 484 117 844
617 638 400 58 547 465 93 347
676 875 239 580 204 762 983 750
981 290 299 381 828 388 651 573
547 648 348 951 789 515 380 751
839 138 724 761 330 524 865 741
204 877 956 526 694 972 855 971
892 64 886 894 262 146 990 725
794 425 461 944 918 177 912 155
715 283 445 39 885 499 436 19
24 464 375 884 373 917 912 935
413 129 823 47 319 321 833 774
353 925 169 748 378 860 208 423
814 107 995 583 98 820 520 914
287 357 734 729 242 176 337 485
693 714 510 183 63 590 947 281
324 304 360 974 965 641 611 32
112 972 448 995 644 206 742 394
391 655 472 390 533 198 923 476
516 778 602 869 963 65 763 822
586 686 317 885 228 824 629 318
175 560 641 735 304 856 644 566
522 112 940 260 481 907 384 35
255 638 801 513 374 443 363 370
978 623 81 755 236 270 961 857
65 712 774 984 203 679 368 33
410 780 927 464 936 401 743 53
390 922 587 789 794 647 472 75
522 111 160 111 880 712 332 200
380 286 221 358 179 504 841 110
893 448 172 220 979 476 378 597
793 483 601 206 81 171 162 793
951 810 64 752 899 239 114 730
765 16 765 827 740 629 932 282
196 497 55 383 90 962 467 359
967 280 420 156 299 154 125 294
859 729 439 98 828 342 866 322
621 515 756 714 529 606 973 581
572 583 269 134 702 942 617 204
356 469 721 939 710 198 216 811
893 323 475 205 125 867 389 767
449 910 792 119 984 748 743 936
486 610 959 230 346 271 53 398
891 31 535 226 363 611 103 285
749 16 571 240 983 961 255 208
878 613 82 280 36 267 252 241
564 927 437 199 164 495 916 60
854 986 59 396 988 803 101 894
995 180 46 457 421 78 58 856
464 613 58 80 366 728 209 504
671 689 893 750 188 427 524 850
882 479 270 518 924 486 584 393
824 878 20 922 161 559 730 213
854 97 947 990 805 635 434 8
405 650 333 0 61 185 532 203
227 384 203 687 434 12 481 702
510 649 359 256 236 891 852 464
6 201 422 571 699 550 566 272
299 150 976 860 108 270 760 250
189 361 173 816 609 766 432 547
296 393 977 80 721 909 475 266
522 595 243 206 882 957 534 251
980 50 162 420 74 736 116 324
227 519 291 164 116 269 830 836
598 323 415 282 512 269 554 128
369 126 394 388 513 872 352 21
441 475 225 16 954 557 340 91
83 882 419 532 826 390 225 677
807 121 822 386 965 862 260 103
466 253 709 413 482 231 518 912
878 660 115 213 489 918 966 372
963 917 14 812 981 911 366 789
291 491 546 79 965 522 583 820
325 854 940 375 343 701 93 247
505 786 458 889 411 909 834 316
996 183 799 630 400 740 346 841
300 979 327 951 654 793 665 995
880 75 255 684 278 914 706 778
850 641 986 787 972 370 168 803
776 263 156 797 193 662 287 877
542 419 95 334 179 425 868 232
662 713 70 511 768 61 769 402
223 288 676 16 774 809 786 262
529 852 109 403 731 378 714 85
44 170 228 312 120 985 260 19
930 59 829 784 471 63 5 720
414 391 178 266 841 369 922 89
621 301 954 659 393 954 277 952
321 825 216 444 881 314 880 370
887 495 574 948 711 512 98 440
865 333 567 177 338 554 602 870
457 866 199 965 215 549 760 680
723 828 42 437 458 620 73 251
772 579 355 147 408 344 594 257
876 47 642 789 489 727 201 594
887 752 834 372 487 754 704 407
650 204 917 139 978 942 988 189
935 81 71 360 536 293 42 677
442 606 496 284 624 445 70 27
970 915 371 643 392 681 678 86
906 805 245 168 742 844 302 254
882 395 29 392 464 265 385 695
566 263 358 84 451 722 537 762
285 334 504 561 70 6 416 923
662 838 439 338 881 518 992 679
628 779 711 183 824 59 153 771
662 214 62 560 459 200 556 364
327 478 744 350 491 259 512 153
535 541 857 565 135 351 128 656
208 937 4 109 718 958 870 368
945 53 875 689 180 636 927 147
138 757 32 893 773 107 914 50
792 857 859 179 414 928 357 1000
257 371 26 74 452 899 100 422
112 531 110 227 677 213 285 422
606 329 20 582 301 16 493 987
58 312 123 600 243 484 605 446
773 176 531 287 436 528 18 725
367 529 809 414 904 698 369 262
408 900 425 172 438 493 307 93
694 741 62 309 915 240 899 852
555 580 262 279 908 573 278 206
109 614 847 743 382 781 864 650
744 395 570 355 697 536 995 766
908 237 59 979 416 530 114 365
469 756 483 981 380 213 43 352
936 695 355 838 702 619 438 858
368 813 750 457 278 631 223 624
209 436 676 777 384 553 57 152
354 112 168 841 688 356 528 704
231 747 156 630 129 318 863 659
829 311 25 128 328 301 1000 991
540 12 236 959 741 365 302 292
417 415 68 621 252 414 98 191
34 734 614 659 872 803 440 577
373 212 898 528 841 536 568 751
929 606 601 211 841 652 234 323
325 862 995 903 158 982 951 284
624 704 234 881 389 676 591 38
907 551 282 551 599 571 594 557
300 51 830 868 900 860 310 957
146 935 355 947 711 228 336 521
712 711 902 272 384 983 693 951
306 375 64 948 215 423 446 861
511 432 79 353 133 271 625 301
618 503 925 790 621 673 709 133
674 731 49 138 138 372 717 255
510 19 426 259 11 124 486 163
381 887 367 990 410 946 532 587
603 93 728 795 641 785 205 544
899 976 860 227 980 153 846 251
273 418 485 143 388 646 159 860
2 944 248 485 783 579 17 796
612 999 811 270 72 491 758 994
125 187 460 211 104 862 415 392
68 470 908 447 776 324 659 828
936 823 118 786 754 434 821 737
429 84 366 679 822 1000 52 44
854 532 591 866 524 909 611 60
93 387 369 762 162 497 827 61
315 385 588 75 329 943 368 96
564 947 5 18 651 925 746 605
670 665 969 369 962 302 678 118
895 29 509 311 433 54 703 870
338 445 857 867 305 535 454 534
277 578 109 27 428 807 835 738
90 886 279 362 67 909 517 362
317 163 459 163 177 914 850 383
162 789 545 945 781 559 741 840
970 565 272 364 887 441 170 767
400 769 677 666 956 912 117 234
994 3 330 935 241 345 46 879
218 541 409 649 257 432 332 775
656 850 268 412 342 139 497 354
301 673 354 122 886 368 861 349
519 408 209 647 803 957 983 16
672 719 139 124 360 178 467 44
551 705 643 555 557 836 160 874
899 551 731 90 744 308 173 773
123 32 761 887 857 815 638 565
284 970 587 61 579 495 284 64
265 820 592 259 564 553 354 99
454 198 835 581 703 632 193 163
286 546 425 778 936 423 281 806
615 22 635 368 372 361 968 451
157 907 405 515 96 924 110 575
34 649 934 819 1 234 106 472
810 681 894 949 685 498 122 540
117 706 647 945 483 387 926 337
734 327 262 138 454 566 275 380
185 573 814 45 329 808 331 457
427 887 686 57 118 807 28 407
488 338 423 844 103 578 373 239
852 360 628 694 272 193 203 746
990 309 643 789 245 446 420 172
765 876 153 863 315 224 981 823
867 507 309 940 716 909 861 528
856 785 197 531 297 784 209 629
139 442 992 513 17 65 279 872
850 86 241 369 459 642 343 650
886 869 738 432 911 339 201 172
37 420 317 970 19 21 93 481
9 275 945 560 448 746 92 859
629 891 299 510 358 702 16 648
272 194 368 563 56 538 288 269
2 217 299 444 190 404 708 260
76 190 921 8 656 379 969 316
400 699 919 801 324 601 838 435
557 369 48 266 165 466 543 940
984 646 811 58 579 443 633 404
268 215 198 293 484 661 403 725
87 279 702 369 530 52 119 701
692 151 101 661 203 283 338 637
92 873 537 525 255 265 923 640
398 80 678 265 340 883 468 739
744 598 196 828 905 183 683 705
925 972 677 833 124 665 919 837
872 673 131 90 667 917 229 916
517 940 840 199 172 643 406 636
514 978 797 24 908 898 339 119
896 575 437 199 897 239 527 277
146 412 309 385 365 996 56 566
961 731 605 406 929 76 479 130
940 191 937 632 400 564 989 853
238 441 422 159 785 122 763 387
314 42 734 881 509 112 346 921
565 905 397 79 149 968 758 727
163 537 80 474 780 423 957 649
157 493 787 942 322 347 392 22
391 765 97 775 681 659 434 820
811 243 136 807 418 480 854 79
320 37 16 8 933 353 359 56
857 714 174 688 362 213 97 621
752 71 958 569 59 435 142 378
857 695 741 58 919 667 970 186
306 342 420 480 360 372 670 791
815 949 338 861 279 808 204 691
403 241 329 364 872 751 583 453
105 796 222 774 202 718 156 760
709 292 784 424 588 796 503 211
687 486 519 62 451 347 915 720
75 930 637 83 945 198 55 566
307 878 628 0 491 95 425 839
890 893 514 718 163 203 426 546
645 400 829 30 342 200 387 86
284 259 643 641 521 906 408 609
771 877 371 652 805 449 511 223
885 130 782 328 125 892 262 526
898 468 272 205 54 131 364 61
96 923 479 377 289 948 468 341
924 164 742 416 151 226 356 699
25 544 918 92 968 432 362 567
731 721 620 405 627 250 644 780
175 685 954 866 584 303 492 566
73 284 913 860 820 38 336 774
218 872 831 146 55 455 255 69
530 918 874 956 721 317 383 232
624 306 908 146 413 803 415 800
431 96 762 374 308 653 111 645
804 991 134 710 597 410 563 104
235 638 517 514 467 436 190 453
422 449 543 473 809 420 785 467
75 269 180 801 368 169 522 215
765 1 40 90 883 296 375 56
435 438 913 166 400 882 115 251
330 921 140 768 930 953 244 753
220 229 247 77 934 843 104 422
303 898 512 827 408 87 354 645
654 521 801 448 54 713 66 474
362 659 685 140 543 368 240 620
756 881 141 55 324 699 820 684
129 488 240 80 295 295 980 870
236 639 209 116 82 628 490 199
516 306 504 787 522 819 408 972
938 832 305 829 916 975 332 360
69 442 65 423 384 657 586 760
761 481 379 306 630 306 852 368
837 872 264 400 235 498 17 72
257 331 715 910 636 983 291 287
404 374 517 969 834 412 193 206
403 642 633 675 58 267 336 251
479 501 721 680 635 636 386 394
358 971 466 487 452 250 179 751
696 543 492 41 659 993 717 470
409 148 585 428 704 457 179 367
524 232 519 963 156 77 339 221
400 491 668 573 217 208 331 898
108 860 878 363 912 362 844 112
572 287 950 167 754 913 841 817
490 338 731 544 669 580 551 681
285 616 914 17 442 573 0 113
178 9 429 2 373 304 207 59
807 731 613 855 898 211 779 861
4 353 43 750 159 426 241 484
775 724 122 710 267 174 795 613
912 366 669 175 459 905 614 659
987 171 521 560 180 817 414 310
968 751 127 451 620 440 56 557
967 275 137 396 122 357 748 94
300 988 268 500 813 475 524 715
50 539 851 754 686 720 135 127
775 843 192 152 590 12 904 296
986 537 25 43 230 691 503 739
480 466 530 759 168 382 734 190
727 705 363 432 585 660 584 225
936 162 532 808 660 851 843 116
317 610 54 156 747 778 3 171
222 897 328 349 952 687 223 828
778 433 379 486 917 325 937 616
808 245 254 966 156 410 614 279
480 829 677 839 413 328 498 648
97 962 186 663 327 939 696 345
184 114 829 339 549 159 482 647
356 230 589 891 48 957 292 587
175 252 850 79 969 738 386 94
120 256 20 771 914 947 160 56
518 329 324 998 872 438 193 750
197 633 506 922 408 683 129 843
131 20 488 193 810 363 843 801
55 61 435 616 593 41 374 196
314 604 977 980 98 719 13 775
356 351 556 108 825 738 798 157
49 235 926 975 72 724 796 595
137 865 36 763 39 47 182 414
777 293 783 490 860 683 767 460
529 818 25 454 889 799 813 254
598 89 394 467 548 253 590 589
455 494 614 925 933 388 292 1000
942 563 353 201 695 417 268 586
902 158 952 585 910 441 65 981
611 619 203 898 651 969 271 422
775 975 182 95 412 662 371 576
517 849 556 880 201 203 480 66
449 794 600 82 756 892 380 65
812 99 409 861 323 502 709 897
245 872 683 829 996 680 304 800
623 627 172 609 397 980 155 66
912 704 955 435 353 170 673 274
113 54 681 675 887 649 488 612
518 831 380 614 721 849 438 914
42 472 165 984 265 481 178 619
749 618 369 422 122 317 809 512
395 485 877 357 460 429 331 410
600 409 568 517 796 179 592 397
196 562 127 982 367 549 429 882
215 188 203 676 738 572 542 723
173 766 379 126 465 625 823 42
128 939 169 143 420 958 318 398
230 584 964 589 545 519 442 901
656 590 920 189 328 297 757 475
955 693 152 221 340 357 442 661
627 891 759 351 928 429 48 231
229 394 895 987 806 89 968 883
675 546 887 299 941 297 546 65
713 461 182 537 290 130 188 214
736 831 691 128 405 303 55 556
843 252 353 350 39 12 268 469
215 6 268 856 530 978 869 31
294 6 763 96 288 504 437 451
652 596 826 509 671 139 294 462
949 585 109 884 377 4 784 786
82 842 192 105 486 632 677 77
507 566 876 643 494 424 69 485
753 754 235 893 188 721 345 447
189 200 38 231 662 60 79 80
531 138 285 841 50 299 373 654
161 318 673 926 413 663 946 46
106 655 111 54 547 319 57 397
794 940 833 667 766 462 146 850
246 178 40 648 939 262 752 290
571 919 899 827 941 261 833 508
966 781 765 441 805 874 68 445
603 980 434 921 329 599 111 611
33 690 304 838 634 812 489 634
359 217 592 694 11 424 123 521
241 212 445 321 357 298 596 642
898 777 490 295 764 148 995 804
604 16 644 809 896 296 314 710
760 482 844 113 860 998 781 264
248 587 574 822 894 952 324 661
126 36 142 99 133 405 817 145
322 1 717 405 549 675 634 214
724 225 914 257 862 694 55 405
704 871 716 616 806 506 504 832
354 344 426 404 442 242 281 521
51 686 498 155 22 414 466 404
490 568 857 764 678 954 461 771
485 14 900 173 92 369 417 474
610 434 846 996 541 838 834 427
1 931 587 558 501 562 860 992
424 529 117 203 803 778 719 268
595 773 195 824 988 919 137 418
334 68 70 322 11 268 373 479
171 76 426 100 741 623 194 140
359 109 384 53 855 964 134 493
421 952 277 2 41 481 827 991
619 988 261 134 963 291 784 221
808 768 348 501 445 111 432 315
835 32 375 21 791 834 635 723
139 10 222 814 703 997 795 255
301 278 267 683 834 526 810 991
798 927 871 526 526 417 928 75
343 592 960 809 667 187 718 950
848 305 982 417 58 417 937 415
820 270 930 905 711 642 420 799
427 760 407 345 540 128 687 130
824 469 981 224 287 914 585 99
817 124 417 772 991 582 308 265
99 511 399 590 830 888 836 172
851 498 30 393 576 801 59 621
43 496 559 43 846 719 570 55
609 848 746 246 23 535 603 618
723 738 522 423 905 426 329 58
50 288 338 683 386 973 816 1000
833 426 880 824 281 320 250 538
978 139 287 684 598 494 94 197
915 765 20 248 305 1000 396 128
6 205 818 717 998 350 73 909
388 269 43 26 490 204 951 926
944 782 801 574 563 676 14 129
291 642 314 969 663 393 581 79
185 37 840 217 789 357 363 433
792 385 431 835 405 662 551 119
485 513 795 321 823 542 36 228
838 100 599 332 816 449 877 538
135 756 960 101 475 391 740 845
778 648 858 197 263 98 789 520
858 862 178 769 790 570 688 15
26 385 498 833 969 718 540 929
441 741 725 466 261 653 554 704
524 300 977 733 298 274 185 816
574 986 541 211 58 323 341 831
703 577 642 526 309 917 508 348
239 531 501 451 660 412 785 959
292 501 305 513 470 741 765 45
106 213 202 924 482 278 495 15
849 89 366 2 230 960 497 653
891 153 698 257 693 354 696 272
588 692 667 953 727 48 708 932
922 368 411 119 660 627 379 21
565 322 45 863 705 77 857 489
157 328 784 870 475 26 477 661
358 365 556 1000 740 537 307 79
494 703 590 864 446 781 860 336
83 580 162 481 78 613 199 939
716 44 908 905 392 529 500 558
466 560 150 356 178 99 183 508
913 365 238 113 216 264 716 559
817 202 846 906 81 474 497 879
677 981 698 979 917 952 186 582
146 484 546 358 534 879 523 886
52 65 671 464 883 831 563 789
560 447 139 770 48 305 552 621
576 872 711 128 380 498 723 971
227 26 140 893 854 194 551 405
149 565 578 721 442 691 832 945
418 808 640 496 127 412 117 805
685 463 831 196 959 548 185 644
366 46 477 470 754 597 562 146
809 996 888 63 453 921 680 565
216 992 907 903 462 519 904 605
835 872 707 910 771 799 677 827
575 877 419 792 911 176 818 210
573 849 171 987 805 479 572 614
628 233 873 749 33 571 526 262
803 168 500 863 902 590 792 506
234 76 384 720 64 795 687 837
547 733 875 360 463 120 86 588
320 306 97 463 983 179 508 431
689 657 108 315 428 218 46 239
335 899 190 46 338 70 470 437
343 270 395 713 625 678 946 414
21 446 229 811 685 695 581 855
698 978 593 519 907 195 71 913
932 553 810 90 91 426 535 42
253 338 819 213 461 624 139 946
59 963 269 954 434 741 318 279
182 221 32 515 280 366 545 986
98 201 318 497 720 495 468 103
855 4 615 192 356 766 750 583
241 430 464 53 546 776 870 357
860 592 40 42 566 203 725 868
538 738 805 531 304 893 523 770
29 559 24 20 575 900 293 877
743 588 99 471 681 168 379 50
419 966 395 87 399 630 344 762
570 520 299 533 446 917 621 672
640 321 438 134 563 605 301 53
986 96 39 596 999 820 952 37
280 938 857 589 640 140 830 700
314 12 631 551 6 314 140 393
263 829 953 749 554 118 218 765
307 453 886 802 160 718 781 554
366 317 410 474 386 528 305 749
501 951 293 269 832 493 906 262
239 648 45 556 310 901 779 4
408 384 359 274 520 906 228 679
499 397 675 711 473 841 160 416
460 37 778 98 758 732 590 744
204 147 677 167 252 940 352 890
574 649 780 911 528 467 767 706
54 626 5 876 839 628 514 968
275 241 993 592 369 725 25 530
284 284 103 881 865 238 183 953
844 687 792 127 168 679 829 72
370 771 448 538 57 317 803 617
825 698 333 591 42 561 699 196
287 685 342 233 375 889 620 989
756 231 889 668 722 282 169 662
829 908 639 340 169 526 146 915
861 741 745 61 459 514 657 693
35 332 550 654 747 848 969 395
568 721 605 594 850 632 336 135
751 541 438 382 657 878 971 225
960 610 291 402 707 419 318 608
595 440 15 655 361 956 217 674
428 378 865 735 131 827 270 87
293 389 750 283 929 732 588 412
134 998 300 82 715 399 490 127
575 68 390 442 557 846 34 929
164 807 214 204 89 788 590 747
965 303 491 286 425 170 787 344
984 822 979 562 863 902 323 284
566 484 464 630 362 987 554 825
906 279 642 783 0 295 361 810
147 772 164 46 491 628 720 302
463 92 433 826 127 204 948 322
687 690 145 402 826 294 793 332
394 16 882 198 206 288 234 798
390 923 605 188 584 549 943 623
208 889 729 506 679 113 457 159
832 585 736 226 467 460 894 522
163 722 926 647 490 738 466 729
682 363 160 196 430 746 854 15
818 271 209 774 327 891 378 440
181 982 349 836 352 76 237 123
638 228 280 778 679 757 788 852
327 971 4 534 377 777 391 79
291 200 526 682 192 48 512 974
674 702 255 894 370 443 834 52
916 989 278 841 159 512 976 935
727 636 827 489 758 968 814 520
569 851 387 746 779 518 764 491
134 902 887 119 38 363 722 159
352 894 273 831 452 642 720 912
568 719 943 889 820 668 224 161
208 932 811 639 173 583 321 809
339 915 703 297 319 512 780 561
93 745 833 546 368 780 92 365
76 302 437 414 839 132 498 736
651 174 432 57 432 213 142 649
344 333 537 952 394 726 135 578
324 202 849 661 618 70 220 225
844 978 569 379 664 433 657 996
807 187 883 939 535 487 614 484
815 768 398 755 503 918 452 769
700 673 496 685 6 525 54 638
990 302 235 517 556 954 979 60
190 208 459 622 648 485 201 432
40 251 498 539 388 172 379 605
256 329 112 321 227 458 531 57
413 322 687 552 587 627 915 383
529 818 31 520 622 767 830 989
556 792 957 315 240 261 269 425
975 500 869 497 0 750 704 863
653 395 237 418 650 333 166 810
122 73 232 8 564 433 672 746
631 43 229 759 159 734 900 70
245 146 594 620 469 45 932 121
921 257 586 50 64 685 679 182
375 828 221 691 486 956 120 394
500 110 993 307 412 429 189 262
72 591 376 32 366 297 475 775
152 828 198 192 319 653 389 149
571 781 602 248 319 175 319 604
805 247 670 897 56 579 274 871
130 870 746 951 295 831 203 623
195 208 833 104 709 563 166 118
584 55 481 972 775 736 677 678
678 73 207 305 726 893 418 564
836 168 624 0 150 108 628 277
268 489 968 537 615 111 878 427
463 512 779 730 353 467 705 708
283 327 484 360 404 349 921 393
760 448 639 512 139 209 778 516
45 773 308 336 603 247 307 878
317 245 970 146 621 887 962 851
393 982 376 461 959 639 483 348
623 186 808 254 178 393 172 239
379 831 897 34 344 988 400 507
802 469 372 258 221 332 887 351
889 917 434 957 439 368 222 516
256 162 998 263 478 568 454 825
440 391 978 442 978 129 679 143
646 264 729 56 300 139 820 779
572 632 944 515 725 879 289 877
481 600 781 415 126 64 530 250
870 347 393 587 104 844 17 217
31 922 167 525 734 537 589 81
920 969 852 360 14 445 176 232
494 352 896 122 292 361 16 900
92 453 97 333 855 76 529 995
514 649 431 794 539 988 616 668
979 813 934 885 245 820 993 696
424 405 95 615 652 939 417 419
827 951 32 985 296 732 40 583
703 235 422 448 42 231 593 755
110 752 654 865 882 284 778 372
860 594 951 752 59 32 895 149
872 232 143 199 328 601 706 281
523 516 208 179 966 221 54 249
360 596 279 540 314 33 912 130
296 803 499 962 552 370 597 480
337 998 952 492 786 935 848 755
879 496 167 758 670 431 674 973
783 121 36 416 26 20 146 480
577 239 132 658 348 764 566 290
297 680 287 469 635 316 548 33
586 563 42 495 202 676 324 169
246 658 737 83 628 911 824 433
29 176 197 700 64 404 218 884
494 379 852 443 496 120 7 867
788 62 483 200 296 658 64 866
61 399 342 787 295 174 278 535
591 597 523 898 785 270 784 664
684 487 732 352 802 365 19 408
500 155 151 835 379 33 691 507
906 181 796 199 541 171 77 356
937 551 441 719 158 455 431 676
277 215 804 891 530 537 77 208
6 937 277 440 322 560 293 786
536 738 287 214 780 756 575 685
494 194 272 663 947 10 223 287
397 401 864 937 878 197 743 887
121 593 477 875 563 292 355 171
709 803 138 611 568 168 505 114
349 31 382 256 953 881 642 289
875 981 202 962 249 839 794 376
402 628 217 975 917 384 278 856
90 315 727 158 59 435 168 62
27 992 69 137 737 327 996 694
921 737 167 63 781 662 805 232
233 270 440 886 107 904 581 895
337 139 730 481 595 814 60 46
970 397 395 470 666 434 801 558
169 920 967 17 93 591 360 108
587 222 188 969 814 803 355 481
208 479 399 69 43 591 452 890
671 514 405 937 570 680 519 762
29 466 351 444 888 966 569 867
111 257 556 827 259 819 503 180
292 528 51 119 833 743 813 864
835 538 537 200 587 50 824 564
704 211 179 685 60 752 977 862
580 248 264 261 878 537 685 459
479 323 758 199 527 193 49 870
205 886 605 14 237 388 864 829
626 356 395 904 15 801 85 580
319 913 663 859 230 157 317 64
444 888 601 185 276 797 196 330
962 365 476 957 674 889 390 998
807 534 447 178 83 138 31 779
313 62 540 734 214 896 767 547
732 852 782 979 489 780 155 511
648 410 293 199 904 794 996 79
165 150 838 516 698 786 924 926
498 241 870 961 595 114 914 19
39 86 128 613 433 45 42 888
606 333 17 460 298 748 726 776
650 326 746 883 2 248 259 386
498 262 452 674 333 507 511 651
379 273 798 157 693 908 714 453
625 497 988 294 542 88 438 7
691 669 537 586 566 277 795 256
745 998 733 63 407 922 370 166
589 484 951 45 792 11 55 831
538 609 337 802 584 45 574 676
524 621 60 482 855 822 267 872
921 303 156 857 169 702 314 373
931 874 944 524 874 258 191 680
585 550 20 626 503 363 967 393
691 973 619 854 829 381 328 514
75 950 797 290 892 866 174 104
506 279 372 437 786 20 928 23
486 543 196 949 56 65 767 523
209 973 729 703 236 64 623 667
215 834 230 200 730 356 263 452
874 0 981 748 726 416 980 954
741 937 105 641 476 790 838 529
61 804 19 20 217 946 345 854
790 73 19 456 568 587 176 720
45 472 766 728 350 549 87 207
206 499 682 53 165 158 208 791
745 808 132 129 135 315 265 241
259 759 676 150 787 78 677 319
149 599 473 51 651 354 882 648
659 387 918 267 601 851 627 651
358 315 749 279 425 632 743 506
700 380 757 437 134 445 545 27
269 710 843 114 322 414 133 647
862 24 105 922 923 805 162 697
939 114 359 989 801 230 341 92
679 134 243 723 555 947 123 7
276 910 492 164 839 554 122 537
510 181 96 506 72 321 518 561
930 610 495 585 457 197 831 132
734 990 52 521 191 740 779 666
445 614 225 268 591 821 920 460
889 126 367 647 458 649 923 231
712 813 366 484 768 938 7 199
351 740 960 933 224 85 519 39
324 344 71 642 51 295 127 905
59 106 983 714 715 964 573 826
255 556 575 966 979 899 916 46
398 246 467 198 254 681 134 542
748 927 785 866 362 622 417 371
601 604 941 931 912 975 234 411
115 741 272 294 108 849 341 355
594 435 745 48 255 160 582 605
252 65 923 156 272 208 969 832
724 653 510 593 903 949 808 277
678 137 509 682 345 552 805 103
231 776 203 450 784 519 222 656
121 254 394 165 26 180 580 247
543 218 550 581 83 937 868 76
343 154 84 960 662 874 863 155
513 35 753 287 298 552 303 696
356 292 621 17 390 238 606 308
729 430 220 613 412 777 513 368
802 123 877 50 851 426 287 876
471 792 683 380 322 507 49 940
928 762 282 255 223 555 439 540
422 934 673 932 500 40 632 848
992 80 42 980 100 436 313 430
694 906 893 402 549 394 907 484
231 804 906 657 981 646 351 535
94 336 144 603 41 691 742 734
927 495 781 449 338 98 468 609
671 971 35 471 391 164 705 234
171 254 827 549 230 883 605 4
889 799 20 223 114 62 151 974
297 608 486 140 250 131 321 668
50 94 793 261 356 886 912 244
973 100 777 579 186 215 649 389
430 889 367 500 631 440 333 522
934 852 37 881 210 146 619 179
80 156 395 554 311 603 510 594
107 676 831 678 423 321 714 697
684 70 396 754 532 927 827 177
370 317 282 55 441 964 280 875
116 424 362 379 433 499 750 354
338 556 897 842 897 95 935 55
682 644 540 749 32 734 256 333
541 590 870 463 595 245 736 846
383 890 844 203 13 555 751 906
681 765 754 745 667 215 691 628
485 886 799 937 588 663 468 965
883 901 401 24 736 593 188 401
37 866 454 246 845 935 699 992
440 727 508 657 198 164 710 147
200 781 356 901 127 346 466 947
421 585 891 515 606 767 372 522
714 142 645 37 821 876 499 956
986 711 758 921 928 371 955 19
984 357 768 989 759 237 484 310
262 934 971 778 977 708 201 342
985 28 165 886 299 604 538 361
678 736 583 329 175 552 250 502
881 260 196 510 768 660 253 355
380 838 490 451 466 400 971 631
853 703 512 988 621 654 754 562
68 27 317 537 104 365 450 537
297 476 169 987 329 32 277 4
793 232 45 145 400 40 673 571
544 70 994 20 985 767 669 509
173 827 856 766 143 930 357 293
432 232 770 254 988 851 344 653
361 307 963 902 444 69 865 283
458 452 753 933 236 312 205 277
318 750 379 140 137 207 967 639
642 300 31 913 40 662 490 383
811 947 590 940 68 492 582 823
134 579 816 465 157 481 53 155
639 157 802 187 537 640 887 817
784 90 820 806 911 287 772 810
118 484 750 445 729 576 409 392
419 360 275 448 52 184 403 532
708 786 325 272 504 693 776 606
226 696 388 570 136 601 795 710
789 495 109 923 780 462 415 10
487 625 479 910 264 149 468 377
677 354 112 44 229 488 671 448
152 588 477 913 997 836 72 554
298 31 7 991 117 186 474 543
264 293 690 471 883 806 244 693
309 138 159 432 183 984 62 597
931 903 679 501 599 804 568 46
524 59 93 187 895 96 960 328
76 822 972 606 125 247 980 122
871 9 124 116 557 542 640 848
108 637 207 473 330 489 573 75
744 945 833 917 869 996 670 548
418 920 881 465 269 512 383 763
357 37 535 711 762 797 640 464
178 256 997 700 874 228 886 35
122 715 988 26 472 650 955 423
401 31 873 383 334 283 410 386
615 834 831 327 593 612 296 594
722 602 438 839 287 780 273 542
118 987 504 268 707 625 104 222
761 218 213 795 635 829 155 688
574 809 880 826 284 46 354 893
940 269 628 436 608 305 484 128
171 700 329 158 58 722 793 620
450 863 919 598 843 209 603 897
859 227 804 83 199 163 42 765
932 754 240 156 54 726 546 635
506 763 155 865 709 816 39 289
237 912 639 739 671 72 343 680
598 197 278 761 329 74 928 918
75 788 394 699 426 854 259 947
739 468 188 472 628 452 516 830
356 739 726 490 232 505 906 966
969 221 760 348 430 576 296 641
581 430 871 952 429 395 7 687
869 388 677 790 173 418 666 464
577 261 8 803 763 955 727 839
135 680 556 729 246 171 440 765
863 543 139 709 399 693 894 718
241 240 240 567 35 246 905 157
329 794 836 962 630 987 664 256
520 524 486 209 513 445 812 385
657 825 783 348 173 990 989 157
3 323 670 248 67 73 645 22
885 313 216 65 344 479 738 155
593 910 505 812 880 67 227 249
177 614 53 550 362 558 796 268
259 797 196 513 165 687 131 196
747 447 667 856 426 803 87 406
469 458 497 612 187 136 643 742
64 354 369 700 265 913 376 789
153 851 421 478 449 168 330 853
961 422 537 113 807 766 405 185
642 105 165 71 718 238 734 118
942 171 18 977 686 930 901 973
832 872 228 865 304 715 242 790
510 456 790 218 205 576 558 498
315 793 641 793 531 817 256 393
226 979 591 742 411 5 690 951
596 396 980 767 364 159 240 379
9 302 659 275 893 564 271 969
146 184 608 239 478 653 279 172
868 759 244 949 669 660 177 253
30 751 13 151 459 682 288 443
994 282 135 532 251 209 275 80
714 973 189 180 221 162 133 208
41 582 950 356 899 160 662 699
674 894 180 844 71 987 749 787
336 553 823 293 876 456 721 484
572 471 70 828 57 326 135 509
581 934 886 62 90 127 675 737
82 510 994 731 58 726 649 148
422 623 790 22 982 227 511 522
259 120 971 891 626 572 394 774
368 891 826 637 560 125 753 341
256 190 620 269 469 752 145 490
77 769 561 902 869 33 502 728
849 355 798 364 342 863 314 230
455 502 29 576 220 165 933 997
756 899 992 684 365 124 620 683
473 515 233 473 570 398 213 955
50 650 959 448 739 455 681 503
356 462 510 906 432 643 904 640
733 681 56 572 845 917 255 764
92 926 784 845 166 79 396 15
831 327 236 779 458 203 514 854
1000 877 916 907 579 733 298 578
802 478 511 264 509 950 849 933
98 305 45 168 843 371 724 867
134 462 544 274 329 30 246 262
259 971 332 21 363 296 566 556
881 933 418 33 655 719 97 377
396 312 185 812 702 935 891 750
83 392 381 901 870 663 23 552
647 99 802 821 652 261 394 541
94 634 75 405 962 509 556 488
359 322 585 386 663 312 406 796
617 855 554 793 717 336 678 968
545 68 745 142 388 969 802 682
585 673 641 74 207 241 121 586
361 994 453 921 188 883 849 481
82 898 427 490 787 395 880 656
969 579 745 908 9 31 587 905
731 603 959 385 965 322 767 121
392 725 588 70 47 824 132 675
619 254 115 636 806 374 5 336
850 878 402 45 212 172 902 705
807 550 920 940 697 919 479 129
774 445 742 242 163 528 182 648
98 867 493 731 465 796 454 591
887 921 740 681 447 72 11 681
810 698 614 686 880 390 266 842
172 726 307 91 680 322 274 410
494 173 206 560 923 175 420 396
658 542 54 790 667 596 972 836
986 785 620 263 925 552 737 556
735 436 116 555 131 786 592 471
50 987 98 651 918 188 233 822
112 697 83 773 845 936 107 118
423 197 770 15 493 379 753 135
164 948 729 550 805 23 134 886
692 574 477 971 198 476 134 293
394 10 219 703 841 551 860 563
514 101 1000 323 213 666 27 845
524 435 993 425 618 565 252 824
575 300 604 457 975 697 108 275
568 854 581 839 298 495 949 963
778 59 354 246 443 35 534 56
341 347 130 680 758 708 474 544
354 422 931 563 34 537 584 688
604 587 946 980 311 351 572 923
94 592 174 432 594 987 145 352
209 867 95 639 809 776 507 627
723 389 787 474 133 989 426 323
68 42 258 16 315 108 687 454
767 341 784 206 390 850 907 680
732 815 911 164 234 932 200 785
736 372 741 727 626 196 589 106
45 525 144 107 221 73 895 655
530 929 307 541 433 599 280 536
985 252 382 429 915 823 292 539
697 601 764 733 347 786 650 972
325 51 873 532 731 586 841 191
41 206 191 140 928 515 132 188
139 668 22 726 29 280 592 660
189 124 740 248 496 89 559 145
958 170 829 753 428 143 522 690
222 0 427 655 434 271 59 542
161 266 95 496 1000 268 216 935
103 691 354 591 107 707 571 903
111 48 293 994 243 790 533 517
176 716 7 601 69 682 829 196
394 568 688 895 785 510 266 809
914 785 650 691 601 879 199 396
125 760 940 832 777 937 346 913
105 994 404 969 910 534 160 247
37 103 173 208 584 809 73 757
752 900 783 820 854 459 758 974
809 97 824 923 419 935 115 38
161 494 852 960 164 131 758 118
808 143 985 519 382 473 16 379
778 269 905 915 406 671 249 468
1 391 955 219 728 580 276 277
890 319 817 589 944 746 184 947
733 203 348 367 153 840 188 51
38 734 970 130 582 989 191 225
518 38 503 664 90 304 752 773
741 484 642 82 127 691 113 957
570 195 48 954 56 419 797 976
585 726 514 386 951 409 118 712
693 786 956 479 938 679 798 875
563 813 652 941 399 50 830 660
484 4 980 182 602 261 407 676
399 501 688 966 87 715 263 644
966 629 214 567 515 967 880 368
804 758 374 798 405 83 301 387
268 558 866 975 877 870 779 409
723 541 208 178 397 53 893 151
737 723 923 359 685 763 690 385
395 56 63 480 822 208 68 856
903 837 189 373 970 317 51 304
52 109 142 652 856 726 423 374
79 317 742 575 169 785 668 211
761 985 978 635 955 955 446 386
550 806 355 746 172 773 770 503
835 153 347 254 490 999 129 525
708 111 206 303 932 668 742 119
375 535 85 914 808 177 979 880
237 188 497 343 604 808 983 994
488 342 245 617 198 490 254 921
123 32 334 628 338 215 177 213
127 726 587 208 75 124 739 888
191 462 352 944 37 607 694 546
983 223 42 226 259 815 881 913
877 32 482 816 911 152 161 480
490 728 636 791 438 247 654 871
289 169 366 988 63 492 101 111
276 655 17 109 962 883 308 822
567 948 183 829 976 157 438 694
649 797 166 267 214 15 782 254
956 896 44 581 151 751 953 920
494 357 389 723 883 935 527 431
224 382 828 968 974 171 136 973
564 323 114 803 149 969 151 346
437 203 338 911 244 483 348 996
879 714 955 92 148 535 931 150
644 753 220 583 543 701 91 687
212 342 528 786 733 396 768 655
210 708 684 147 190 900 310 382
856 531 405 24 390 304 966 831
199 682 386 492 357 740 717 564
731 983 519 282 879 882 484 986
795 627 630 780 228 573 31 321
300 873 578 124 61 426 477 609
999 916 254 421 741 604 906 150
499 667 941 500 900 978 138 481
854 804 740 94 140 259 469 929
252 30 442 236 472 849 307 173
560 272 169 674 792 717 98 357
726 14 162 556 34 212 713 159
934 915 629 63 504 411 695 26
203 852 31 189 47 721 253 448
229 847 732 175 511 234 752 767
835 758 355 17 433 251 148 49
139 497 646 815 691 390 580 72
537 376 811 741 449 916 140 401
144 441 79 420 991 648 744 616
199 532 997 674 978 729 939 80
981 525 591 726 364 199 930 770
941 915 236 370 860 553 457 139
708 742 80 175 738 457 138 487
679 216 68 14 607 80 823 179
217 723 580 677 49 146 864 198
597 613 114 998 844 504 502 760
737 366 717 813 186 316 146 857
644 564 503 23 41 79 358 214
191 719 423 710 819 208 812 313
603 990 256 891 172 660 112 249
706 693 179 439 605 636 950 867
740 854 513 371 43 4 532 885
123 75 947 271 185 493 905 407
121 524 548 437 895 649 323 823
792 545 258 535 628 166 675 536
283 369 426 927 507 104 778 93
391 283 368 723 800 421 229 93
742 649 984 138 942 618 804 315
593 750 915 701 62 122 213 300
898 488 894 763 807 317 294 473
503 428 858 615 912 211 599 777
104 770 274 992 776 659 375 829
809 79 993 382 25 683 340 300
366 273 779 899 563 741 384 95
376 802 420 965 248 14 435 451
640 275 210 518 3 136 355 716
135 951 293 487 481 916 556 580
884 0 86 892 472 889 138 868
802 817 628 62 950 900 613 804
6 51 921 714 991 6 496 886
923 959 758 115 110 193 141 732
379 443 247 328 617 58 629 649
166 955 570 345 929 50 853 492
622 277 214 65 882 11 372 208
921 717 397 570 714 432 126 942
296 577 135 770 852 722 486 84
837 562 288 246 650 896 107 68
476 489 294 144 365 205 217 257
102 543 422 777 3 109 631 275
930 706 760 654 812 552 907 369
287 855 684 779 193 327 112 757
770 826 794 155 300 139 105 20
103 975 72 161 783 127 752 815
542 861 734 570 296 431 418 426
66 492 805 115 565 540 104 959
471 806 911 145 331 47 39 56
188 29 399 652 184 948 107 835
956 632 747 464 506 12 209 293
910 555 672 621 643 687 914 225
324 204 462 106 61 407 513 720
482 696 54 8 768 895 733 392
701 373 653 310 37 888 102 565
243 769 5 143 668 880 289 932
382 6 837 995 460 784 12 178
886 867 213 22 347 442 839 446
393 836 581 103 40 284 620 358
677 32 864 198 529 59 773 279
102 794 380 683 503 182 378 628
822 876 469 370 230 741 259 174
877 207 297 754 717 233 813 84
631 293 229 996 698 658 563 392
739 169 878 570 337 231 200 855
184 145 875 526 342 149 192 201
125 429 181 953 462 237 80 141
171 407 630 483 11 480 50 296
583 82 972 279 359 195 514 156
825 846 863 62 951 469 987 697
985 161 505 187 47 314 142 693
638 576 495 88 70 405 579 439
883 167 787 160 12 476 568 551
849 426 565 262 483 284 407 928
846 98 262 266 484 463 242 572
35 134 152 94 0 261 374 640
662 681 834 556 876 826 788 734
984 909 280 945 681 141 780 125
303 246 848 748 811 279 972 873
805 858 757 654 683 152 983 43
213 762 738 782 629 449 469 258
114 942 69 112 228 281 143 771
684 232 679 656 894 649 488 617
164 548 975 614 1000 144 876 150
116 283 322 344 881 309 522 2
728 242 183 535 528 392 943 685
332 806 410 721 37 2 295 563
225 54 834 594 279 247 815 47
878 567 999 526 932 398 297 244
418 363 430 93 838 996 81 724
728 393 810 167 578 979 357 942
39 300 300 741 94 483 554 947
979 939 92 97 667 7 579 9
635 907 954 896 471 706 973 437
575 153 558 636 688 580 891 394
316 486 359 565 895 372 677 730
630 211 135 728 918 645 73 837
194 677 385 64 921 756 821 106
68 925 348 128 81 651 318 701
335 580 447 321 83 933 930 106
248 663 71 784 362 237 71 957
873 479 868 133 654 98 625 183
139 65 607 135 617 438 441 455
94 673 53 342 367 775 542 56
35 110 900 528 921 535 979 87
559 437 440 217 673 51 343 114
787 147 755 541 668 266 482 54
85 717 65 932 603 578 714 210
422 267 809 794 571 316 95 102
11 613 331 17 828 606 156 574
93 604 370 91 957 199 575 848
312 851 382 789 281 165 367 747
177 27 876 474 358 5 976 475
871 295 985 954 16 600 843 420
374 6 557 960 442 636 508 332
675 648 387 427 379 88 964 0
447 428 840 169 939 810 774 110
152 255 440 34 531 384 178 313
250 468 181 81 515 624 428 238
923 689 874 667 237 153 309 179
462 885 738 102 766 939 850 58
384 55 912 110 254 489 994 287
489 273 448 877 299 143 404 425
637 300 790 678 447 286 925 722
519 360 65 285 328 685 735 142
563 263 549 450 193 453 408 530
370 968 530 860 920 564 992 580
559 561 714 397 581 378 210 353
578 935 201 313 868 470 419 499
160 343 866 743 282 358 478 786
829 862 957 313 318 403 258 309
73 603 349 606 234 774 461 530
103 701 520 889 331 723 914 952
512 112 54 298 724 118 347 90
593 991 423 94 808 411 516 926
72 27 81 634 396 92 536 133
850 518 527 680 19 931 10 238
720 285 288 776 69 5 816 174
57 933 379 208 158 210 638 432
642 992 895 912 863 944 766 889
905 308 734 155 245 834 564 121
826 812 222 186 499 225 117 223
530 965 142 86 988 977 342 563
658 721 442 349 200 130 5 414
604 572 728 727 715 285 980 200
411 757 362 892 441 563 415 744
181 773 793 986 476 966 796 196
545 121 327 418 945 100 39 209
546 340 976 840 632 670 693 614
391 844 677 432 369 923 236 828
799 215 224 304 17 36 219 217
598 550 902 255 338 565 781 304
849 976 981 430 500 540 878 527
795 408 859 809 555 460 392 643
72 156 330 70 919 479 17 505
664 717 109 495 923 558 580 841
811 457 245 464 685 542 851 80
108 315 618 457 778 63 911 935
789 942 185 718 319 689 167 645
597 948 18 61 643 293 900 20
366 296 750 463 317 479 303 472
714 994 182 321 255 229 775 381
794 641 983 16 119 478 511 693
198 429 493 933 288 638 499 346
634 729 213 90 527 270 119 644
703 622 542 557 683 298 670 24
355 33 433 745 23 347 805 507
6 970 355 414 752 911 899 817
958 210 971 362 810 90 166 539
77 948 855 915 140 508 999 45
629 518 195 264 747 105 638 586
3 678 853 442 882 659 180 597
369 620 479 221 263 260 54 912
853 471 964 986 701 537 305 544
753 174 392 685 587 660 107 1000
390 483 925 490 302 927 263 871
321 678 621 42 986 577 419 985
985 673 838 23 264 948 890 78
236 243 364 312 422 955 758 723
314 795 175 394 386 37 605 831
637 254 345 991 997 52 738 97
256 955 345 412 188 966 327 627
604 390 956 403 248 680 568 156
756 52 717 824 477 161 436 575
590 753 673 654 607 240 487 124
915 644 606 114 238 615 868 433
761 449 576 207 904 765 152 164
308 970 104 839 293 679 969 173
109 199 464 718 953 994 855 982
279 932 186 942 747 777 433 854
731 944 317 732 179 978 748 217
403 993 656 932 280 374 289 862
10 851 571 893 923 523 334 921
668 943 839 694 742 549 708 329
86 797 734 644 643 998 411 220
950 992 696 978 287 440 746 264
805 833 630 358 384 824 514 882
891 503 336 246 429 342 861 596
862 970 815 311 667 147 928 5
110 263 347 57 854 86 804 595
341 910 334 456 478 395 798 415
439 998 131 61 518 734 484 68
377 266 146 799 957 508 415 80
201 584 361 838 521 489 641 859
66 927 747 182 72 313 14 871
125 813 784 502 809 110 465 880
426 822 981 843 285 891 50 565
600 375 868 981 68 719 904 903
203 298 914 464 557 227 636 761
380 870 123 948 964 881 803 934
780 851 53 42 245 327 455 810
534 441 325 249 723 317 355 240
981 925 917 550 594 436 958 252
986 462 431 818 631 43 564 81
416 416 53 177 587 111 114 168
400 797 147 232 878 996 803 746
227 795 50 467 335 981 891 427
730 157 356 421 325 744 646 865
165 930 978 660 322 159 156 766
354 793 407 287 404 192 446 577
40 342 913 383 309 976 525 999
661 710 142 890 925 598 801 680
133 462 8 720 258 390 764 984
563 297 207 733 545 161 16 957
123 409 198 861 237 103 989 742
860 456 907 417 7 123 232 784
490 225 378 309 96 305 751 173
117 41 270 869 733 123 870 141
453 425 550 507 44 404 349 344
330 117 427 845 637 171 133 179
457 980 152 762 401 155 582 912
432 587 845 293 963 116 763 556
704 28 122 158 571 101 357 373
16 773 970 217 349 897 254 911
511 158 70 756 415 834 610 326
686 186 832 372 932 715 147 140
10 301 997 697 586 101 426 91
41 728 346 524 14 142 335 698
301 925 641 176 487 895 886 114
430 994 939 433 738 100 975 574
692 300 555 409 696 792 721 215
619 650 793 807 643 130 153 16
156 746 164 856 856 596 212 325
726 806 834 756 55 492 469 644
241 620 930 153 133 143 454 699
782 650 882 123 310 320 672 352
882 496 957 11 212 705 957 540
23 588 564 878 617 700 324 950
335 226 635 100 793 173 321 512
355 163 638 989 752 265 275 456
541 27 876 13 380 656 510 846
579 949 914 423 1000 940 455 25
544 867 795 574 289 701 468 903
337 943 657 864 706 293 838 908
703 703 536 19 823 156 592 784
846 355 233 889 459 548 163 992
738 258 789 366 831 957 700 702
487 803 368 928 427 741 519 907
555 782 715 591 329 625 407 780
713 989 730 51 790 987 545 455
368 726 577 942 213 654 786 294
938 861 45 676 820 464 430 966
501 762 396 243 225 182 829 178
15 802 52 978 914 198 488 832
620 505 998 990 351 518 509 649
992 408 750 955 926 532 748 696
38 446 572 220 553 12 185 165
139 812 145 339 516 967 829 125
456 516 296 859 479 518 903 308
847 987 342 804 18 57 328 960
675 191 400 861 40 100 326 731
453 673 739 219 824 378 784 360
331 284 228 627 662 712 732 207
679 529 503 193 884 660 64 853
436 186 30 581 233 125 437 801
331 637 311 339 223 470 221 619
233 758 915 652 358 617 618 348
320 348 632 954 174 560 900 519
357 612 424 311 589 443 621 165
624 941 536 60 128 11 443 713
23 834 639 416 448 833 61 455
334 44 915 76 467 820 605 363
535 371 367 574 759 204 256 386
552 969 427 674 664 811 866 58
567 646 262 68 601 495 293 980
132 272 6 678 240 688 748 724
500 178 160 953 748 139 220 754
353 300 863 907 310 238 118 732
239 140 869 382 329 695 353 312
716 530 913 16 607 202 936 356
432 948 564 676 236 506 256 607
291 866 881 328 120 404 592 351
400 530 217 844 849 996 444 917
868 357 629 721 112 965 394 542
600 724 248 682 487 824 556 214
213 466 250 430 162 266 405 590
687 65 890 47 51 3 614 575
744 818 392 832 46 273 315 417
538 663 293 621 788 886 188 761
492 894 74 103 356 470 401 74
906 613 343 712 452 235 629 405
690 773 30 167 753 990 281 237
926 606 500 946 540 59 253 756
369 607 271 802 924 311 549 653
246 183 711 633 976 84 938 156
709 597 162 111 928 257 43 76
410 337 961 386 681 380 869 29
434 97 774 332 730 888 43 760
529 773 6 740 645 938 802 453
576 993 330 117 872 612 781 281
223 493 937 233 699 311 740 141
431 979 103 564 342 963 825 485
376 381 781 131 440 564 734 352
765 69 187 494 730 816 110 829
793 663 467 832 785 839 317 666
170 257 214 918 92 858 855 278
202 82 792 776 237 884 406 244
437 116 88 607 21 452 310 252
838 316 444 850 687 189 884 433
493 752 796 470 397 628 762 937
353 748 622 169 645 196 643 653
925 616 900 757 48 845 395 513
49 359 551 350 647 148 136 455
66 280 951 44 188 102 490 263
747 241 986 9 4 470 459 35
851 546 142 346 231 653 308 11
478 897 893 24 857 679 188 188
206 105 274 539 867 766 366 484
3 8 221 951 733 463 928 953
981 847 475 990 125 426 122 703
94 775 659 381 932 349 290 878
832 155 524 49 393 781 263 834
343 216 459 605 955 387 398 972
176 519 155 829 722 297 522 948
972 536 765 472 191 969 990 100
547 814 809 669 748 386 673 953
977 278 452 657 330 919 218 43
503 37 526 294 56 820 795 899
327 634 791 495 760 298 524 328
889 195 894 360 115 878 799 463
388 325 528 782 392 157 600 310
366 837 187 658 297 693 817 100
20 461 188 28 931 419 796 811
745 951 377 88 479 650 883 492
832 421 776 862 218 120 744 392
747 34 66 780 14 145 36 390
851 782 148 949 333 541 274 633
712 510 569 18 577 682 732 308
876 181 793 356 890 266 68 133
317 842 209 53 547 630 866 437
470 382 694 379 623 429 526 726
786 602 957 506 454 619 684 644
288 187 133 677 898 748 859 442
496 162 55 324 4 512 58 950
950 745 67 312 987 518 587 720
120 264 291 515 736 521 292 590
528 823 9 719 367 232 42 912
369 348 159 923 162 8 276 770
986 829 879 409 862 56 284 248
35 647 640 469 994 11 391 734
301 33 335 797 683 245 43 735
996 124 198 812 734 86 812 747
254 953 417 91 876 564 581 818
648 989 995 390 675 711 614 306
276 989 461 815 466 108 851 870
475 271 724 390 938 585 922 385
20 450 744 366 390 292 927 225
102 902 422 773 224 188 708 445
915 775 52 98 656 595 689 552
200 855 807 54 638 162 486 830
104 759 895 288 229 432 900 959
206 980 488 358 810 866 593 205
699 435 293 619 393 834 597 110
936 775 260 628 797 714 470 864
559 518 732 979 426 543 125 889
266 1000 661 488 518 424 635 27
380 167 296 335 226 695 990 547
70 315 138 952 648 981 344 652
925 595 433 169 386 871 472 446
172 632 711 489 98 627 426 1000
377 257 366 962 979 485 522 201
423 260 510 451 25 185 835 886
857 952 985 146 903 726 785 453
203 639 593 952 634 746 379 55
51 879 368 677 356 841 177 115
343 29 490 945 527 519 912 372
938 117 616 793 376 812 23 362
911 669 417 275 664 832 374 924
309 556 405 35 832 69 333 240
919 508 96 538 575 148 704 83
670 834 661 279 894 214 28 984
315 186 821 901 505 671 518 179
658 59 873 87 138 49 999 49
763 349 768 203 508 634 131 916
153 510 719 55 480 49 520 144
594 149 56 625 115 35 909 791
544 466 437 210 492 326 563 307
137 367 320 474 729 22 517 223
307 554 242 275 436 207 77 49
776 909 950 469 208 646 442 179
122 753 874 961 103 624 643 732
719 759 638 176 646 124 410 565
940 647 677 525 959 466 832 372
783 44 968 459 966 594 387 291
727 797 278 12 487 813 601 320
221 209 111 623 682 360 680 97
584 79 290 852 51 417 866 199
779 111 505 319 547 74 630 75
34 914 131 423 320 306 912 31
253 865 226 53 313 590 583 860
289 891 695 912 369 271 909 851
665 573 566 752 598 160 646 2
721 464 989 141 448 721 82 764
927 609 187 15 246 512 204 834
948 874 973 856 294 930 588 797
643 135 773 927 670 44 74 437
833 754 70 294 159 516 164 263
22 627 696 179 404 627 178 356
603 596 571 266 653 317 783 858
403 379 941 374 180 690 201 150
721 377 587 953 546 606 562 392
818 102 903 682 454 44 895 547
995 328 111 865 153 351 353 991
841 82 298 600 206 267 510 49
186 871 665 842 201 219 295 837
836 142 931 548 531 527 340 989
966 88 555 566 533 449 754 986
603 287 170 651 275 998 473 566
201 403 322 20 0 633 644 182
54 174 498 319 132 608 513 983
541 802 371 847 237 334 876 363
325 320 710 938 421 505 840 599
804 807 134 385 72 707 875 34
500 617 874 740 371 401 900 809
486 447 200 514 386 246 599 390
500 332 549 154 847 347 704 806
762 72 851 819 338 652 249 120
537 450 202 848 821 6 834 187
414 696 5 374 397 5 337 85
955 65 519 138 442 493 277 386
916 241 991 202 536 179 853 944
6 792 745 952 549 432 343 648
505 686 713 557 798 496 279 849
749 727 793 546 921 656 337 660
240 878 963 599 963 785 332 210
68 318 650 706 657 983 449 568
392 624 465 6 737 92 604 236
351 174 426 870 746 413 517 432
605 474 781 32 347 643 46 457
887 277 191 534 397 82 890 818
498 614 27 106 953 167 814 134
263 413 253 960 163 825 594 74
133 221 683 850 582 645 15 500
61 671 144 381 732 92 696 34
250 704 688 289 355 976 193 574
368 135 147 9 739 447 631 956
834 285 728 406 758 224 420 602
393 831 587 402 744 624 916 302
304 794 956 89 996 990 35 732
319 951 287 137 519 483 123 948
931 463 532 905 907 313 216 383
875 888 462 421 297 736 953 782
889 678 206 365 779 367 525 106
500 909 508 480 849 599 428 740
35 705 58 931 268 582 861 475
174 879 396 663 72 49 19 152
447 893 549 58 670 342 70 435
303 235 345 589 447 765 921 733
283 614 847 186 313 452 773 464
438 394 77 732 39 772 129 471
857 682 237 317 440 562 731 832
166 760 170 612 460 637 208 550
507 108 512 551 935 441 305 870
633 912 67 626 252 608 467 961
298 838 109 826 844 504 791 717
606 189 311 32 940 604 953 910
385 250 21 201 38 973 907 285
554 556 426 499 944 440 350 378
988 971 3 68 704 998 412 19
982 828 775 627 89 126 484 458
913 64 725 748 635 504 598 347
92 214 873 817 423 949 33 516
982 689 326 932 323 217 181 472
975 945 744 987 933 506 76 506
313 996 646 462 971 987 267 221
404 376 867 386 547 235 681 739
854 972 738 177 497 263 834 208
891 631 679 75 433 322 460 732
873 198 941 826 377 106 712 88
802 879 186 848 552 759 235 619
665 14 863 858 707 196 512 837
628 169 125 354 607 463 3 557
84 711 990 74 369 119 632 714
76 163 578 680 671 750 723 603
647 961 356 401 912 275 191 454
594 856 432 975 283 848 163 782
569 983 190 980 139 243 534 637
877 517 111 512 218 967 300 342
428 877 793 870 952 616 449 158
957 340 28 119 220 672 825 51
679 195 71 71 943 713 291 154
118 37 934 281 181 522 428 617
961 302 385 355 280 785 223 16
742 964 287 620 108 219 337 188
103 880 989 860 870 441 965 833
800 740 88 950 688 87 461 351
687 161 565 793 161 705 904 116
454 824 232 417 71 497 96 28
525 47 905 190 695 239 366 245
289 14 883 393 592 108 784 128
735 933 771 736 225 894 777 308
124 39 629 359 610 111 636 142
353 441 902 4 310 274 688 156
192 198 725 782 879 151 467 666
100 932 841 755 157 730 250 231
772 960 122 826 213 206 839 899
889 508 58 4 396 853 69 130
732 244 381 720 202 34 513 955
283 456 528 687 605 960 317 99
88 236 348 529 732 947 226 228
364 903 885 126 349 85 410 301
492 3 795 106 873 516 7 701
277 597 582 187 947 609 589 86
857 179 528 511 355 161 127 415
413 214 992 953 964 904 60 855
128 343 124 971 142 713 410 72
108 56 297 871 852 604 817 187
581 650 464 810 892 378 907 238
779 237 274 686 103 469 22 311
268 436 311 157 982 782 169 290
225 987 7 417 644 873 639 567
431 878 386 365 100 773 282 430
546 769 627 811 242 272 962 183
984 131 970 132 943 593 762 361
706 776 80 851 485 120 747 409
387 781 512 220 342 731 147 62
285 971 620 225 539 404 269 977
738 726 287 331 918 674 340 88
387 463 78 727 864 153 25 69
358 852 518 588 705 148 297 264
92 643 234 823 528 428 392 636
694 642 163 620 230 63 745 475
482 3 125 95 72 603 830 173
606 860 328 776 498 966 660 964
489 347 413 292 447 991 104 212
363 515 413 521 551 10 838 80
591 481 212 295 348 75 12 134
396 462 23 685 699 896 563 874
618 476 304 769 500 969 934 70
200 997 881 767 205 271 493 690
330 393 501 686 5 46 105 892
541 156 78 874 940 77 333 519
138 448 824 20 596 735 994 48
120 442 149 745 686 509 595 449
462 817 429 393 947 117 844 72
429 220 158 62 250 369 961 630
912 480 166 627 647 549 878 722
145 601 77 726 115 296 2 546
302 192 587 899 183 200 101 630
549 21 769 982 210 816 567 947
597 124 611 888 368 327 296 790
523 642 449 746 583 160 619 443
233 295 130 438 484 140 42 53
58 772 943 152 995 973 277 348
741 314 391 611 363 386 255 410
814 458 62 984 668 975 191 122
958 903 930 400 924 35 81 299
315 358 869 764 46 577 911 961
654 113 258 147 169 40 994 963
544 210 347 583 1000 380 880 141
622 84 133 774 317 786 631 886
525 89 676 278 696 246 940 493
375 753 224 992 909 864 88 195
612 971 221 969 499 146 404 363
354 669 537 532 274 144 828 552
713 253 66 570 646 155 493 802
114 730 815 940 466 891 222 72
814 60 181 737 860 107 723 253
904 564 459 745 990 706 711 71
675 78 214 898 864 422 448 769
670 355 619 624 840 27 0 695
8 150 933 804 550 495 341 7
804 727 814 292 796 614 4 911
122 749 976 932 279 141 824 828
752 178 116 951 195 415 148 646
184 722 783 5 316 114 96 530
741 512 845 857 735 121 893 125
203 747 896 649 329 19 805 342
474 558 502 733 263 389 137 908
863 622 546 649 984 848 227 669
580 668 979 564 878 475 863 777
504 663 181 714 364 65 358 410
722 871 920 666 381 83 443 972
466 206 725 483 356 978 817 820
625 535 934 440 828 164 634 847
870 895 171 367 676 964 240 815
122 773 607 169 686 647 904 287
831 316 115 458 498 827 758 924
821 123 232 786 668 226 438 582
178 605 602 57 894 26 832 525
646 827 391 611 689 339 787 637
596 651 524 123 934 46 728 773
10 87 48 339 213 397 712 567
520 754 84 639 73 380 18 893
556 462 514 820 859 835 632 406
108 670 886 499 436 760 395 258
737 477 892 957 474 104 303 834
170 12 490 652 327 296 830 987
414 424 177 659 859 288 529 238
45 1 725 730 200 77 253 525
865 341 971 718 380 589 965 784
14 138 9 459 216 23 519 575
767 618 892 156 48 153 967 404
940 718 349 733 791 729 780 912
626 116 266 584 269 16 176 893
182 324 217 353 337 720 16 443
684 26 837 920 478 652 177 725
236 630 679 648 265 129 59 142
344 949 183 512 14 714 327 820
963 819 86 635 711 752 549 966
92 379 125 454 841 504 25 157
486 232 105 909 629 101 87 985
256 305 505 873 874 311 353 696
493 235 129 10 793 942 120 676
453 122 348 559 172 16 684 602
525 887 126 680 565 920 526 881
418 105 398 148 406 117 765 623
516 376 329 322 54 426 157 201
426 545 141 20 616 548 749 847
577 934 436 435 852 952 723 56
746 506 96 375 366 945 277 238
205 622 494 103 941 139 425 49
45 282 260 194 396 868 892 230
473 233 27 179 537 820 481 805
592 444 588 789 482 727 267 381
629 379 898 69 709 281 547 669
43 583 444 815 225 401 692 403
537 575 373 774 838 254 77 833
938 187 604 751 789 808 211 271
839 986 125 53 400 988 378 902
851 874 779 475 795 567 89 535
980 575 691 329 211 907 609 911
800 169 532 723 875 309 753 799
330 797 81 304 812 743 685 85
239 830 203 670 341 465 242 505
754 358 184 630 384 540 548 599
623 447 323 552 950 980 113 902
855 606 431 300 141 706 908 434
520 657 678 584 687 550 973 123
265 500 708 709 539 250 56 574
255 814 2 707 592 715 128 689
426 937 651 979 753 625 499 864
100 839 867 891 20 502 685 238
943 579 821 412 110 434 259 813
875 612 907 96 293 190 131 249
720 880 510 259 146 497 178 87
208 369 88 746 326 130 867 20
901 502 35 832 991 503 347 628
788 423 557 638 627 472 726 536
607 706 529 946 673 302 849 317
369 486 443 665 245 694 147 344
212 67 546 643 829 825 768 403
938 463 213 721 691 351 239 542
818 888 170 895 958 199 675 462
37 872 221 633 399 222 320 870
277 729 860 985 235 917 975 319
440 582 215 555 480 467 22 148
681 747 247 137 281 239 897 946
784 245 472 335 982 81 882 277
214 885 558 932 243 724 516 639
280 457 639 300 889 638 904 799
372 520 874 667 599 440 5 111
530 434 874 827 459 977 975 651
679 825 232 392 28 56 318 759
410 510 636 105 516 817 660 799
783 442 542 153 606 246 872 987
295 335 623 24 924 861 182 251
430 502 181 769 165 501 964 73
335 118 418 798 245 23 454 98
229 382 856 575 689 131 158 69
193 986 12 914 168 873 87 877
607 884 650 126 969 410 29 300
391 533 663 172 365 940 519 422
428 918 944 72 153 430 236 428
769 120 249 631 544 811 123 936
309 739 331 698 623 604 148 561
511 150 516 383 244 963 636 645
815 597 897 579 161 570 423 170
226 376 473 197 575 377 852 699
481 740 203 16 993 997 174 323
65 836 126 269 997 664 75 443
88 705 236 625 691 816 437 234
660 971 449 250 160 980 48 698
686 124 693 446 429 882 777 407
397 513 784 326 560 479 62 245
409 630 692 547 799 958 843 394
48 141 299 726 157 718 794 843
775 148 133 882 866 911 694 206
726 261 430 220 203 885 698 733
873 991 923 224 796 270 186 655
242 96 922 644 169 403 203 802
803 82 756 751 580 480 104 709
686 259 699 19 876 601 804 23
273 872 804 688 317 410 711 593
370 924 992 725 57 142 700 456
861 940 385 944 609 158 863 587
520 100 16 747 832 520 756 67
293 417 870 737 969 306 349 491
717 646 860 147 243 663 103 544
756 322 584 646 669 352 425 487
241 666 919 640 474 19 358 313
558 959 952 335 786 898 971 897
107 105 348 880 927 980 389 595
685 137 220 439 849 555 208 775
640 788 65 391 891 302 678 101
102 759 882 357 88 68 53 363
408 34 526 864 371 359 777 516
659 627 384 332 283 484 526 809
866 513 269 854 585 357 600 209
805 268 409 871 768 109 461 326
552 916 171 956 541 199 621 84
592 806 82 952 197 895 13 52
567 521 961 267 380 616 460 669
989 737 422 585 367 533 850 379
545 630 267 14 21 644 336 196
968 138 417 316 212 491 896 556
528 577 957 838 441 889 479 751
446 172 834 208 829 408 798 256
860 145 267 483 627 36 312 498
806 119 895 605 594 599 459 751
23 859 571 739 691 142 898 179
775 179 600 610 76 937 149 617
205 5 75 192 524 3 744 730
175 689 906 632 565 703 830 85
717 821 317 454 226 573 441 452
517 676 280 962 146 773 228 139
497 295 87 144 588 936 730 612
290 857 512 464 519 447 623 370
231 807 783 702 118 468 887 189
63 123 212 711 301 59 148 328
645 585 946 651 317 878 858 540
28 243 601 367 741 346 441 560
934 941 970 456 669 555 391 815
37 782 111 948 294 481 873 455
693 796 865 327 514 604 796 627
289 594 458 104 667 352 624 977
466 302 867 585 176 638 636 702
133 913 416 806 350 551 882 931
755 110 973 597 4 939 872 296
633 755 706 441 696 256 663 290
441 72 978 431 403 952 490 103
835 76 204 980 835 222 790 566
51 395 608 872 446 888 593 461
587 789 213 50 667 38 690 981
961 99 989 688 91 491 684 81
132 246 575 504 345 244 83 976
833 176 764 631 21 670 204 130
288 524 868 529 116 377 168 373
645 750 236 141 84 46 602 935
634 180 307 330 741 899 41 560
174 904 47 78 958 180 276 309
411 796 373 233 626 775 303 712
654 508 247 622 32 171 612 991
674 460 689 540 467 695 770 63
559 396 379 437 543 97 672 834
42 595 375 359 886 852 635 302
192 560 430 90 176 186 437 161
454 344 538 728 466 594 885 236
287 468 678 546 860 308 956 317
319 469 277 437 916 84 531 870
445 50 460 765 39 960 207 923
707 497 641 246 604 374 924 571
857 528 277 62 844 83 680 256
197 159 924 440 588 194 912 758
710 845 293 15 232 704 352 827
334 661 871 772 752 996 128 633
494 834 449 912 699 509 541 12
316 720 161 297 112 715 436 137
607 930 337 585 632 201 619 307
895 535 550 30 985 932 909 156
317 714 38 150 797 430 847 241
500 229 3 877 909 236 212 583
713 142 903 655 362 46 821 307
108 57 144 611 344 470 987 529
180 630 331 478 584 394 120 514
414 494 121 638 949 9 519 552
608 645 40 448 394 967 853 521
408 604 124 890 188 49 218 921
486 509 117 599 884 749 239 171
669 594 108 361 437 705 455 809
981 675 335 875 949 456 447 383
882 300 318 518 534 460 641 321
825 385 682 983 319 668 40 363
333 404 313 431 573 398 503 989
660 846 646 30 329 223 429 429
998 453 800 989 754 665 83 401
242 790 307 506 686 1000 119 126
4 218 57 99 729 240 188 625
764 43 223 847 17 330 273 25
268 101 291 969 301 63 518 767
660 988 672 398 41 479 171 277
902 596 619 175 830 72 415 699
100 340 973 535 525 962 101 462
803 511 937 681 31 133 533 410
544 810 534 304 644 172 0 313
206 82 639 958 956 936 629 427
350 779 348 451 492 891 143 537
608 794 343 475 591 190 133 13
139 394 138 790 411 743 210 627
994 726 168 384 539 629 33 819
149 706 872 248 783 449 946 337
628 786 582 378 542 93 918 700
99 886 273 847 688 497 344 622
914 965 368 294 244 604 167 888
349 40 152 642 446 460 408 57
608 326 88 881 493 331 703 242
824 106 106 209 155 612 589 233
925 274 821 169 552 859 96 793
212 149 446 931 305 4 383 699
555 842 277 588 369 242 155 703
554 264 448 489 902 98 267 28
134 287 726 116 348 414 694 26
218 154 73 432 875 976 745 767
466 891 699 909 251 375 964 593
44 664 983 515 791 429 731 744
218 204 293 768 270 22 195 694
376 146 554 25 986 503 58 817
396 655 654 709 24 739 88 978
421 912 552 115 1000 349 409 853
565 308 446 646 308 862 102 901
136 859 467 957 104 796 291 3
177 13 791 571 319 644 31 842
547 618 843 160 110 119 649 754
338 412 812 342 587 26 193 429
987 134 523 436 174 843 875 253
310 945 448 60 666 258 171 78
222 856 78 896 204 432 677 249
978 577 657 434 961 404 172 927
670 423 409 175 240 110 433 781
949 730 323 361 393 87 778 945
49 533 642 668 558 765 667 48
269 915 151 160 509 643 960 950
329 695 35 436 361 951 706 418
31 649 16 449 757 334 547 436
815 345 54 675 76 968 214 111
820 26 662 680 700 517 68 713
642 738 704 95 930 130 912 733
801 711 612 632 688 818 482 98
816 208 969 825 346 982 319 178
95 418 23 791 296 42 774 42
215 702 595 764 550 20 854 51
677 862 558 539 930 464 386 442
222 313 667 794 56 256 530 127
750 365 371 165 506 237 394 245
391 924 512 342 132 920 57 317
250 452 261 678 323 686 313 754
391 404 148 538 420 130 272 910
615 152 729 880 196 429 664 501
616 736 236 273 413 837 718 552
172 952 838 504 171 318 670 163
207 788 248 498 680 993 394 283
539 107 554 94 70 690 818 185
241 798 875 84 923 844 142 955
739 954 709 418 585 496 763 596
77 928 535 596 713 807 458 195
720 824 650 727 582 910 740 966
662 983 401 235 972 640 818 111
155 374 557 725 854 341 663 525
5 738 592 162 542 174 597 117
18 773 557 11 927 983 106 239
604 222 72 754 900 342 870 615
558 290 817 211 96 902 985 367
951 416 257 417 205 871 605 480
140 683 669 427 270 367 495 930
57 515 869 610 949 639 924 820
236 104 405 887 751 451 438 914
125 511 422 721 635 700 697 221
884 758 484 169 180 755 542 777
927 49 577 923 310 619 70 178
960 74 488 179 81 177 896 388
126 662 877 905 408 284 489 54
359 60 105 591 330 430 428 76
776 224 485 510 463 632 104 483
311 665 805 188 268 246 46 198
888 167 94 70 805 446 139 208
283 904 907 427 537 757 299 536
862 710 656 301 325 783 294 548
659 310 202 1 299 128 412 214
124 184 628 201 433 843 197 621
767 202 28 506 29 720 422 247
845 236 308 513 688 794 664 301
372 52 892 811 538 3 430 601
912 314 418 843 319 555 334 799
572 930 920 279 939 209 850 533
269 485 775 42 946 574 444 726
411 577 82 740 277 402 16 715
488 504 872 922 154 490 588 604
855 5 523 739 767 966 432 268
837 41 637 981 372 408 347 335
236 266 400 803 339 574 540 657
165 510 250 700 521 99 879 879
28 237 55 897 425 796 173 534
493 724 914 720 602 458 941 964
98 297 696 812 772 378 934 108
893 705 878 37 99 396 491 816
111 853 289 784 58 379 534 402
420 840 823 284 752 509 623 69
546 573 120 104 376 381 995 703
432 460 61 838 81 786 141 586
756 276 243 967 937 170 493 943
185 168 748 366 592 358 631 107
156 894 748 991 161 91 962 376
107 46 760 571 859 401 128 949
513 898 926 178 913 253 34 679
225 214 801 88 329 635 299 940
318 386 512 514 73 115 988 59
62 257 739 922 663 505 149 975
331 328 390 536 545 152 519 204
716 124 837 126 989 657 847 238
19 705 648 242 865 389 179 749
98 979 618 506 574 782 622 406
343 770 147 332 947 573 837 823
267 471 582 359 269 865 143 228
914 204 129 912 492 527 341 681
647 667 132 410 290 576 176 887
449 387 380 482 583 414 517 189
538 575 824 695 393 553 653 633
752 190 18 610 559 84 169 25
550 275 850 100 106 526 508 473
231 803 889 838 214 906 28 75
384 936 819 564 665 319 314 282
339 331 378 359 979 187 776 161
495 159 912 139 907 352 897 567
470 993 597 638 147 666 208 890
704 803 221 543 390 931 984 483
615 804 101 736 152 215 741 189
697 317 543 65 654 67 371 225
922 433 86 830 181 548 182 179
292 475 957 402 980 500 422 52
540 177 630 517 351 359 69 588
485 42 589 228 995 75 819 975
480 735 619 861 944 653 780 526
473 49 100 721 627 538 704 740
652 217 823 341 791 386 981 106
333 752 657 524 86 521 845 901
283 794 70 294 411 246 836 151
290 681 454 18 403 495 962 325
516 846 987 847 529 202 44 330
313 691 766 846 11 205 183 729
698 436 107 140 469 320 736 897
442 444 642 148 649 739 150 819
766 611 738 132 965 134 61 417
805 45 229 862 34 386 408 16
888 267 961 540 954 752 116 734
2 178 27 696 499 139 252 167
630 868 578 571 217 294 634 880
737 404 390 546 289 577 9 138
909 462 115 128 397 684 592 144
567 290 408 495 698 30 777 387
976 842 234 131 490 998 473 487
907 204 128 283 640 462 44 955
494 881 467 243 602 310 304 53
303 938 166 794 692 3 204 309
99 466 355 186 349 296 454 800
34 334 302 667 169 285 437 17
273 322 787 54 993 81 21 614
816 760 323 785 906 484 351 616
973 241 539 319 612 177 751 388
602 348 138 99 347 117 455 997
33 467 363 14 104 339 720 744
867 950 717 294 695 42 831 543
996 523 67 148 170 638 685 211
217 53 974 463 57 21 110 609
618 787 334 264 765 34 351 986
122 840 60 955 740 170 101 284
132 434 330 401 926 759 275 64
91 523 544 207 367 282 876 370
223 907 379 361 913 330 690 527
661 866 372 406 932 383 437 856
556 952 131 425 39 625 707 610
490 17 891 454 823 290 870 111
452 484 403 710 636 35 648 959
812 92 20 151 803 791 614 841
676 304 506 762 30 910 709 786
411 892 429 161 491 527 845 271
12 452 322 498 761 45 128 645
834 861 144 53 883 148 10 817
486 964 353 864 702 389 913 793
244 710 570 767 54 390 994 800
23 338 26 635 163 30 428 729
931 319 455 109 810 457 845 649
277 163 13 813 272 346 741 940
969 397 702 500 456 59 98 657
827 73 169 429 209 239 711 520
