10000
199 103 546 33 752 457 167 893
331 31 465 415 529 337 296 265
337 486 402 321 50 865 673 233
439 693 443 646 20 375 479 490
582 596 216 645 311 217 680 724
831 771 146 558 150 651 412 894
842 609 215 350 418 741 61 862
498 229 280 450 444 592 517 116
357 584 76 846 284 814 48 321
158 633 509 178 565 198 23 874
783 757 871 748 83 556 298 147
688 115 101 590 331 911 433 680
719 564 779 445 89 214 538 649
1000 438 284 146 994 745 693 908
840 384 141 43 383 245 764 192
640 369 497 274 204 928 439 774
287 340 274 384 408 174 331 842
268 630 279 249 680 245 425 399
196 936 941 932 259 8 584 227
284 881 758 82 652 925 147 470
63 368 953 438 950 71 402 908
12 364 270 176 49 204 456 408
430 860 401 130 226 994 992 60
368 859 205 237 462 525 985 964
414 657 658 128 863 973 665 751
447 359 935 770 983 392 762 391
9 779 487 205 716 854 99 755
285 472 270 66 1000 564 486 859
827 926 305 404 503 354 604 788
774 471 236 506 147 759 513 768
563 875 649 219 237 744 879 371
947 845 725 977 965 485 311 745
518 953 619 955 582 421 190 997
146 798 737 874 325 679 18 279
453 161 328 365 1000 731 708 542
591 87 202 376 237 345 477 913
215 219 731 462 907 607 921 837
681 577 316 657 77 880 62 817
923 442 105 285 857 955 935 250
602 592 803 876 896 741 81 67
343 748 346 323 802 221 499 687
388 149 432 313 124 347 211 358
156 875 935 625 673 172 325 56
33 2 951 196 327 658 344 318
32 412 122 583 55 361 663 806
389 419 950 967 782 33 536 118
986 527 124 296 877 416 208 428
237 202 954 326 921 166 195 717
466 457 929 422 173 836 222 593
979 443 911 993 233 262 522 360
52 710 707 247 51 359 507 581
914 993 624 378 196 270 282 24
754 354 237 43 618 271 216 529
27 143 247 395 628 995 500 994
701 5 162 64 920 652 917 131
583 609 381 791 538 93 789 113
483 728 293 907 564 23 279 741
931 598 323 716 811 376 34 137
674 226 688 826 149 729 836 710
345 394 222 139 406 776 877 59
643 454 137 970 600 300 514 810
598 290 684 414 235 44 896 601
987 212 997 543 499 326 641 89
446 689 644 332 569 575 834 466
59 75 24 676 716 522 256 457
851 648 616 130 250 491 821 535
134 869 53 450 717 783 16 108
213 87 846 552 1000 458 450 593
435 792 715 737 995 440 198 292
107 401 109 253 602 908 43 67
286 466 299 60 687 769 278 249
79 432 176 519 831 559 943 716
716 778 583 480 840 810 560 318
847 827 373 405 780 883 391 531
416 150 601 208 680 220 89 985
940 798 591 995 484 556 643 458
742 521 609 759 775 621 241 955
418 931 220 397 887 511 716 941
491 249 455 584 596 39 437 89
778 313 604 898 130 251 691 278
364 51 118 831 662 352 932 689
944 226 274 460 321 497 574 117
354 655 533 703 444 201 273 921
470 924 220 380 954 676 247 273
377 5 893 432 398 675 746 66
766 828 672 777 383 727 731 556
903 948 199 239 673 903 786 568
470 150 545 543 959 347 763 8
651 665 774 806 764 413 459 191
84 66 216 482 951 123 865 795
636 329 408 872 930 827 199 859
467 378 967 334 89 502 531 858
89 898 540 145 625 863 575 318
201 539 969 90 941 287 991 667
597 59 341 139 132 938 90 43
890 314 123 718 88 424 13 402
965 725 181 832 660 158 59 981
738 952 259 364 35 884 967 49
280 525 238 712 800 312 868 69
592 826 958 428 779 804 326 4
726 830 6 37 722 224 21 23
544 691 628 586 941 538 945 365
594 429 247 640 367 113 351 245
818 641 751 576 476 819 152 74
591 501 57 312 704 16 810 554
430 26 136 403 525 96 872 53
928 977 635 43 363 130 520 124
875 79 85 259 251 150 602 649
774 644 346 929 976 784 214 546
817 500 870 451 497 648 517 558
57 750 230 335 955 287 54 686
441 48 874 756 926 803 371 593
573 753 763 967 196 853 443 436
161 248 7 466 186 939 213 397
177 166 666 147 639 815 992 352
546 780 749 624 426 893 243 648
273 333 911 636 544 242 289 12
930 551 589 993 243 194 873 962
850 579 578 714 98 665 23 633
636 852 202 916 52 745 681 710
414 811 588 989 278 438 380 273
699 284 244 629 684 158 183 698
742 974 630 59 452 662 759 598
73 775 487 103 311 433 171 450
701 924 800 330 216 755 56 526
843 759 349 912 522 566 609 140
3 156 467 72 94 886 934 346
222 335 361 192 378 305 121 94
636 968 38 279 629 385 224 227
943 997 910 310 396 617 329 6
585 310 978 179 766 498 600 343
54 934 27 258 535 445 950 662
720 131 237 580 464 79 512 95
211 152 775 315 808 155 227 211
815 481 811 313 271 716 854 415
628 167 87 356 573 683 377 670
868 814 264 447 545 936 952 79
128 585 240 60 772 369 952 543
403 385 312 525 910 857 476 356
862 20 281 729 114 713 800 485
505 738 407 382 95 781 833 702
903 163 463 653 580 245 400 724
597 195 535 143 318 865 736 47
484 980 797 907 381 927 991 87
939 641 662 116 552 960 275 125
494 517 38 546 453 745 35 814
7 135 262 685 999 58 10 93
811 667 275 202 926 186 271 951
794 633 416 880 508 79 285 986
554 471 961 413 324 564 621 360
226 22 762 666 613 950 484 481
523 997 340 202 944 423 534 911
629 445 298 328 817 791 766 350
468 756 971 810 341 89 993 711
488 697 852 440 332 682 459 69
284 725 354 67 348 759 733 758
28 176 937 7 747 118 0 288
562 413 858 383 513 927 635 230
455 584 833 184 140 201 97 854
293 240 299 82 100 897 145 901
536 285 662 142 898 252 649 567
155 202 949 778 722 491 157 884
686 796 440 213 245 878 542 678
85 800 713 489 46 555 33 433
464 563 944 633 531 613 585 878
877 254 273 950 265 252 334 429
542 154 642 58 645 804 137 647
133 27 504 388 347 53 418 476
101 684 905 215 234 756 297 335
368 927 140 346 487 598 735 457
567 790 790 285 33 389 557 237
309 937 437 289 735 416 343 38
489 980 141 241 571 428 420 663
99 789 200 366 496 800 650 175
929 9 765 340 499 98 497 186
165 28 787 739 449 247 527 882
659 293 404 147 928 697 573 444
464 833 928 296 305 251 261 491
356 531 170 44 114 137 867 69
511 750 179 447 99 74 460 129
614 430 157 152 8 486 224 542
366 335 628 764 696 543 751 443
966 84 776 822 830 697 386 237
628 986 3 927 122 230 661 312
827 78 444 332 44 101 79 507
736 858 960 258 837 828 981 658
575 569 213 294 860 634 318 303
583 315 703 344 686 205 477 934
645 291 193 689 158 680 378 788
311 219 511 987 777 690 36 619
836 478 971 917 425 13 671 796
667 382 916 492 797 83 90 347
447 132 658 272 963 517 750 283
715 799 249 738 866 544 637 723
19 221 221 40 977 880 447 934
849 518 167 947 693 408 526 520
577 84 358 706 152 739 292 850
501 820 597 36 594 986 119 994
960 202 643 723 232 644 786 360
621 864 646 12 973 83 64 793
419 990 32 675 25 774 123 428
455 230 878 909 501 609 544 450
185 241 613 0 858 262 20 12
224 809 713 305 784 912 671 630
40 415 972 430 440 216 685 972
50 908 899 692 843 278 302 935
218 541 117 841 211 676 267 149
548 131 887 523 643 699 854 47
95 373 570 90 471 254 793 609
174 747 738 179 524 296 892 547
866 1 647 761 581 537 493 919
722 373 578 28 265 676 353 451
628 435 227 137 5 692 658 431
80 427 195 931 495 340 650 356
802 65 693 219 991 537 362 936
366 920 522 720 666 935 723 438
738 366 108 583 159 374 497 667
274 358 927 494 187 149 715 2
213 950 891 797 111 916 198 957
213 61 196 120 801 301 333 941
730 792 377 237 158 706 320 715
497 525 408 363 417 643 219 988
980 519 192 140 511 785 881 662
603 147 219 33 473 567 577 723
58 503 456 350 729 597 466 67
813 353 762 171 720 693 947 243
785 530 994 971 505 443 988 305
205 615 645 847 795 592 465 715
117 660 184 879 676 639 98 269
758 153 901 757 594 150 762 339
578 482 730 938 14 944 444 329
83 427 687 118 405 205 541 586
572 716 482 653 921 609 130 254
135 943 948 837 464 58 67 372
482 487 978 250 974 95 868 402
631 258 849 722 473 471 907 431
164 484 597 400 512 130 521 716
187 471 547 99 50 99 500 369
102 861 430 612 298 604 731 446
125 209 552 470 301 435 258 947
641 932 51 989 517 114 230 852
372 586 263 324 82 192 485 128
928 900 843 198 119 690 929 368
925 953 153 115 897 466 714 976
263 148 226 230 255 410 36 963
531 89 412 257 107 953 871 335
35 584 396 64 617 993 361 575
249 199 426 952 219 445 662 282
893 768 149 552 904 31 150 891
931 883 111 794 725 296 54 624
488 792 571 280 130 791 982 10
647 213 651 123 403 784 149 445
55 382 628 285 643 708 695 629
82 424 312 648 527 362 285 501
538 796 687 368 358 948 43 190
497 134 100 120 494 891 785 888
158 339 24 671 671 272 647 140
263 677 868 530 20 966 756 563
707 421 626 782 490 24 628 664
796 230 103 765 986 665 808 330
741 360 412 335 528 263 194 142
672 288 478 579 851 861 4 959
736 332 159 951 75 685 147 344
270 516 72 625 498 868 10 614
186 249 398 987 861 362 678 631
288 678 632 302 742 329 963 552
785 13 711 161 200 938 719 768
399 938 515 110 222 328 907 260
410 411 522 572 374 839 964 250
631 46 677 402 515 915 746 994
910 19 630 103 309 991 283 658
631 810 240 467 671 260 950 978
179 962 665 672 964 132 831 698
277 87 698 414 546 637 785 748
804 431 665 242 419 759 248 561
200 485 488 54 970 601 287 966
990 31 665 53 587 384 919 884
612 699 80 10 571 320 716 782
148 841 570 988 371 785 650 297
248 562 28 389 449 881 431 862
39 375 64 362 759 851 523 548
108 887 746 709 305 858 624 619
533 376 209 133 219 776 866 55
754 981 509 609 400 1 851 360
901 584 976 907 822 869 356 392
248 915 806 692 526 82 887 572
341 106 968 867 328 115 47 304
568 434 468 602 571 641 118 139
676 430 841 420 117 918 795 852
20 853 955 655 628 830 742 45
707 922 527 93 422 611 66 340
77 283 23 703 743 625 986 582
488 540 259 33 739 206 815 393
960 611 848 955 509 244 509 349
630 899 59 50 474 908 430 124
630 192 31 363 584 738 198 222
628 258 386 686 577 854 405 536
415 773 187 272 895 690 708 793
367 632 654 276 388 231 547 595
411 140 432 6 533 908 96 332
180 310 925 782 341 627 679 778
923 236 426 596 252 15 209 892
28 701 507 503 950 467 968 352
322 927 639 385 376 238 864 408
171 43 799 404 244 820 598 882
502 846 22 84 156 928 254 281
122 104 302 607 730 822 972 337
651 885 728 203 674 230 957 74
757 1000 968 254 101 383 419 521
902 885 45 565 360 310 415 492
439 16 490 986 23 786 102 874
319 636 204 556 773 877 886 389
960 197 960 432 25 735 509 298
965 97 814 538 665 565 412 593
196 16 657 290 531 459 891 634
281 239 189 338 177 910 769 852
407 122 62 120 839 234 579 452
187 759 413 679 490 665 877 231
787 481 738 80 884 614 718 203
119 950 25 660 83 217 4 192
378 129 413 185 318 7 231 9
660 988 294 810 70 876 324 609
353 971 448 412 884 283 546 575
632 328 271 233 380 587 436 773
57 589 493 322 545 734 821 113
768 957 844 148 447 705 120 732
952 140 566 304 33 327 170 729
940 38 834 581 591 268 769 951
665 469 990 241 555 533 597 720
196 515 943 728 811 710 23 434
561 265 824 353 119 124 792 876
632 65 191 720 875 165 262 631
237 892 937 683 791 110 59 249
205 755 0 381 447 725 399 645
223 564 178 296 690 736 202 542
381 322 802 874 460 48 727 234
341 924 795 641 410 889 948 239
444 868 60 872 790 635 595 790
44 342 507 77 755 723 380 872
394 873 581 878 65 660 623 79
914 836 459 186 775 186 403 900
639 171 894 236 976 624 178 360
889 363 185 701 965 868 417 188
722 412 574 688 634 300 433 985
937 721 327 682 716 43 120 240
655 182 648 419 950 768 421 488
528 371 640 84 603 558 982 611
710 649 393 919 970 5 739 808
463 691 811 668 201 176 788 161
751 312 942 605 582 957 353 585
952 340 511 913 877 591 135 326
17 344 198 569 601 88 328 198
795 415 123 177 126 849 939 558
102 445 365 191 913 806 746 428
161 460 233 627 881 915 813 481
415 265 920 471 272 376 599 324
785 778 191 941 744 939 482 844
859 734 670 302 683 18 5 656
644 440 918 725 702 65 362 96
777 693 640 338 302 606 430 492
788 178 291 721 24 970 81 670
4 456 267 965 693 974 316 948
832 999 29 109 925 18 154 839
185 985 544 145 556 489 688 214
997 560 165 17 174 213 782 275
871 907 866 265 722 692 268 299
470 591 537 731 114 921 443 440
757 526 434 136 793 767 566 986
193 160 650 925 999 217 391 773
912 149 589 725 48 348 818 71
742 235 825 842 892 685 352 809
735 3 81 153 471 813 423 143
610 490 348 839 345 780 830 959
661 12 527 999 893 937 732 186
398 631 262 584 644 567 450 924
643 616 276 495 8 968 990 692
246 263 821 871 404 183 281 346
970 417 147 922 625 249 564 825
878 688 739 792 608 126 756 571
83 581 567 254 303 647 896 386
887 272 541 510 758 628 830 135
727 707 984 266 468 570 284 138
822 990 110 54 377 728 56 438
397 636 294 656 608 45 798 540
821 92 370 180 832 152 293 426
192 121 764 338 332 201 20 611
133 448 531 122 417 147 682 246
986 443 680 921 941 239 370 779
992 727 209 898 648 291 631 303
867 569 232 339 48 272 804 144
477 128 602 557 957 850 726 470
819 506 485 969 295 133 313 512
530 574 515 527 544 894 240 52
47 971 540 548 469 285 843 198
705 846 369 263 948 417 798 415
496 485 380 869 997 568 81 492
805 630 419 3 296 34 477 792
578 824 769 144 966 961 676 401
528 386 325 492 451 978 910 992
723 955 829 166 286 238 397 985
754 331 471 975 27 922 853 252
821 112 478 515 767 927 103 916
250 877 610 82 372 727 748 400
319 855 899 52 217 634 278 211
614 201 555 61 861 578 407 27
776 308 387 10 708 772 307 80
767 198 936 986 224 61 170 647
988 854 560 423 485 155 119 659
445 108 177 792 680 380 585 166
784 953 875 520 511 842 267 744
933 689 536 148 128 724 594 537
537 519 588 873 835 703 393 193
941 915 314 520 26 201 677 581
650 182 782 255 267 417 973 970
789 531 840 875 653 49 568 658
722 965 991 929 112 152 274 133
611 669 832 946 626 438 877 617
250 936 456 206 376 680 535 896
945 780 754 233 213 192 823 432
623 450 979 127 264 982 605 186
88 545 14 354 288 595 293 125
926 602 429 959 146 347 534 431
968 951 710 401 182 373 482 382
695 925 856 366 242 213 456 428
615 191 190 200 505 175 282 342
421 314 703 60 502 584 100 786
828 584 455 888 316 111 895 777
451 991 223 557 16 868 456 103
194 241 538 345 946 36 125 925
869 433 793 289 318 440 511 729
936 946 940 750 501 863 422 926
683 578 369 137 635 242 277 195
36 916 211 279 567 896 866 563
880 923 497 808 168 151 903 393
258 657 759 621 93 764 305 866
889 329 10 870 393 132 544 367
78 946 248 520 369 935 365 360
240 231 726 973 986 153 823 778
413 411 189 198 949 118 418 499
859 344 642 684 932 564 887 804
609 728 542 925 146 830 898 444
494 452 15 752 893 824 144 626
331 221 665 655 624 396 519 677
916 484 720 5 852 654 529 537
293 278 415 372 109 748 94 841
561 749 823 799 396 346 249 707
986 269 649 798 280 903 462 522
81 950 736 928 77 42 839 916
686 514 965 806 221 37 84 297
331 199 550 539 653 207 202 275
630 854 128 22 296 327 120 106
539 128 492 70 775 603 744 750
20 930 893 896 133 105 870 263
694 517 204 467 177 408 722 377
934 219 161 386 467 598 263 526
543 138 519 883 704 304 193 686
332 535 971 381 674 971 80 317
161 884 785 392 676 54 670 477
835 652 721 145 865 290 470 958
480 609 713 480 56 723 115 657
451 50 659 33 257 17 903 70
477 688 719 264 855 49 843 778
593 470 541 331 0 163 748 457
740 402 554 384 851 456 110 359
472 269 46 293 433 229 50 649
600 752 676 629 538 654 295 237
663 2 12 579 483 549 732 42
349 631 147 983 913 658 243 608
47 328 752 196 370 569 78 882
387 10 984 813 891 620 442 993
339 851 833 606 827 628 952 458
866 640 605 595 323 491 584 501
239 58 199 570 354 697 86 775
561 17 842 410 532 376 431 179
854 491 134 586 595 512 867 543
447 144 820 422 514 305 911 640
321 28 835 340 134 621 344 793
695 221 576 943 383 112 574 998
302 283 272 558 660 7 302 88
628 741 379 768 794 697 483 182
231 902 564 473 160 457 983 254
844 7 414 242 981 606 740 88
644 904 846 234 78 120 272 54
780 200 274 741 257 629 279 180
673 506 215 117 66 341 485 130
237 223 346 820 990 846 219 592
845 300 946 583 399 793 540 870
435 777 645 470 87 278 938 183
976 200 961 273 240 568 775 977
158 493 290 423 635 966 342 575
290 605 905 562 281 164 871 571
995 24 0 213 692 759 431 416
74 92 89 8 320 892 558 983
236 425 672 621 938 982 769 58
804 926 716 269 516 284 364 9
519 616 547 144 546 591 809 289
138 840 344 234 607 480 528 722
846 764 690 69 34 923 252 21
257 538 367 622 511 101 161 12
714 749 841 799 801 44 915 322
690 870 560 32 82 715 66 176
723 166 318 629 871 358 902 708
968 685 157 534 731 857 284 814
953 789 325 697 124 353 999 274
766 884 490 218 743 999 931 59
510 502 926 430 857 776 900 912
243 758 904 301 396 584 807 334
93 775 437 290 792 189 10 62
886 786 919 970 766 610 340 788
202 361 875 514 804 345 201 261
501 379 850 176 238 263 67 488
722 200 845 127 521 403 683 613
817 44 266 656 926 82 465 783
424 435 642 222 94 374 990 247
748 372 632 583 42 498 932 552
704 872 169 774 400 822 51 335
29 465 728 88 738 947 492 932
557 53 132 648 645 380 156 273
168 638 646 278 851 907 1000 106
376 35 223 69 864 62 585 520
200 926 848 741 362 770 62 398
154 804 375 143 519 547 227 665
294 44 766 630 502 890 785 929
99 845 996 295 568 152 83 698
840 718 520 855 610 955 562 673
486 209 476 460 987 107 59 6
784 311 290 982 85 707 788 151
484 378 224 358 99 451 361 155
641 969 362 239 355 410 655 373
287 812 132 960 466 456 111 51
803 669 626 686 895 1000 550 670
673 791 733 196 989 63 636 924
751 173 221 599 550 754 629 743
217 862 234 200 323 135 579 168
864 181 296 355 927 31 286 373
228 702 451 455 895 171 276 436
233 80 143 307 440 460 414 332
764 45 98 487 741 675 970 604
963 464 497 350 799 596 166 695
147 858 902 933 209 898 539 285
831 569 979 508 923 54 563 474
570 369 866 410 437 703 622 761
665 258 354 887 177 273 949 589
913 750 486 154 660 981 145 992
169 309 270 542 243 649 146 808
322 636 539 375 941 274 448 647
810 728 366 18 34 502 435 786
275 236 755 608 437 797 852 115
428 786 886 109 870 47 997 158
331 900 158 340 174 405 812 851
44 375 324 860 400 523 895 921
102 498 567 969 645 980 897 553
417 317 11 665 132 264 969 648
939 58 383 976 205 643 310 429
846 276 929 963 589 337 607 269
578 799 310 667 635 593 219 471
226 665 854 891 492 688 717 719
277 226 273 935 784 663 698 104
249 109 629 720 861 26 860 12
770 150 350 36 978 30 995 178
254 741 798 455 882 982 517 530
282 460 336 499 382 175 68 186
763 474 419 664 447 447 645 107
314 833 605 581 108 455 72 993
634 158 398 433 295 743 595 530
567 661 198 796 911 998 668 982
497 761 730 594 313 876 796 713
459 977 428 421 424 39 67 129
695 792 495 376 835 960 730 355
513 367 561 497 917 518 304 224
405 614 857 906 406 153 384 982
812 681 630 798 837 497 595 290
123 338 983 313 106 929 128 803
40 214 332 583 164 199 657 413
102 12 472 579 633 862 974 418
212 159 558 944 397 588 607 376
985 45 833 46 1000 507 364 84
695 532 160 187 18 729 579 505
179 423 270 493 142 700 38 845
684 126 165 248 994 421 658 798
628 669 431 134 57 50 714 442
684 950 524 564 600 411 978 966
994 836 94 989 964 112 545 553
484 218 767 35 321 205 100 725
792 767 523 109 842 939 791 873
878 438 151 224 371 712 856 914
206 845 472 232 253 797 703 550
490 622 359 675 232 500 619 107
588 899 699 207 923 498 164 850
504 643 969 296 517 629 962 477
618 504 965 782 682 731 742 14
398 535 44 657 326 891 490 789
764 454 568 370 321 630 596 484
946 93 971 140 304 163 407 404
104 992 498 298 381 680 926 2
269 598 753 560 493 718 120 639
644 126 859 982 782 95 245 173
836 447 981 664 411 926 829 388
555 134 883 629 588 904 855 755
322 637 10 280 711 85 462 5
837 548 716 397 272 355 958 533
8 389 18 120 810 717 340 549
695 558 383 488 607 421 724 979
391 199 840 569 975 598 215 902
845 561 379 657 713 156 372 633
266 228 431 32 363 58 842 500
669 240 492 333 301 599 281 631
30 192 557 613 589 195 92 651
453 900 263 894 279 889 556 162
486 516 934 680 814 406 795 184
430 270 62 130 490 294 482 551
762 231 22 927 444 702 619 319
963 171 674 943 77 165 343 835
422 532 942 520 2 6 384 572
418 198 353 126 3 639 302 412
674 45 901 628 936 942 656 509
377 645 269 43 823 603 923 886
432 217 195 527 709 777 705 698
572 449 614 531 721 458 73 61
358 448 84 82 688 234 672 565
880 543 371 909 311 655 786 899
186 565 242 758 79 556 844 909
388 647 464 955 858 741 298 938
817 423 177 630 267 389 311 106
12 192 422 424 282 812 674 752
994 67 128 699 849 863 429 267
191 200 296 792 672 68 411 475
230 554 657 270 343 181 787 169
972 520 252 908 239 33 499 765
455 423 729 757 486 640 663 533
116 990 939 303 864 635 35 704
640 115 857 277 804 607 411 747
644 205 667 827 834 842 978 576
848 477 666 786 578 402 719 113
424 96 595 807 604 78 615 726
964 876 408 743 476 617 288 4
830 17 73 583 689 897 150 259
15 555 121 995 796 271 266 842
607 583 59 287 853 931 395 514
136 437 914 609 410 767 105 257
507 502 19 76 562 289 400 655
188 369 316 325 438 46 472 386
960 941 557 214 350 148 275 834
186 470 814 276 68 948 96 374
329 337 174 285 470 20 7 925
4 805 424 839 47 725 237 935
669 845 475 567 445 150 490 348
575 23 671 907 217 766 498 552
742 833 421 675 812 103 723 427
610 729 467 259 405 115 418 951
813 924 726 405 433 230 877 433
814 9 263 628 791 147 532 96
377 307 359 423 551 21 755 645
451 201 410 741 587 348 104 102
595 586 976 810 32 307 770 260
97 125 110 206 975 312 703 27
582 275 973 949 260 845 168 538
206 502 536 990 681 568 668 180
195 430 950 182 341 794 214 389
427 678 881 545 271 569 207 214
60 286 289 389 723 134 730 400
361 437 343 115 966 578 757 534
345 492 381 330 324 598 181 70
66 733 276 681 265 171 802 185
506 860 338 47 235 725 938 259
44 408 889 261 275 92 653 496
125 483 184 151 1 742 149 589
543 533 9 654 727 631 422 440
358 529 447 392 844 865 238 917
389 419 679 7 957 331 406 230
957 404 980 124 602 760 755 612
441 259 53 793 358 634 461 766
647 205 831 706 77 687 692 992
739 172 412 564 382 974 594 829
760 20 698 486 263 648 143 202
324 553 402 384 790 701 992 546
515 843 694 120 810 464 285 15
936 873 51 455 649 575 355 75
254 138 149 249 190 821 898 740
875 149 579 67 520 928 588 288
423 692 587 410 124 107 415 175
431 38 536 458 776 203 996 796
926 688 482 90 369 975 324 694
271 704 376 465 4 348 229 822
486 489 963 491 969 625 507 769
734 393 126 57 28 788 746 36
202 970 396 721 1000 276 992 689
651 192 688 791 928 478 514 17
729 302 390 667 844 958 560 783
814 107 156 454 456 788 306 4
237 273 51 796 89 447 703 886
785 77 481 337 332 298 419 663
481 729 806 130 49 934 984 64
966 572 677 238 412 695 378 737
168 484 589 828 199 260 756 217
983 995 667 774 283 435 185 176
732 192 199 161 821 386 605 733
627 972 303 306 814 287 765 548
110 655 951 638 990 123 622 941
108 522 103 418 405 69 492 187
2 255 628 856 679 514 738 686
676 897 33 826 967 37 826 366
709 532 963 170 148 608 753 767
548 230 393 952 363 891 251 122
932 731 132 762 626 727 654 468
8 560 27 646 541 294 324 501
707 445 477 392 393 130 409 224
979 501 749 172 399 552 471 544
771 188 796 217 755 872 741 368
89 18 218 129 693 617 759 344
601 927 374 313 784 998 463 408
848 112 111 607 402 904 150 819
154 552 501 950 287 119 927 987
777 132 674 362 804 667 963 656
210 136 934 944 706 972 953 225
215 258 874 388 9 546 152 616
101 470 873 865 221 462 694 755
614 112 929 854 526 584 542 600
992 421 269 355 401 608 41 782
288 575 371 849 326 627 214 380
776 962 295 294 87 518 164 708
891 899 233 566 425 18 239 575
989 744 427 260 934 728 7 17
684 791 702 651 322 324 162 667
823 870 451 389 938 651 796 67
664 950 304 399 570 564 637 283
50 88 649 819 541 282 874 772
290 636 954 362 421 270 816 381
740 652 892 739 360 578 239 576
306 994 941 633 644 375 811 689
294 641 85 112 437 731 266 965
46 209 541 300 152 574 716 518
911 487 135 598 889 374 839 632
647 710 36 620 592 23 427 781
102 545 973 281 12 922 768 152
69 337 633 542 331 735 996 481
471 726 97 68 950 869 561 949
284 378 229 489 600 214 492 660
249 495 739 614 152 595 323 770
681 371 936 104 586 305 236 291
233 951 668 395 521 250 562 275
487 6 370 136 4 954 959 483
510 282 973 719 384 356 349 728
635 64 842 345 590 115 467 241
783 110 967 785 372 290 3 493
458 286 304 1 753 910 534 146
204 785 96 75 854 187 429 119
46 559 473 153 205 416 555 198
722 764 196 916 44 716 835 446
345 98 710 441 413 715 143 463
185 960 621 83 966 315 817 782
252 322 952 749 403 676 229 424
360 87 880 382 747 618 711 288
917 460 928 995 183 976 522 15
988 310 606 260 410 268 128 857
450 189 65 383 773 739 413 834
821 105 286 411 772 504 78 923
738 282 627 171 934 503 358 451
889 265 379 397 99 352 682 449
418 954 409 361 2 403 877 383
596 972 156 5 69 80 117 352
494 421 196 285 691 386 576 921
497 794 383 706 621 442 145 95
388 650 486 316 594 634 668 335
567 741 231 955 342 807 373 406
772 358 218 924 977 195 485 544
617 713 663 154 667 968 316 729
779 543 17 460 632 336 126 415
504 32 689 544 497 995 997 367
508 721 887 428 563 989 282 241
520 241 100 131 25 725 814 599
295 725 493 427 113 127 680 606
109 181 517 450 287 671 952 315
218 151 140 787 475 841 1000 916
430 196 544 630 475 980 834 571
418 248 808 421 843 236 976 788
241 280 160 303 355 121 2 970
906 794 143 457 91 559 458 877
662 145 152 860 700 35 43 237
104 87 713 695 972 396 667 694
925 472 512 655 974 100 529 487
321 39 147 791 57 964 969 690
343 772 264 330 318 547 131 127
141 497 540 613 582 410 557 750
232 305 309 625 43 76 303 57
546 448 876 146 151 980 700 569
535 873 957 336 976 858 190 340
554 654 480 75 247 177 5 8
816 671 897 210 37 11 480 943
79 263 762 338 526 477 861 553
665 626 40 277 366 704 126 879
614 48 33 896 243 239 684 959
967 913 264 785 898 475 251 507
138 533 53 899 519 458 713 80
206 844 956 290 553 712 708 123
495 409 672 642 224 767 982 249
833 867 910 738 487 361 624 119
891 996 911 213 117 547 369 224
814 849 627 188 672 183 112 203
610 953 216 379 814 106 952 707
51 430 754 266 326 287 161 113
835 469 82 95 70 33 524 46
619 166 275 544 729 827 335 634
643 615 283 782 641 561 35 554
171 595 268 767 827 190 981 120
354 194 876 188 462 784 297 78
557 921 940 450 863 873 34 523
951 886 454 635 84 516 888 818
49 46 264 488 174 684 946 439
347 472 964 761 1 668 753 22
739 692 402 989 307 514 340 730
652 84 247 815 913 321 277 965
997 574 911 737 66 593 16 541
895 788 206 441 489 699 546 519
698 100 784 450 782 376 289 288
228 390 642 441 17 416 569 746
642 387 396 901 592 933 115 378
355 985 730 910 849 643 542 321
614 358 206 858 710 451 19 533
236 437 509 83 146 178 925 138
495 593 668 148 24 403 122 709
221 507 614 64 729 578 262 164
987 153 444 847 362 45 457 916
587 663 581 283 209 578 794 645
778 719 711 80 835 253 839 703
37 48 862 850 763 673 103 386
645 362 548 405 110 87 384 637
620 334 440 545 526 312 641 897
398 341 952 618 174 256 378 590
156 657 351 87 25 246 730 54
676 961 757 672 198 381 498 868
164 586 961 452 10 120 723 593
362 297 310 701 189 712 825 56
53 690 61 132 640 613 124 860
250 907 154 994 108 581 289 491
71 188 254 448 477 633 873 720
570 862 719 534 13 856 328 337
902 346 129 164 862 247 695 897
837 927 838 369 613 739 960 792
369 410 455 156 498 0 46 50
183 77 398 792 800 269 504 808
850 805 614 337 822 222 94 847
221 425 636 566 773 388 467 449
188 141 454 283 896 650 742 679
694 28 603 425 956 12 241 757
895 253 640 651 161 977 28 129
568 140 137 193 613 822 351 650
929 844 202 9 438 4 245 500
420 98 739 197 810 13 154 871
555 583 391 567 745 146 229 984
93 125 13 641 170 992 109 362
719 749 112 279 290 483 691 712
626 149 704 498 69 225 730 78
538 454 792 776 175 93 188 30
984 319 477 292 123 95 138 213
555 72 570 190 987 568 637 242
905 837 964 503 832 320 599 898
1000 464 918 566 171 675 438 552
403 871 321 299 234 913 806 262
572 332 495 399 428 668 70 32
314 19 342 508 411 645 125 983
233 214 560 146 716 259 202 408
969 623 546 915 740 709 199 800
109 852 329 420 34 568 81 481
154 588 636 852 626 1 713 190
66 547 617 817 94 5 591 806
649 506 204 26 300 53 647 840
752 766 956 187 92 371 444 743
597 508 848 778 52 375 265 137
271 176 439 888 903 772 159 775
308 987 257 982 174 790 831 955
631 311 601 144 913 40 267 64
407 862 104 270 319 168 952 476
23 960 406 583 338 286 98 95
42 748 85 164 378 55 13 187
165 179 281 770 388 321 857 120
103 290 900 747 147 761 21 692
198 563 580 424 109 46 645 916
86 925 516 658 830 236 767 268
764 104 766 322 766 586 34 173
550 645 854 331 579 705 318 333
455 497 981 237 589 844 881 41
182 118 251 170 14 618 711 730
263 68 517 399 108 410 571 787
578 265 169 732 411 170 560 128
980 356 385 295 271 129 881 297
777 536 651 566 489 486 468 845
683 348 282 453 444 575 361 942
719 510 638 284 698 615 713 36
842 643 979 40 951 752 39 72
379 243 199 971 526 803 209 794
114 540 56 860 615 921 600 846
789 677 871 339 443 780 402 810
1000 277 466 203 143 481 928 705
772 853 525 102 580 914 147 344
996 517 412 115 219 745 281 290
538 15 946 986 999 113 688 206
422 952 983 922 871 820 188 734
190 167 173 670 120 353 346 396
113 197 913 761 708 836 171 605
420 578 122 495 735 392 263 854
797 372 840 405 320 113 152 652
858 230 965 453 683 963 77 79
223 670 431 133 213 331 239 300
547 29 825 635 125 723 365 204
421 796 637 271 288 822 737 456
964 520 31 828 93 837 969 846
205 477 119 657 227 708 442 324
311 906 126 887 182 957 222 649
14 185 707 589 815 109 149 209
366 93 572 750 166 258 452 699
78 72 79 411 121 82 26 508
705 66 175 716 187 343 644 588
372 355 777 522 508 232 428 704
917 83 406 387 759 676 807 422
816 463 754 908 367 178 472 472
263 175 601 681 940 63 845 649
170 125 990 588 592 617 690 488
54 223 734 661 865 355 273 363
298 879 215 765 133 741 404 483
359 639 873 27 450 781 708 323
989 314 611 321 829 258 456 229
713 179 539 199 369 535 304 578
505 297 656 520 491 637 566 195
38 275 795 463 372 461 67 749
435 627 424 797 654 503 492 610
111 779 15 299 942 392 996 210
985 491 257 5 898 155 125 926
982 947 647 441 616 616 805 822
2 183 66 173 223 435 653 369
938 530 636 109 229 595 615 1000
17 632 700 746 559 869 229 569
949 450 723 597 27 935 385 532
936 226 423 572 214 74 448 271
626 487 140 5 330 502 209 483
801 810 245 849 490 568 232 179
851 868 542 937 23 528 986 550
130 991 467 72 314 618 317 718
273 401 319 755 256 778 767 769
519 700 907 332 312 11 710 526
576 750 853 655 874 880 392 318
268 915 975 500 549 1000 69 512
775 497 754 822 132 786 659 173
75 626 146 138 50 472 411 817
311 60 389 365 243 702 68 797
221 135 833 533 410 91 551 450
203 839 18 366 377 270 47 560
908 912 488 187 623 111 384 89
614 667 683 63 910 320 851 786
598 568 934 62 489 726 450 361
489 725 51 396 689 807 128 840
223 642 765 363 807 133 422 394
756 169 854 450 156 691 49 106
444 239 291 85 153 475 613 478
125 468 341 352 558 200 326 314
842 869 991 663 677 540 857 749
842 661 917 202 742 631 807 810
561 950 759 441 88 321 409 539
983 174 220 358 66 935 952 452
708 571 279 881 184 947 292 155
133 120 555 767 238 196 255 50
145 158 72 801 325 126 605 365
639 222 653 773 33 665 84 350
447 603 381 109 636 195 469 554
340 598 947 133 335 131 2 743
798 857 449 830 367 495 840 911
914 945 132 76 182 884 173 325
115 145 244 413 290 861 133 172
779 337 967 53 353 523 887 83
330 336 432 155 900 139 96 568
782 740 680 259 867 46 813 504
581 775 498 501 621 967 366 442
770 761 297 38 448 723 435 483
71 952 609 678 38 615 23 620
962 36 422 495 656 176 779 535
104 498 877 987 949 365 726 291
349 505 79 601 832 610 724 484
462 728 68 432 355 584 230 370
459 12 152 293 813 188 388 395
813 727 416 779 752 566 154 347
115 599 405 286 771 105 677 669
784 655 473 409 788 827 489 32
101 974 15 265 575 520 427 755
922 147 642 188 149 577 955 330
826 815 173 641 569 871 776 942
254 530 519 168 233 909 352 873
662 82 265 31 131 772 672 14
817 422 860 627 342 952 448 107
602 461 395 272 873 402 273 27
434 310 434 435 808 710 941 719
460 91 651 204 287 23 82 307
368 917 935 123 58 393 851 763
502 60 358 339 216 516 703 704
991 427 483 229 851 159 409 209
446 563 273 766 566 465 696 700
815 925 386 925 748 957 379 430
732 800 248 863 479 574 625 204
158 688 639 58 807 417 705 912
465 291 336 916 632 770 573 343
263 319 348 936 258 67 475 268
337 619 186 823 12 559 266 839
992 966 603 262 835 799 261 35
851 566 151 606 968 546 559 81
591 178 411 603 701 605 770 791
155 110 420 963 957 654 319 561
2 522 824 263 388 146 123 742
868 187 579 535 265 100 756 76
227 354 159 803 146 109 965 790
755 322 614 161 977 782 726 850
216 739 72 812 251 102 666 590
560 206 346 519 703 733 493 590
593 835 734 603 669 622 305 981
218 483 901 65 453 552 617 518
99 219 409 219 51 893 728 523
914 677 604 265 626 753 288 723
733 168 889 954 579 19 612 644
16 895 113 713 85 434 952 560
2 326 770 304 161 393 759 343
792 778 957 951 728 461 593 652
408 861 647 248 813 381 968 140
508 423 80 181 487 41 191 690
495 982 384 382 977 452 415 912
1000 489 583 131 652 676 378 230
937 450 172 626 591 247 872 605
411 812 889 843 862 442 455 539
340 309 749 392 235 666 289 244
524 670 522 337 840 824 223 256
647 383 939 482 627 915 259 367
186 215 307 174 932 466 959 16
507 567 299 388 11 787 613 480
955 762 487 172 808 606 282 399
251 363 114 316 991 145 269 389
645 29 229 883 160 868 611 714
405 102 8 819 868 550 455 935
344 465 386 492 55 650 919 198
861 990 421 857 699 418 203 917
225 270 191 769 915 279 851 538
708 693 610 460 722 500 24 694
188 482 669 808 998 203 113 40
14 162 774 384 415 863 6 110
264 482 973 600 945 588 829 271
340 201 354 881 292 422 745 551
273 59 437 221 713 701 770 371
784 554 62 970 858 60 420 329
251 886 222 767 42 909 843 593
966 632 667 706 446 657 603 35
421 27 962 937 53 273 646 177
831 414 650 138 170 358 608 658
82 959 443 557 544 703 957 108
859 10 273 661 441 258 308 232
787 698 236 460 747 569 297 155
526 906 456 585 903 669 265 545
999 309 289 285 994 846 569 379
862 628 786 759 559 141 493 720
451 819 251 898 322 45 596 256
943 325 869 517 601 82 934 163
469 565 678 556 628 69 580 840
443 152 745 977 432 114 202 755
900 781 913 213 297 504 926 467
996 811 125 488 545 365 56 144
80 181 694 63 249 778 601 816
176 757 130 965 450 704 732 402
377 608 134 513 765 842 428 816
929 167 767 943 767 0 104 402
906 210 793 130 441 162 346 458
180 908 58 945 497 230 439 12
975 776 815 37 894 754 573 379
672 426 21 647 651 376 710 277
417 347 567 567 772 31 934 826
254 911 696 488 296 165 596 476
875 951 501 989 946 720 497 208
493 603 523 18 629 856 335 669
952 572 548 991 830 480 966 757
50 829 846 134 850 77 578 580
94 811 670 327 684 704 430 226
149 400 138 493 842 567 13 87
289 275 930 609 609 912 50 911
984 331 484 768 251 85 388 860
433 207 870 175 216 373 729 207
363 757 528 758 825 866 824 834
764 640 351 192 773 396 235 93
315 988 140 588 745 810 106 65
151 173 0 71 880 675 170 910
233 910 341 405 820 622 648 510
854 528 825 778 186 100 841 781
128 716 343 738 384 254 398 351
658 537 285 376 37 649 659 942
612 441 68 732 984 166 30 836
736 892 635 959 503 67 772 740
193 224 823 502 866 906 505 982
725 143 317 62 357 515 201 826
358 89 451 596 984 727 359 333
808 378 333 41 348 725 102 514
150 24 186 27 484 423 561 87
532 556 581 922 607 421 862 416
484 55 74 793 790 204 817 132
347 818 78 727 873 213 434 410
916 293 715 205 797 231 431 148
594 155 98 932 68 113 435 317
591 156 680 281 358 621 503 533
108 112 2 771 984 857 277 719
504 628 856 875 911 46 753 190
396 418 971 967 855 227 122 736
371 371 518 497 334 355 362 255
162 129 808 304 856 716 641 450
335 617 94 557 536 519 482 118
313 101 830 902 121 317 587 184
45 689 170 983 55 247 926 629
767 379 512 265 824 293 50 399
855 355 767 832 821 51 247 152
962 251 937 849 470 293 993 615
354 74 239 326 143 526 139 130
325 755 142 77 754 727 680 729
100 938 149 176 178 916 592 546
962 165 472 180 826 748 900 812
439 303 855 938 13 892 931 783
402 799 302 607 277 84 367 933
826 420 750 851 199 292 950 459
583 75 986 515 425 507 997 879
953 337 956 877 16 632 636 274
254 771 393 387 326 706 939 535
108 657 660 583 413 769 504 379
419 674 159 74 694 415 416 71
398 540 457 775 71 897 280 55
461 759 169 873 697 554 35 412
528 340 73 111 155 438 123 161
402 961 824 470 816 74 560 86
926 727 513 313 801 913 550 900
992 873 226 874 321 540 918 379
364 701 738 391 764 257 893 937
313 308 106 949 186 586 803 882
667 938 104 399 432 304 260 233
759 372 140 388 705 966 717 645
929 742 296 850 848 882 793 918
838 248 334 888 117 740 444 859
1000 982 520 454 207 742 446 705
351 164 693 999 157 958 478 403
140 899 795 888 203 384 524 296
1 793 435 299 555 150 891 510
218 27 563 218 47 200 404 666
942 348 69 279 702 788 809 801
581 232 600 228 489 253 330 796
170 203 762 1 239 279 638 456
690 920 391 19 904 128 12 507
28 733 83 236 447 671 195 236
561 378 505 929 566 72 962 893
925 943 675 482 803 190 459 406
147 620 765 610 692 672 922 143
759 758 706 161 712 113 11 436
178 591 207 173 711 161 73 131
623 503 839 685 630 130 380 57
603 561 598 697 25 617 439 511
181 436 71 449 556 682 448 249
465 780 62 555 340 914 950 625
975 304 630 289 216 420 866 656
455 245 401 613 336 282 747 681
127 728 568 471 11 751 578 149
259 733 109 280 313 30 619 720
472 439 549 644 840 514 117 111
14 165 949 37 658 312 158 198
254 213 538 958 269 675 137 17
904 778 478 14 592 376 1 165
718 799 249 639 93 41 45 895
67 897 867 729 700 161 871 68
162 321 273 557 624 763 332 833
164 944 626 444 829 962 118 943
795 731 697 699 76 638 357 367
325 383 579 784 993 647 819 368
348 292 657 668 329 443 949 114
937 570 577 387 472 510 444 281
177 401 242 210 457 71 455 71
228 769 925 610 273 364 775 373
466 427 782 197 900 234 269 103
176 616 126 112 213 218 591 741
30 250 52 402 798 341 323 71
794 720 640 775 620 638 158 486
916 565 764 409 732 196 52 539
500 676 471 350 121 30 574 186
759 710 167 466 333 908 61 722
582 728 651 447 573 673 353 174
701 23 831 707 784 334 149 317
434 816 391 318 604 977 427 896
945 869 71 347 12 496 16 703
606 282 151 838 240 966 505 653
138 320 446 433 673 126 444 542
142 484 927 213 896 253 831 603
284 98 253 320 844 555 972 344
914 301 385 199 555 384 711 437
45 294 917 909 17 374 508 424
532 948 953 722 68 437 824 63
304 23 541 97 839 162 476 405
567 743 501 932 84 449 560 813
55 938 267 430 845 291 187 138
633 68 791 46 128 57 434 720
254 824 396 650 419 826 637 203
113 250 424 665 399 599 195 145
875 945 54 86 263 554 948 821
694 31 374 928 678 75 527 126
660 978 953 551 808 38 66 97
710 442 604 451 640 422 475 88
858 581 252 153 190 403 562 949
349 770 450 549 53 489 212 603
200 124 644 972 193 81 76 95
484 779 743 239 33 615 729 941
362 419 134 193 603 148 345 523
95 921 134 722 411 260 381 649
132 132 827 353 154 385 638 103
40 509 756 472 246 571 978 337
713 427 307 381 841 152 223 12
33 330 990 572 576 173 282 607
198 544 477 73 819 945 82 347
262 57 950 666 197 293 935 861
46 343 874 778 350 150 432 378
195 87 236 164 804 703 512 6
903 356 916 220 480 521 696 840
323 232 5 952 792 446 869 299
852 597 877 511 849 674 148 53
321 915 603 872 166 859 359 826
182 488 940 65 407 399 398 327
859 979 185 691 289 345 261 659
392 228 268 866 948 490 792 595
307 346 821 993 4 235 915 953
169 97 958 839 733 997 790 258
812 325 336 511 374 844 807 591
810 983 587 496 164 905 477 66
480 983 882 825 702 642 89 259
192 724 420 531 744 816 441 543
253 969 438 749 603 467 202 369
57 467 690 256 310 796 958 198
672 738 429 639 671 645 33 638
871 819 344 174 648 523 292 27
507 339 56 21 462 809 997 324
456 251 848 367 737 237 988 549
345 912 138 529 654 443 736 179
59 338 508 226 26 715 503 501
797 339 790 332 950 852 567 83
564 810 384 427 365 116 625 842
161 810 143 213 258 227 73 847
366 345 125 956 449 597 458 778
806 839 218 39 480 181 812 200
353 597 971 973 78 362 597 937
358 829 383 337 730 988 920 357
378 839 820 837 747 579 470 708
522 718 858 346 960 163 761 204
684 533 459 938 621 244 134 383
110 302 501 933 335 865 305 714
178 379 209 782 730 190 290 198
795 230 790 795 476 914 552 595
37 696 734 953 561 802 340 864
870 994 595 823 112 882 317 436
419 296 315 237 534 642 168 44
166 743 924 885 367 532 409 813
373 618 458 58 575 130 730 894
851 100 450 525 27 103 157 692
779 927 210 66 824 586 209 204
776 204 641 949 433 490 104 592
139 426 671 612 997 419 669 318
100 946 827 47 737 919 878 420
884 914 662 514 814 749 875 423
417 434 443 439 555 148 399 949
492 981 721 261 898 359 467 380
848 146 115 363 346 305 887 491
510 488 156 77 18 616 448 241
868 558 84 50 967 893 782 573
217 663 794 716 184 685 377 550
678 484 248 452 360 923 42 40
138 812 726 661 651 248 670 998
202 788 323 309 14 511 833 549
846 634 468 104 687 325 54 440
993 449 899 373 818 134 612 772
351 662 154 2 930 50 697 331
970 426 801 932 218 60 318 916
221 308 952 188 455 175 168 518
406 829 907 634 397 577 934 292
892 667 589 355 99 439 146 541
5 454 139 242 615 932 335 245
529 640 50 591 267 723 244 165
974 316 331 376 48 894 527 432
455 402 452 825 428 338 394 944
528 947 536 584 582 669 598 970
615 35 643 298 113 211 205 816
712 171 594 320 690 885 844 557
728 533 621 977 905 147 193 87
486 940 281 648 835 258 965 918
297 887 738 837 717 117 624 933
738 770 713 521 198 268 820 746
149 248 982 970 556 189 77 245
237 679 260 427 634 173 481 284
577 461 727 964 355 202 14 962
859 587 616 314 851 189 157 454
30 743 790 300 263 365 88 961
109 472 211 844 333 983 521 602
766 139 955 947 139 947 426 836
617 92 250 40 571 648 598 215
320 535 542 262 768 183 340 752
246 655 858 268 162 490 132 657
799 531 247 942 511 847 518 433
98 50 617 276 47 946 62 917
324 554 520 21 120 850 841 793
453 61 720 738 806 58 688 536
727 726 555 93 998 699 484 567
955 345 111 719 649 875 36 356
942 900 410 880 918 931 6 135
275 446 773 288 191 850 223 300
125 357 450 653 492 11 891 252
626 529 572 831 79 373 222 497
740 0 477 132 940 487 299 942
232 45 448 276 509 295 865 611
798 855 251 695 956 72 14 176
606 449 436 648 858 837 247 880
772 242 862 494 747 381 824 323
538 319 380 827 456 948 309 153
525 646 70 30 618 527 182 366
54 722 782 171 614 146 720 474
756 193 757 857 32 369 120 93
74 98 584 416 278 168 119 903
684 608 890 658 157 118 30 636
120 321 913 707 716 321 618 68
575 766 951 907 94 530 657 416
756 658 511 881 205 704 785 99
33 393 484 775 366 826 812 422
90 976 196 4 258 589 129 883
646 923 289 416 490 417 622 28
644 610 176 232 357 643 845 765
994 925 310 135 384 993 21 287
598 879 263 400 854 410 636 930
855 674 645 524 398 598 577 719
496 625 644 943 647 430 111 413
805 319 35 212 410 44 498 835
391 710 943 29 3 817 933 460
530 629 356 172 925 10 657 768
759 154 806 558 992 144 595 673
880 603 171 292 468 833 43 40
555 672 11 985 196 367 484 995
424 956 135 710 531 96 506 105
43 508 49 924 50 922 360 695
659 860 708 337 864 53 270 783
29 562 742 666 814 521 243 711
2 993 943 346 377 582 924 555
0 556 153 215 190 617 12 326
856 64 537 709 746 983 33 411
586 557 811 282 360 334 355 286
1000 864 1 101 767 148 867 334
686 713 370 156 829 667 999 162
665 303 126 421 134 604 172 312
897 623 331 731 351 856 683 274
276 948 66 820 730 542 866 673
570 25 325 425 908 289 153 14
631 554 223 17 369 453 978 59
483 517 146 405 634 905 233 383
506 644 422 38 930 538 992 222
832 814 982 555 239 98 599 498
605 362 621 49 917 64 89 687
226 735 640 18 993 491 623 956
121 294 1000 988 389 171 987 311
969 946 54 314 543 801 49 892
37 146 119 316 877 778 744 316
703 683 532 958 155 751 453 991
532 671 336 572 103 420 102 443
914 146 36 299 238 750 170 556
552 596 510 70 806 211 38 673
655 782 626 725 502 70 626 864
921 449 717 521 228 226 494 160
37 358 251 868 485 66 147 16
668 552 108 805 740 104 369 282
551 819 196 432 312 132 308 161
896 63 459 604 64 193 551 672
851 179 759 2 174 670 537 461
952 775 677 446 650 600 767 686
376 364 516 472 612 838 889 824
474 749 916 512 178 554 732 548
969 181 902 554 424 289 293 345
874 188 473 192 275 384 73 271
57 50 200 479 303 55 865 489
888 851 745 14 95 774 541 178
505 572 907 180 764 365 222 219
432 304 461 933 844 226 669 417
53 442 505 103 413 996 674 925
439 781 411 643 992 39 604 774
437 43 775 178 464 852 887 328
67 746 297 310 637 46 316 62
674 786 983 113 363 575 221 222
210 896 784 16 974 853 367 333
146 222 529 487 523 300 592 549
307 318 591 598 863 391 3 458
499 677 247 590 827 307 324 288
819 710 927 283 119 305 643 468
928 352 683 920 463 20 184 35
573 567 456 954 299 189 597 283
810 251 956 157 755 337 565 813
589 772 285 169 937 859 44 298
400 693 699 736 275 385 187 749
780 193 371 198 498 515 93 162
152 676 594 810 188 530 231 589
765 140 679 9 393 647 991 78
400 209 819 302 592 915 642 851
722 966 241 167 145 306 40 829
726 779 482 855 350 476 623 152
603 118 304 791 848 799 465 888
717 218 205 694 329 835 144 459
766 470 146 822 509 132 796 660
438 320 552 848 584 630 73 859
259 519 539 782 824 241 314 998
570 925 144 418 963 675 571 491
471 958 397 326 39 139 36 653
29 205 753 555 256 576 593 144
701 212 954 315 816 506 702 294
357 967 914 501 428 332 180 189
642 855 479 41 150 248 603 379
297 421 99 214 386 937 401 297
388 491 22 139 134 612 939 174
665 715 232 662 745 787 924 628
36 836 749 717 857 301 653 160
850 492 492 338 989 375 657 575
168 135 964 573 422 944 303 254
825 643 370 692 710 117 462 198
482 661 166 814 994 261 319 920
34 800 242 829 609 127 645 638
506 73 94 494 381 601 145 89
383 352 601 491 405 759 634 703
444 427 106 58 636 101 94 558
758 308 883 571 629 557 381 97
571 659 413 513 864 399 36 487
459 848 632 806 486 65 214 374
168 671 979 48 384 336 186 406
496 147 648 620 831 293 419 797
562 876 609 846 964 631 313 72
901 360 785 979 608 571 541 398
408 677 446 248 160 591 12 681
126 865 364 413 157 404 645 221
965 732 479 507 600 696 83 584
217 272 91 892 144 130 439 744
644 152 957 753 59 808 94 448
454 493 244 477 387 449 665 161
628 554 426 724 176 619 382 504
328 26 891 513 10 325 736 166
234 416 471 737 207 524 406 332
66 33 728 167 775 534 478 904
540 139 2 495 793 415 772 52
699 15 744 817 532 617 246 581
636 142 418 248 806 212 970 393
202 779 489 165 362 442 883 6
612 248 9 361 83 111 801 95
786 570 300 48 245 514 987 175
688 478 694 305 628 173 623 846
735 680 211 151 739 289 927 146
528 228 478 934 543 35 42 537
464 753 488 354 11 560 609 251
899 750 191 766 785 74 831 971
359 904 358 342 849 682 525 227
523 216 135 828 996 686 974 755
262 943 894 986 289 62 136 867
967 793 603 934 183 405 896 566
670 580 10 867 403 250 886 765
488 225 564 761 180 984 436 113
528 136 256 428 808 833 833 683
233 195 5 618 617 574 233 809
246 491 709 510 996 344 66 616
282 253 781 60 231 140 872 810
508 698 995 634 53 741 487 864
709 103 253 941 908 781 614 447
581 155 780 815 759 66 960 607
972 802 171 183 209 568 673 557
204 869 454 320 738 611 984 402
809 551 359 789 257 481 147 84
327 837 379 858 132 901 545 52
738 682 4 777 204 957 565 281
591 295 706 989 367 244 729 332
779 381 303 835 241 630 971 124
200 317 833 781 948 232 806 514
356 355 609 574 86 508 977 891
627 184 533 261 224 208 574 224
519 567 33 388 185 976 909 426
887 587 4 741 360 393 67 799
142 579 653 213 457 570 274 343
221 856 393 612 826 927 869 51
430 303 429 893 626 145 901 746
834 83 227 29 827 9 301 79
744 450 288 166 738 639 901 837
507 720 979 655 312 805 431 561
630 67 381 416 973 545 381 926
700 949 135 100 492 189 705 884
487 714 799 693 477 284 228 508
394 997 263 846 626 793 566 601
297 676 633 0 156 475 819 771
989 93 207 653 119 802 654 4
826 337 800 469 312 215 132 913
567 785 497 13 876 299 498 436
654 692 185 251 691 70 512 31
45 148 143 519 873 478 322 769
931 512 713 345 169 525 178 964
386 905 780 996 339 908 217 525
53 556 990 826 923 635 943 881
163 336 703 49 714 314 756 966
76 583 824 875 728 353 649 282
580 272 265 767 527 259 943 900
57 899 6 595 313 986 728 811
544 310 189 730 86 829 775 706
977 449 573 12 823 493 771 693
41 955 127 640 917 286 86 882
14 651 476 127 365 545 917 791
377 660 315 361 280 315 536 912
32 169 323 704 296 768 190 655
741 497 865 299 254 326 535 136
883 385 562 432 669 936 170 38
856 704 22 644 417 19 374 699
431 454 886 287 94 611 234 732
226 166 90 923 807 743 55 607
162 164 537 127 444 775 112 437
940 375 815 30 181 349 892 812
706 518 239 239 271 65 7 30
951 583 452 691 817 226 623 691
647 307 510 245 130 870 507 870
230 340 895 287 824 96 406 655
762 588 15 807 295 156 156 88
417 649 983 417 124 86 734 522
89 132 935 892 635 588 187 203
92 32 422 68 635 289 581 671
271 320 492 50 342 99 768 678
356 929 998 44 896 21 312 810
161 702 249 999 418 749 208 199
974 516 158 619 198 796 460 355
193 917 152 674 630 820 134 418
334 792 663 946 541 347 478 834
776 685 805 664 954 794 562 443
232 723 759 937 432 412 286 6
838 927 444 248 718 908 236 420
561 931 210 480 784 185 933 273
556 996 311 636 138 636 380 70
591 942 117 733 228 865 708 837
656 982 115 973 340 755 641 391
869 817 301 94 570 598 768 35
599 376 459 412 778 334 656 854
385 678 368 696 626 37 686 163
643 252 581 850 756 199 561 836
438 1000 382 633 47 57 725 130
10 60 508 264 168 462 803 120
371 857 179 749 652 513 375 458
182 725 114 257 889 651 352 82
658 174 366 484 780 453 518 923
995 284 767 496 728 130 399 427
726 411 177 662 130 57 672 743
740 526 637 368 261 599 462 440
509 510 553 290 458 807 863 821
65 638 529 822 584 456 646 580
471 662 363 697 704 21 442 731
339 363 355 153 509 474 744 141
774 918 571 164 25 827 647 275
261 272 382 872 145 555 316 411
408 531 559 902 965 969 49 939
382 554 334 686 942 95 289 540
13 903 952 805 279 560 418 307
611 551 669 747 484 72 20 102
517 446 985 370 607 515 999 634
385 513 435 352 893 149 675 695
135 79 445 400 832 72 466 246
933 22 653 145 539 433 114 434
626 580 670 781 538 781 522 147
531 826 993 401 312 870 49 4
89 16 205 706 857 363 504 335
59 131 120 313 710 678 561 74
137 787 727 906 874 716 958 779
276 727 905 866 925 401 551 153
962 587 425 655 415 765 622 983
950 733 313 1000 144 187 433 360
707 89 284 740 170 87 732 396
143 205 691 644 947 58 6 387
189 877 140 256 978 376 699 372
410 209 938 106 19 365 403 629
949 153 987 645 947 556 837 589
770 1000 815 477 429 807 231 63
743 433 624 35 991 197 733 915
390 288 748 414 219 573 237 68
70 219 929 699 885 968 786 562
98 36 239 515 292 13 113 296
960 658 252 212 663 68 868 739
256 849 298 571 138 250 918 91
409 869 840 901 531 315 14 956
584 606 209 944 385 841 651 938
467 33 454 146 599 812 598 953
957 346 310 176 494 923 847 542
264 197 226 789 813 301 452 853
896 55 155 783 593 242 996 212
397 786 821 198 809 753 164 544
491 791 880 260 282 750 92 56
580 578 243 485 131 424 100 74
506 257 43 864 98 349 738 933
49 488 771 400 386 847 304 413
850 594 527 397 844 36 105 357
172 633 308 181 109 203 184 28
437 375 34 849 332 812 387 597
913 598 705 861 121 68 833 973
285 936 790 886 790 824 492 211
934 577 453 478 672 61 416 544
962 300 61 420 380 180 704 400
466 590 402 515 425 156 437 509
746 502 185 636 785 522 732 449
939 999 180 47 303 506 111 829
171 456 697 19 645 788 651 259
546 951 664 524 325 147 31 87
730 13 876 230 779 108 790 400
949 848 126 688 555 204 945 78
627 865 271 113 103 603 322 597
446 200 70 260 135 267 602 213
937 29 922 198 765 303 238 508
919 169 628 475 62 367 459 487
603 923 332 42 80 775 38 451
163 367 437 192 434 930 360 545
176 561 790 473 308 725 877 537
881 782 613 887 972 97 807 638
501 858 599 230 565 224 163 772
532 855 993 271 340 502 910 82
848 254 560 43 921 44 572 514
533 241 735 984 826 79 184 268
949 293 442 600 435 189 75 832
879 359 867 755 645 833 770 667
254 330 529 836 177 764 400 957
681 895 715 973 999 515 583 133
52 904 684 429 556 517 284 855
218 651 59 517 769 150 47 160
37 576 771 267 221 530 799 208
180 662 583 746 16 265 92 8
585 245 134 718 647 39 809 893
265 62 865 130 526 592 404 515
836 402 747 113 169 247 93 499
394 304 660 586 417 460 427 892
288 134 81 134 278 246 823 659
473 636 964 252 631 842 106 993
517 263 214 423 673 165 142 252
908 472 249 75 751 858 518 530
644 164 255 740 846 148 590 201
934 756 596 299 111 283 890 326
671 724 17 737 980 389 424 150
788 65 945 780 84 326 411 170
441 961 187 161 797 446 569 929
856 759 844 357 39 517 416 414
454 532 873 283 982 939 123 563
961 758 489 771 660 378 637 589
5 43 170 778 142 225 37 62
488 893 219 137 760 726 249 240
225 757 709 843 72 863 29 362
21 905 115 282 245 460 8 270
293 774 8 425 923 941 766 30
489 463 828 42 544 828 788 344
747 61 71 56 344 205 567 246
819 131 871 764 934 900 463 885
235 523 100 200 204 507 0 441
707 274 564 234 967 776 887 932
858 336 308 348 549 642 241 945
627 297 23 315 716 906 879 11
782 518 963 789 6 204 168 635
995 590 937 757 151 862 291 870
401 268 693 486 284 235 993 275
285 227 632 926 409 245 891 187
23 759 453 647 404 442 413 726
823 665 694 375 661 696 262 235
775 295 933 326 65 689 831 446
616 972 96 520 569 583 211 765
139 205 255 905 456 200 162 12
498 707 527 232 13 53 647 514
916 554 616 839 337 837 831 346
151 399 47 154 387 809 102 426
585 84 264 807 710 814 279 561
715 740 733 735 558 8 622 266
514 852 538 535 633 132 246 361
992 962 74 503 422 428 51 735
552 453 259 69 795 893 895 991
216 678 632 572 28 545 524 123
55 355 909 479 448 411 657 875
964 995 914 233 396 75 24 0
454 640 949 28 524 216 176 659
600 587 470 412 874 9 60 188
856 178 136 510 851 499 993 222
384 411 152 268 887 11 99 43
916 396 570 989 665 149 789 521
23 940 621 999 567 961 663 719
842 654 245 900 184 811 709 980
471 853 88 356 905 935 629 947
502 562 801 264 800 130 547 946
463 45 344 629 340 367 151 389
571 686 207 600 77 802 30 324
831 881 719 993 649 863 443 446
344 202 709 853 452 569 350 700
514 513 721 945 219 581 801 635
705 149 826 451 667 158 138 770
96 864 950 756 33 895 131 316
151 231 617 813 905 840 151 899
245 706 425 391 62 943 206 303
314 598 83 330 717 566 83 475
303 747 347 375 131 986 387 967
23 553 631 877 12 524 702 868
922 774 673 266 699 527 723 949
993 265 87 961 195 249 634 185
425 509 419 354 443 255 475 959
967 738 94 989 641 328 107 192
968 906 676 648 447 816 929 182
386 730 924 227 17 530 82 958
445 340 499 326 358 118 270 987
893 760 593 110 912 569 227 307
437 136 327 325 234 928 270 726
368 496 813 858 706 479 376 858
399 865 790 317 684 924 326 303
821 748 812 131 979 690 707 580
489 420 8 998 324 403 3 989
452 339 673 543 110 824 672 832
495 633 221 960 173 439 690 924
63 764 176 710 69 253 761 881
282 576 807 638 379 266 300 185
173 484 159 208 776 458 814 145
218 754 458 736 996 973 202 284
943 864 94 209 333 919 830 11
140 397 755 23 327 846 186 302
842 882 821 185 346 311 710 927
128 95 912 857 375 315 914 559
607 760 311 96 145 979 523 511
327 848 585 368 652 425 281 763
429 118 908 91 942 11 344 605
949 778 445 113 388 946 963 81
895 588 322 640 988 317 834 153
239 248 447 621 759 350 69 223
94 761 779 621 77 69 144 936
83 961 393 548 127 328 7 25
915 432 542 973 826 896 186 458
989 269 470 159 378 833 693 802
727 745 457 948 516 885 417 808
460 925 896 244 855 633 235 704
627 729 374 826 2 819 226 185
810 648 119 851 34 410 999 937
402 968 670 993 553 383 121 868
517 417 634 102 853 24 635 19
411 362 775 65 557 836 680 78
91 868 773 670 975 98 283 158
784 565 115 371 989 52 304 751
361 183 937 769 672 567 383 851
743 488 373 684 373 464 480 46
199 877 299 212 317 934 605 880
736 220 33 771 790 18 566 446
938 297 32 457 83 114 961 383
127 930 7 442 365 80 768 782
640 815 651 720 74 783 148 389
8 593 103 181 622 471 687 406
468 443 947 974 676 543 792 660
693 556 23 712 564 114 114 482
963 889 884 128 513 452 688 532
984 9 885 977 568 472 762 993
536 967 537 256 17 886 295 995
230 909 690 675 852 277 440 372
862 162 670 953 813 540 359 902
660 246 495 781 718 77 643 212
768 638 843 177 421 925 70 592
532 318 758 749 692 111 520 752
927 798 134 483 70 409 880 848
670 971 237 361 117 751 446 895
0 898 943 659 205 679 37 798
854 665 209 917 432 759 403 509
582 99 652 379 772 770 569 213
414 532 539 798 136 526 646 310
477 15 255 916 702 840 910 357
65 756 99 192 362 393 425 301
961 895 617 3 585 402 187 673
254 894 806 878 182 632 866 99
312 690 46 408 91 483 618 749
741 26 978 982 577 204 793 439
709 556 184 439 764 609 916 779
351 482 204 482 487 472 770 683
970 88 329 14 502 641 653 323
230 229 564 276 304 960 994 383
217 172 110 674 822 785 700 915
66 130 721 444 57 990 17 218
780 197 66 830 93 180 875 433
815 732 583 318 631 43 294 573
661 301 513 185 843 477 243 647
73 888 9 814 562 485 789 85
893 31 842 127 898 472 358 348
186 7 539 686 858 898 781 598
439 675 136 399 474 257 479 527
668 51 31 726 450 251 301 847
390 411 656 342 145 145 20 639
701 499 731 136 54 960 927 687
400 791 67 396 290 189 559 173
642 785 892 480 790 945 466 14
101 932 258 930 798 153 459 494
163 342 50 337 805 959 154 633
648 305 498 835 609 595 724 362
840 391 762 652 556 302 223 737
424 946 33 80 660 526 793 240
590 212 0 724 923 598 843 905
463 178 139 204 872 328 440 142
99 416 421 577 124 451 206 617
492 995 308 906 180 474 719 232
880 457 531 151 437 461 510 641
517 969 479 926 913 864 613 299
289 25 307 318 870 632 711 384
897 462 206 509 415 990 361 269
871 986 286 257 368 585 311 197
776 778 691 664 642 510 954 319
221 282 241 887 637 800 715 141
461 676 120 133 861 791 845 553
537 653 412 559 582 309 393 111
13 375 397 511 978 42 258 668
26 900 984 142 649 198 180 295
198 453 760 434 526 777 519 716
811 241 720 951 652 287 731 468
278 41 226 367 29 171 39 405
785 582 344 21 39 290 988 333
18 741 601 137 677 692 993 51
863 230 317 628 743 15 568 892
866 730 25 751 737 617 775 458
11 550 150 621 489 862 791 511
86 758 345 160 603 927 685 156
901 50 65 814 626 71 867 963
415 899 647 29 762 622 288 703
292 133 953 866 333 278 836 171
378 584 243 101 696 398 666 821
689 3 158 100 900 507 795 502
750 989 308 29 388 443 279 622
165 399 32 851 846 730 760 922
278 197 386 429 303 731 235 977
879 404 586 906 732 363 273 867
789 394 502 971 595 266 250 563
636 791 304 294 632 743 878 142
998 286 967 744 575 46 614 773
773 424 3 501 478 864 928 128
556 434 9 196 576 456 709 679
925 849 309 441 624 123 417 91
599 698 580 626 919 975 16 987
870 120 27 33 423 464 719 157
524 397 897 320 181 279 949 386
872 729 466 122 331 955 746 891
872 233 565 849 606 777 161 676
159 361 377 550 880 510 884 537
729 777 803 718 516 634 986 570
921 614 317 933 454 214 787 879
76 886 121 771 84 842 908 790
659 311 199 901 32 535 363 111
694 158 835 401 136 570 145 35
74 42 759 419 643 935 371 291
51 319 934 313 4 580 141 377
920 3 823 89 438 200 31 957
994 224 310 125 410 773 908 578
441 674 23 534 670 755 187 562
325 11 602 416 488 372 143 934
75 973 547 89 931 363 958 427
331 765 908 780 836 476 952 30
627 227 930 220 666 632 812 842
60 577 881 462 836 564 717 615
939 245 60 192 834 983 601 425
900 666 91 268 128 760 508 892
649 751 794 477 148 586 511 999
58 559 901 541 342 923 209 403
536 513 42 564 463 614 904 969
901 894 389 536 820 822 135 737
170 480 667 786 920 211 41 78
642 638 793 964 795 49 67 415
550 546 549 815 306 20 597 587
777 321 661 812 253 414 114 240
653 222 162 71 648 831 218 917
201 731 713 933 633 591 424 258
849 615 412 950 726 430 335 467
191 100 444 806 890 256 37 146
115 466 568 943 735 763 522 506
74 104 849 89 913 890 736 187
188 603 155 500 454 318 495 817
675 681 180 431 42 260 890 526
891 935 198 574 302 273 585 516
419 232 625 549 939 935 910 231
225 402 91 35 7 26 651 373
497 57 653 246 522 44 592 225
308 915 194 211 981 456 306 462
880 33 581 37 793 717 538 408
559 163 85 265 737 661 675 390
664 7 242 369 921 286 727 298
567 579 8 538 181 51 98 239
156 627 145 566 233 428 58 76
906 373 85 778 893 705 762 908
806 823 491 771 562 32 364 220
913 83 779 759 108 107 405 729
434 71 717 718 444 539 213 919
212 986 754 781 599 497 206 213
324 509 493 821 732 679 46 781
796 686 592 603 783 200 166 743
819 122 255 783 297 834 258 377
599 994 308 945 256 538 385 188
735 774 291 647 753 422 481 567
301 871 363 290 778 181 239 86
209 896 751 723 15 987 778 555
494 429 395 887 510 206 470 321
69 653 907 986 388 388 858 610
866 718 67 514 842 961 474 131
520 470 951 980 615 937 139 332
860 378 186 191 559 997 75 508
719 976 673 169 263 351 768 41
925 777 213 811 596 20 672 893
582 477 499 708 913 618 610 836
94 291 816 946 418 91 492 315
595 788 220 68 732 427 991 623
810 753 263 608 507 68 992 709
70 869 637 637 17 725 718 424
181 638 145 898 704 499 66 651
119 917 934 544 155 575 438 478
259 516 599 218 340 643 229 524
72 371 394 876 825 651 73 510
982 430 287 452 912 294 484 340
811 625 494 261 780 566 495 697
585 750 181 181 431 62 530 496
988 535 572 190 933 595 623 723
28 660 451 768 51 259 14 852
666 191 258 67 888 528 776 906
294 574 271 343 51 940 463 684
201 286 397 301 527 905 511 40
403 895 108 482 115 39 971 880
289 460 545 85 670 84 314 553
790 573 203 337 549 519 903 501
744 90 95 749 598 771 725 755
228 935 325 456 176 625 47 251
977 327 336 917 44 229 278 735
349 126 942 866 911 255 314 610
90 760 955 879 636 378 916 975
32 851 642 569 732 800 716 9
146 56 41 854 927 133 562 686
282 750 472 184 265 906 209 847
942 880 208 292 659 31 717 424
348 314 179 136 259 128 222 537
320 655 719 666 23 982 162 52
787 83 553 568 426 583 330 711
340 137 888 31 356 394 620 684
668 394 761 438 336 305 649 448
171 241 228 516 824 195 457 692
310 162 71 645 143 769 653 497
464 222 29 287 484 448 325 334
18 300 36 720 238 526 407 703
567 145 504 719 927 322 315 287
919 509 628 423 665 119 623 1000
906 499 309 49 167 525 474 486
593 567 51 537 897 244 372 164
442 605 614 726 714 311 179 490
937 605 376 371 928 862 453 678
670 148 90 745 994 782 790 427
225 72 181 194 356 365 549 778
285 876 976 870 232 198 896 663
117 15 960 742 538 989 959 381
794 187 443 984 497 86 323 378
192 383 628 474 293 443 878 379
804 430 585 500 411 797 33 33
984 279 404 453 364 880 163 996
147 726 884 192 652 213 696 817
167 342 606 235 642 291 319 187
760 307 373 587 429 41 904 39
581 449 302 101 605 931 815 426
373 185 891 62 153 595 260 128
168 14 262 720 912 102 831 964
953 172 213 166 762 637 858 767
585 14 29 353 637 471 41 37
877 146 984 571 568 774 797 304
723 636 618 671 377 600 286 703
314 898 518 735 114 934 726 45
728 334 118 506 966 470 825 230
752 646 447 294 827 636 30 814
338 907 900 512 67 411 102 789
83 859 43 751 647 687 285 347
568 931 944 915 334 966 892 656
61 603 248 639 234 112 374 619
720 383 29 676 485 563 724 634
299 145 782 43 256 345 415 325
370 434 116 706 28 977 318 647
607 259 96 942 544 555 981 164
482 442 254 588 597 552 141 303
101 417 194 426 275 76 508 59
673 133 899 354 445 11 497 459
797 355 360 528 522 919 629 551
498 57 622 373 298 66 269 162
949 84 62 856 594 460 757 604
977 627 970 615 95 444 186 69
127 634 26 434 738 195 332 303
583 287 973 837 489 34 65 660
139 24 276 460 623 829 132 647
89 925 630 677 315 802 758 203
733 571 359 827 557 828 390 25
98 414 382 890 519 731 780 839
370 743 322 50 901 92 406 145
246 850 983 826 365 323 829 548
742 710 511 540 180 856 715 608
37 424 836 567 908 597 303 253
81 37 701 855 706 714 333 370
30 125 307 376 641 508 53 211
500 285 37 62 612 755 159 680
762 991 325 235 481 103 560 940
217 756 308 752 91 221 505 191
590 482 225 448 450 521 218 949
386 854 195 995 918 591 860 148
756 343 563 224 500 427 865 862
784 137 291 67 809 664 756 128
861 901 648 897 821 69 104 215
933 649 550 766 256 331 86 949
20 785 386 237 138 389 516 264
747 338 283 198 705 931 4 56
666 879 501 968 291 452 805 786
345 696 602 381 605 581 100 715
909 204 409 292 236 756 507 79
741 832 820 349 462 575 558 300
724 947 976 274 427 191 865 705
721 974 869 515 201 698 640 865
415 516 279 975 180 284 918 886
518 624 867 152 392 952 882 869
622 337 511 294 742 268 288 206
166 586 315 172 2 351 270 636
131 340 117 381 223 839 983 875
233 419 927 717 424 208 301 196
921 696 848 368 786 434 306 504
143 516 235 417 400 916 866 214
780 197 404 380 516 54 657 536
132 754 514 254 663 284 846 709
992 613 611 144 446 619 453 52
729 39 101 35 781 398 298 80
958 181 99 226 124 136 458 761
875 702 366 188 400 315 632 302
42 129 59 963 970 378 498 183
977 311 698 364 393 432 808 32
111 134 32 804 87 764 615 135
441 533 206 272 323 263 315 602
484 666 567 739 550 325 489 356
937 790 118 282 420 725 79 146
196 503 220 157 407 219 990 941
491 589 179 65 367 14 318 999
687 672 920 778 504 965 32 588
727 84 613 123 406 753 848 920
304 358 441 629 952 422 289 805
412 82 741 625 895 942 368 796
288 454 131 48 440 256 760 566
452 571 356 947 203 148 960 562
235 406 681 82 839 81 511 228
945 752 156 485 351 952 246 64
192 663 733 274 402 271 422 415
746 529 395 290 818 747 165 886
731 734 960 685 678 896 19 206
19 910 150 277 40 999 313 101
986 625 613 791 260 291 771 300
684 122 519 808 72 134 621 157
652 576 671 523 679 393 355 369
587 456 482 963 958 170 810 297
813 207 84 941 764 56 29 2
393 299 494 713 362 304 887 29
463 738 317 171 129 721 888 48
899 901 583 192 589 456 41 368
687 223 411 563 211 624 944 251
347 784 92 929 741 675 802 410
321 430 147 96 574 163 312 436
779 996 148 932 159 911 154 853
858 513 49 544 53 963 661 975
980 414 544 892 325 440 62 544
1000 750 343 840 176 586 34 955
988 745 38 271 514 649 562 621
505 541 793 174 192 309 718 339
920 763 278 422 118 409 194 899
531 603 146 240 86 258 534 531
549 744 928 345 383 613 485 608
286 686 72 437 48 757 342 136
988 626 971 611 582 211 460 896
873 159 435 261 201 714 169 566
796 931 714 346 387 585 398 560
430 45 336 114 206 46 908 245
949 144 397 421 271 52 851 972
173 742 820 571 65 621 175 466
782 271 19 607 952 582 357 275
151 970 193 450 726 547 219 750
249 806 902 315 739 465 843 262
105 356 203 369 856 782 173 542
573 396 21 783 223 630 601 812
799 225 299 50 342 730 131 107
336 947 694 526 178 574 169 443
977 393 927 4 251 923 130 961
480 374 613 931 619 80 127 583
180 867 118 781 886 324 594 585
116 580 545 135 247 676 446 276
621 72 521 296 91 995 195 179
514 842 390 824 155 417 873 104
902 426 238 885 201 127 275 456
854 368 337 495 955 27 962 80
534 210 607 535 789 351 326 641
980 868 213 444 285 706 828 704
92 8 631 345 683 906 750 406
189 818 810 357 792 670 869 794
371 861 86 632 451 631 620 638
490 634 158 537 29 787 654 56
484 211 810 301 157 921 827 563
614 688 506 865 37 732 72 302
127 963 578 741 389 618 58 155
429 447 338 416 595 865 585 316
529 14 742 553 449 438 197 938
589 746 817 691 805 307 128 808
271 841 697 477 395 345 826 998
378 537 542 621 226 818 989 897
43 870 254 960 127 853 787 344
174 35 429 311 310 734 567 703
549 174 968 885 376 721 65 363
483 684 624 143 299 192 499 648
695 716 631 413 305 332 272 772
344 864 657 34 773 246 559 727
598 677 625 995 578 936 806 220
70 60 962 776 598 285 761 401
539 861 116 507 709 275 361 759
151 732 578 28 136 112 55 304
108 323 941 579 532 421 174 839
130 813 681 212 309 583 703 795
736 480 244 835 871 436 864 3
348 678 396 46 225 614 770 347
683 758 684 528 25 215 222 249
886 555 55 412 76 480 663 876
119 500 652 108 851 334 104 877
122 42 26 569 377 627 383 573
282 864 974 431 628 372 447 85
676 558 571 73 13 722 14 576
663 151 159 270 269 476 590 594
405 603 899 794 782 121 205 740
168 810 672 186 547 415 843 28
125 506 97 226 912 952 789 286
725 596 99 601 886 582 357 99
191 871 594 815 468 969 322 488
419 311 605 83 763 920 748 918
924 586 658 786 521 687 430 808
35 448 185 88 310 641 642 636
488 334 172 771 245 609 394 492
932 63 781 547 145 68 505 921
293 49 110 846 625 729 507 343
114 740 619 495 633 36 37 411
67 745 821 610 68 965 966 172
435 774 950 117 496 235 661 418
530 158 639 757 299 650 937 94
934 754 868 812 623 865 856 394
354 518 36 109 295 13 414 902
306 301 877 208 579 398 955 831
631 614 159 96 736 903 528 313
385 233 683 614 175 345 582 121
526 14 785 550 798 142 889 603
203 811 578 72 422 795 832 915
647 125 758 461 187 466 544 756
631 301 616 281 993 502 895 369
37 799 239 271 585 319 370 790
108 704 670 687 961 951 906 954
617 469 773 160 331 696 470 771
474 950 843 332 491 534 447 502
280 405 740 634 515 924 863 182
256 603 685 504 36 641 167 250
699 239 396 932 526 389 470 312
685 857 882 618 577 490 570 428
998 792 7 669 779 3 442 29
391 679 0 872 481 526 57 201
771 287 600 925 830 851 931 199
249 924 660 470 114 105 757 61
186 42 206 287 76 920 156 781
968 382 608 644 725 55 559 66
56 289 742 468 910 258 776 399
819 540 723 209 280 9 423 42
400 760 581 145 241 360 673 450
161 327 633 658 734 156 52 715
294 419 359 328 175 502 911 388
595 802 937 971 900 779 83 703
162 556 28 762 396 177 418 804
833 784 338 242 830 905 281 219
531 580 69 372 886 256 366 462
635 735 911 215 446 80 933 79
135 10 276 753 105 287 968 110
522 353 484 326 480 363 57 198
422 91 610 543 176 962 937 396
731 206 308 620 881 326 579 704
709 133 989 805 914 136 742 679
639 719 225 346 947 914 789 844
831 90 899 619 117 151 19 41
699 290 214 868 125 524 651 810
383 64 239 880 281 629 482 224
62 912 594 279 147 862 372 232
788 353 485 854 863 371 229 295
481 500 118 589 156 909 611 299
426 412 393 802 212 941 722 27
588 530 453 694 947 756 204 924
988 711 335 649 304 445 886 739
776 103 795 533 170 295 215 524
723 82 731 841 220 392 601 813
279 241 367 361 521 783 334 254
417 134 513 513 776 114 109 702
322 521 645 81 625 102 682 563
887 307 780 716 712 58 779 671
301 324 696 84 811 909 789 145
115 98 362 195 117 459 899 355
561 265 377 562 709 511 700 475
111 88 12 52 818 246 252 359
527 838 354 738 230 221 222 900
128 208 947 383 545 870 700 277
991 811 80 499 856 904 571 592
757 29 984 509 477 684 149 510
950 329 540 60 768 432 524 226
478 395 309 342 755 467 738 561
420 808 107 986 603 194 553 743
493 726 993 745 367 533 540 416
953 822 714 851 95 966 408 426
252 440 946 567 584 939 190 267
176 246 267 463 759 671 338 765
121 685 850 681 308 700 333 446
247 204 460 237 540 45 701 958
673 44 997 326 62 252 178 247
576 749 667 937 449 66 67 25
189 217 270 779 818 134 944 579
391 180 969 873 52 386 422 450
337 568 435 368 436 796 282 733
543 143 365 829 627 674 867 703
745 860 499 429 815 699 507 919
564 436 229 926 315 709 267 313
843 709 223 962 112 652 853 140
248 700 126 89 81 295 713 94
517 4 306 699 950 145 993 323
413 547 229 858 855 162 821 641
799 530 346 164 603 359 225 268
869 344 142 913 325 816 120 611
850 286 454 176 221 108 649 305
583 122 218 606 219 628 365 272
267 75 977 573 165 151 805 356
93 44 336 310 176 843 819 214
90 344 635 215 171 124 382 458
129 679 453 949 446 563 165 541
467 423 468 735 348 356 215 87
854 912 161 975 652 391 309 824
576 319 283 11 911 568 426 955
282 573 369 824 289 245 235 415
914 99 830 128 134 501 471 678
746 406 968 14 464 335 10 390
531 543 598 247 459 903 890 675
577 842 255 622 107 185 726 109
101 540 507 840 18 156 222 954
250 81 603 995 137 595 168 868
581 419 740 553 695 103 645 815
449 570 232 741 563 775 698 831
904 745 966 158 904 693 661 97
836 597 269 944 347 645 291 57
372 595 160 800 196 312 66 988
906 98 107 84 727 357 970 409
107 919 322 402 657 961 786 547
80 724 16 524 153 992 253 423
339 721 13 454 925 171 165 136
576 311 889 300 57 290 415 611
531 631 269 222 51 105 535 156
830 282 356 490 325 757 827 549
943 258 959 975 402 628 568 153
864 403 883 583 151 600 979 770
282 490 524 662 17 82 913 377
243 782 445 977 699 814 174 258
160 607 220 656 342 959 282 97
644 232 779 748 256 69 80 146
141 535 390 122 411 998 968 1000
674 542 35 750 367 634 242 283
68 54 833 764 677 958 126 70
843 312 80 341 32 219 328 553
171 444 161 145 305 193 427 677
356 6 782 901 964 622 159 289
169 590 440 316 326 372 471 790
74 461 703 26 290 99 379 622
17 869 393 377 343 887 555 284
523 6 568 59 626 716 491 135
515 872 744 263 349 521 127 718
716 904 142 148 209 122 17 610
640 695 660 595 816 36 312 702
995 336 333 27 891 508 722 656
303 701 784 80 391 571 190 61
374 846 370 137 155 957 774 535
86 754 409 996 961 616 442 522
401 726 37 806 372 808 649 324
535 829 810 517 159 723 88 896
293 901 647 611 470 342 566 544
403 806 405 518 197 897 468 671
367 588 697 812 264 256 36 473
886 77 264 673 109 42 992 736
209 456 144 249 339 88 115 285
127 65 493 181 785 646 681 449
149 865 481 55 922 429 670 928
765 376 245 441 701 127 982 84
802 452 599 864 909 592 326 241
846 722 959 432 327 554 832 688
376 816 629 224 145 185 871 19
798 429 152 983 763 507 707 413
726 2 231 626 195 895 916 964
40 374 702 831 218 304 939 661
891 211 341 115 303 197 361 233
921 520 912 658 211 119 979 843
749 277 100 152 153 504 213 912
829 233 465 989 269 151 110 598
528 208 738 280 468 163 897 559
65 46 396 319 8 924 468 952
359 310 397 244 916 125 445 898
180 519 528 521 88 480 795 667
679 909 433 709 390 608 689 759
764 663 556 577 107 146 242 902
101 921 466 88 976 869 500 465
850 203 838 514 182 316 826 360
933 798 29 233 648 240 686 938
23 235 62 974 116 346 741 428
734 188 676 100 437 523 887 607
201 999 415 26 936 230 210 152
805 824 154 867 501 469 352 633
936 637 460 600 712 386 843 212
595 92 531 48 667 343 461 790
382 187 157 2 401 320 727 485
987 120 844 594 495 888 805 952
716 96 253 21 356 826 309 970
369 844 632 246 230 493 26 454
27 238 147 818 357 543 522 421
765 616 972 167 35 186 440 253
385 980 160 286 127 659 750 168
420 505 98 429 96 848 362 853
609 472 629 882 639 52 733 680
369 781 151 741 741 958 680 321
516 61 813 711 614 550 448 205
545 999 866 284 106 95 399 108
147 780 950 786 211 823 716 270
989 798 62 853 853 102 840 22
374 726 349 559 183 727 532 932
750 677 126 294 128 70 838 636
841 40 194 697 806 575 451 246
584 211 143 552 12 336 227 591
809 625 200 420 975 821 573 181
897 962 739 957 111 109 251 641
208 557 596 312 364 693 765 711
32 823 897 640 825 759 175 207
952 951 702 854 342 362 926 111
617 811 586 981 647 536 296 396
675 11 232 614 32 502 213 697
840 109 320 290 699 322 457 90
743 123 431 104 996 791 335 958
338 886 809 530 455 954 943 497
278 35 319 428 61 652 741 447
193 77 527 809 662 357 172 373
357 287 187 694 699 81 928 190
558 159 14 340 476 92 738 754
27 452 780 919 237 878 695 682
894 228 844 52 932 954 952 100
714 619 261 139 196 518 472 797
340 361 599 535 620 11 187 349
663 928 325 915 780 845 563 900
353 938 857 19 630 633 778 781
54 126 409 617 913 68 651 37
16 75 114 269 615 579 19 990
852 650 156 670 168 26 741 728
446 933 476 21 154 541 815 490
75 218 217 186 78 38 6 43
918 398 683 92 563 61 457 7
53 870 153 826 138 873 989 369
532 700 827 288 272 113 455 665
3 232 287 828 331 502 829 834
895 652 486 906 57 972 239 970
968 824 299 565 379 934 80 291
77 801 983 40 197 404 650 256
163 703 555 491 298 26 888 818
882 305 976 187 818 352 202 588
25 830 782 77 132 494 251 527
889 788 544 230 896 604 250 696
666 340 151 670 41 933 59 70
847 798 433 553 405 943 230 597
941 28 746 583 813 201 407 963
527 37 516 900 573 764 468 13
157 611 31 450 81 920 459 475
904 177 850 541 452 310 251 985
974 915 251 493 691 729 68 763
123 411 786 838 931 959 659 799
821 70 625 625 765 509 340 556
537 460 21 310 317 104 966 304
804 299 30 738 54 935 70 483
616 254 384 830 704 67 656 79
64 430 514 519 542 91 57 427
76 339 829 541 779 51 843 443
530 312 347 432 203 475 178 787
632 287 87 448 66 910 644 271
450 609 443 551 604 55 112 69
375 418 593 486 799 93 71 857
18 308 29 771 996 224 780 965
740 533 901 34 998 751 181 85
66 307 288 699 20 349 446 141
924 382 658 998 245 147 191 268
697 281 197 968 534 932 540 624
839 3 106 658 891 623 696 414
613 64 678 151 403 229 382 802
405 482 838 176 926 436 783 780
822 666 392 640 767 759 174 530
994 638 923 563 542 119 675 709
935 540 458 981 659 879 500 191
769 148 695 703 469 884 998 896
432 709 447 382 891 389 968 591
262 130 729 201 575 844 174 210
25 291 452 15 603 502 825 193
698 782 282 446 81 863 791 218
778 389 480 692 301 111 509 968
387 394 882 442 834 806 148 257
183 171 323 993 653 140 737 406
594 731 589 43 316 780 192 672
184 140 17 508 985 932 121 463
249 254 425 797 863 64 395 575
891 365 545 239 452 88 915 893
713 132 134 64 347 906 976 73
425 249 149 106 920 759 189 697
300 720 583 986 110 41 638 51
237 841 463 355 46 297 261 258
734 768 448 615 368 824 362 588
273 286 155 824 741 303 918 779
659 469 350 784 479 828 511 239
762 228 715 824 27 744 431 688
544 165 956 979 767 179 985 268
782 798 798 806 77 802 293 855
304 58 9 872 530 603 878 110
85 893 452 209 124 929 576 2
85 14 759 116 207 353 351 161
760 738 142 571 981 267 114 558
809 627 262 692 746 669 555 972
785 242 604 408 10 390 704 429
288 739 363 153 995 573 812 996
535 800 98 354 839 980 621 863
49 270 482 177 530 984 805 332
114 960 522 245 911 553 329 898
38 915 508 822 665 846 512 897
813 794 597 800 420 102 105 426
851 498 689 646 490 215 594 943
610 155 771 134 981 937 929 329
473 782 908 860 591 231 575 471
843 690 515 828 132 445 142 340
261 751 513 880 412 18 624 675
895 965 889 542 952 143 161 713
518 128 981 381 858 631 744 1
484 296 344 910 247 890 581 467
224 271 844 766 753 545 832 42
925 907 814 296 856 745 673 64
613 859 835 901 845 281 444 912
658 407 472 428 290 903 472 176
489 987 905 953 860 587 768 441
17 421 665 634 914 324 389 48
962 267 70 190 870 854 796 967
280 919 405 50 93 966 999 866
843 583 901 68 466 91 944 850
540 502 109 518 712 870 858 86
356 452 327 538 11 740 515 191
709 8 402 511 776 496 678 369
973 162 732 152 169 676 455 376
373 58 5 727 610 491 355 727
481 798 882 332 621 57 802 858
584 313 336 83 162 88 520 494
862 561 419 223 54 790 358 275
98 760 644 93 553 291 79 697
983 68 478 849 253 933 229 855
389 224 742 168 868 97 639 936
55 947 465 291 343 236 664 5
56 960 683 355 877 992 27 948
869 44 612 554 179 902 63 740
707 755 924 627 603 461 773 250
509 831 3 335 415 286 163 701
251 855 304 840 493 84 209 703
471 781 169 180 235 202 327 321
492 205 380 162 984 482 491 579
73 460 656 618 900 195 147 229
755 161 917 653 346 193 607 371
329 403 551 403 602 802 50 297
52 176 56 183 640 351 292 498
979 797 905 1000 664 412 702 903
888 969 599 897 408 994 38 713
891 206 518 139 541 337 395 556
35 621 138 103 709 412 982 271
530 326 899 971 136 28 649 197
561 118 710 412 335 465 339 651
31 460 4 62 781 285 881 709
201 504 515 500 213 983 227 321
381 832 185 351 101 787 408 707
941 32 627 477 680 785 762 509
857 178 845 825 731 625 214 361
678 103 559 936 73 414 956 320
278 386 782 300 166 830 550 335
64 640 994 423 809 349 660 201
114 747 562 554 144 423 848 388
915 760 550 965 444 202 776 682
607 912 670 113 922 312 261 614
675 182 275 989 990 757 575 380
507 388 916 376 723 965 178 208
836 439 939 112 591 65 447 176
952 685 15 975 45 63 337 103
441 413 281 372 755 207 413 735
728 92 36 705 279 280 618 71
924 201 791 660 964 352 256 689
396 777 18 843 634 573 570 456
910 734 937 411 306 385 205 688
446 176 426 265 886 474 515 669
521 460 128 188 118 41 707 333
35 136 428 634 141 26 826 50
197 695 2 571 983 416 918 784
388 898 633 443 944 603 325 570
722 866 538 315 482 200 506 435
956 858 454 881 120 693 954 387
128 888 313 132 604 444 481 37
926 830 632 204 984 991 571 196
75 308 609 510 119 836 822 897
304 949 336 132 563 253 217 967
883 630 68 947 272 815 510 184
777 135 694 889 835 711 597 495
268 481 870 821 755 239 350 533
468 847 841 136 812 240 216 112
630 579 252 874 409 950 36 235
479 904 25 238 99 568 922 44
547 650 332 755 50 14 549 218
967 276 444 394 654 440 883 640
201 104 975 352 723 286 651 640
694 841 645 507 660 399 199 864
140 807 835 329 656 645 553 762
123 783 458 818 693 706 403 852
332 6 524 434 806 785 259 220
847 135 452 1 51 181 795 154
669 275 128 374 981 496 106 708
453 977 93 448 400 542 896 41
582 777 720 972 498 975 367 636
481 557 654 20 828 273 222 830
264 271 785 857 639 541 95 243
884 508 382 862 201 1 266 356
998 4 336 927 864 680 67 274
162 424 46 137 237 381 944 376
227 206 191 234 651 85 374 983
773 786 236 166 592 6 731 457
681 899 719 976 516 256 525 241
574 267 697 549 664 266 595 433
612 62 931 967 117 87 686 412
759 288 596 805 742 728 355 555
920 691 441 63 185 272 307 452
14 866 864 504 596 741 454 848
515 302 974 204 409 482 445 633
751 663 887 456 23 306 616 12
105 409 136 191 894 633 193 776
479 787 630 997 660 653 920 705
858 246 645 324 457 632 86 470
896 454 871 957 59 77 900 682
761 930 339 916 207 228 678 677
644 230 67 222 276 681 921 349
339 619 617 159 989 986 11 883
831 878 778 399 150 19 903 81
570 965 180 398 194 244 121 956
315 516 967 50 554 165 973 997
284 500 465 355 755 635 98 972
357 146 821 331 542 495 884 278
641 722 434 783 500 76 742 664
876 837 535 697 609 63 245 297
956 857 351 379 315 852 798 677
854 172 153 547 964 509 321 215
177 30 774 470 838 118 991 5
22 973 281 562 661 909 879 369
80 902 475 972 84 182 575 913
348 204 734 492 18 931 98 416
822 160 183 563 984 400 647 136
36 34 45 508 682 54 903 216
542 659 722 451 205 522 63 341
833 276 636 6 154 707 995 309
659 168 761 317 574 38 9 338
746 350 175 781 705 809 75 474
321 145 846 0 431 748 658 398
534 33 169 417 386 865 511 210
53 527 683 410 193 23 226 907
343 308 859 402 869 5 690 204
959 680 540 944 206 925 611 904
113 389 801 491 745 906 442 164
669 805 291 707 484 370 93 796
177 586 462 459 501 653 156 216
795 767 50 288 636 798 79 861
223 635 321 326 615 667 302 635
386 926 587 636 134 301 33 734
458 715 107 138 60 44 878 248
749 238 485 46 722 216 462 124
912 257 630 867 325 72 447 918
64 977 412 871 485 207 88 839
569 51 131 358 847 314 639 405
26 472 247 619 411 691 383 54
833 661 662 542 371 481 456 384
92 537 703 372 540 339 587 570
135 974 437 304 513 465 516 510
679 939 868 669 69 458 561 666
800 26 829 140 913 472 443 964
23 164 612 43 900 537 619 966
106 420 900 262 137 63 744 258
370 578 343 911 530 777 427 481
195 676 667 457 197 211 151 897
328 677 383 823 3 162 794 423
603 452 590 305 79 848 740 748
904 663 792 939 331 323 322 984
188 877 485 439 237 29 839 721
116 840 91 995 473 491 786 161
172 854 402 426 319 896 749 155
49 421 435 46 56 287 683 734
357 906 7 383 744 917 624 362
496 713 622 443 634 266 314 850
971 533 421 526 346 894 361 766
985 425 819 153 343 764 79 830
178 410 149 795 642 575 629 69
428 779 657 775 136 591 40 835
233 116 20 11 377 542 801 661
95 399 154 434 124 305 833 722
929 21 115 720 824 34 381 746
506 339 156 575 296 837 72 477
533 963 538 10 625 920 657 501
904 286 753 511 47 99 304 958
461 817 360 133 414 885 549 881
102 467 7 365 791 396 200 895
130 659 456 899 980 119 84 333
627 521 286 843 578 907 316 518
222 556 900 17 27 335 128 121
610 861 852 674 697 167 334 175
81 785 268 961 168 797 360 464
901 213 824 399 55 174 881 762
630 121 239 645 7 21 707 422
760 953 831 620 225 703 20 569
441 45 182 493 608 686 37 262
126 252 355 611 640 429 560 856
374 712 231 769 7 480 727 710
653 633 295 740 197 21 23 142
894 128 425 609 16 715 33 860
699 165 166 648 822 528 732 501
789 21 349 459 736 992 451 955
242 58 528 951 922 139 456 131
798 215 859 357 542 806 500 803
525 917 332 687 272 542 785 27
642 744 105 958 223 293 918 678
537 776 999 680 132 391 988 762
718 141 968 740 677 529 106 883
183 721 339 432 219 313 671 582
786 334 233 967 38 422 745 107
825 583 332 808 538 206 431 226
417 722 76 586 742 655 792 773
521 883 201 689 705 557 688 974
267 366 360 982 571 99 924 171
301 267 456 246 299 919 912 791
336 607 818 411 97 476 794 334
913 845 742 92 464 898 705 84
632 653 196 468 325 457 611 0
541 714 638 599 850 872 52 234
994 42 896 172 302 751 964 136
130 306 119 645 124 504 789 626
440 260 774 459 78 837 826 133
235 469 640 519 3 935 567 469
412 705 273 396 235 494 985 941
712 734 989 498 855 501 301 116
194 56 925 382 401 291 250 465
656 173 158 396 89 300 187 4
75 143 2 439 651 899 4 245
528 817 317 31 991 842 662 627
503 526 90 655 687 185 864 391
255 443 448 510 325 667 570 789
76 108 807 962 81 804 899 89
180 117 547 734 448 658 374 75
942 614 360 481 336 6 17 340
373 293 81 843 266 843 711 233
887 384 716 812 217 655 660 226
322 136 757 323 855 23 366 558
268 730 959 695 287 152 784 621
149 611 799 885 591 38 545 879
202 428 294 807 823 186 932 823
467 631 779 2 205 287 861 698
560 487 175 427 783 157 81 354
611 443 853 740 357 476 888 378
536 235 50 181 367 777 701 821
684 432 529 150 418 10 746 290
662 641 485 867 273 911 372 651
486 237 870 48 32 295 976 793
630 863 402 669 521 710 279 997
623 42 945 782 568 879 67 47
711 387 103 725 499 983 552 945
923 738 337 934 603 566 710 518
930 622 668 281 776 920 973 129
77 8 447 586 514 101 1000 11
42 193 743 33 43 514 321 787
511 580 637 200 849 400 318 602
604 305 135 829 240 52 872 44
33 764 667 642 297 417 333 111
64 233 795 562 301 821 157 149
692 752 951 603 756 896 891 397
392 95 494 448 143 989 504 957
480 815 165 574 908 686 559 956
822 972 304 183 638 863 1000 264
806 356 6 361 530 65 520 419
15 326 308 93 999 33 580 872
479 984 844 928 156 429 94 691
949 354 689 423 334 412 587 543
677 928 841 697 867 551 749 648
1 260 329 29 293 546 142 590
15 124 90 54 164 773 657 425
783 689 358 733 85 56 102 457
895 167 806 776 876 127 422 217
300 276 990 696 775 556 413 178
918 267 37 455 424 1000 108 231
716 981 984 47 627 121 407 441
969 401 347 977 753 650 179 411
633 558 39 301 410 47 78 307
148 811 155 462 264 593 389 393
633 620 966 248 101 941 133 578
738 271 545 380 459 375 579 360
788 49 891 184 711 877 478 271
251 992 599 157 726 884 388 264
233 6 245 261 696 797 836 785
50 591 815 249 56 213 245 847
393 709 815 523 414 56 876 873
323 420 630 674 131 923 941 790
223 232 362 452 293 136 223 358
996 376 623 326 260 22 436 666
876 22 568 270 874 284 632 138
706 90 742 271 269 981 911 855
508 541 490 609 738 600 979 868
397 936 762 7 444 119 952 643
448 580 955 759 644 719 742 492
531 918 168 494 891 824 91 887
513 996 250 33 233 15 62 357
410 1000 359 239 250 848 106 634
975 642 514 997 249 616 321 435
495 724 481 309 444 849 63 608
269 153 203 462 964 562 135 333
287 415 845 646 569 707 428 701
93 823 904 689 6 211 679 418
254 631 315 663 486 651 140 731
21 751 656 163 736 48 242 507
874 335 645 908 89 593 846 265
551 297 101 564 401 489 736 372
397 533 49 116 690 264 925 36
285 427 163 653 889 919 78 52
376 697 457 836 43 745 804 826
237 340 228 389 243 59 765 288
388 177 743 579 583 499 232 112
377 476 108 652 547 355 574 484
991 995 64 369 170 386 82 384
216 25 500 884 523 552 205 628
599 346 707 603 234 176 130 323
634 821 831 17 289 209 13 101
988 435 298 535 663 697 819 615
310 569 527 284 811 288 270 9
945 689 39 712 813 360 948 977
386 946 492 687 376 447 965 979
330 954 650 119 803 779 6 693
847 877 498 282 923 907 623 170
315 635 328 666 883 747 977 831
871 48 799 726 629 29 366 860
903 279 109 48 800 757 266 49
138 311 452 906 332 492 354 835
705 4 851 395 223 212 308 852
105 808 598 282 690 569 270 136
293 908 65 1000 304 336 245 360
951 8 281 102 933 735 436 2
334 713 983 252 318 354 249 60
505 1 123 893 239 807 651 248
10 845 910 356 832 178 387 694
799 838 638 566 621 204 466 446
706 115 588 579 207 489 320 284
7 866 222 331 375 343 789 991
196 948 126 349 818 763 425 508
429 847 967 261 546 117 927 245
631 536 634 358 120 427 428 966
215 443 542 50 749 14 300 682
134 2 530 502 643 229 797 480
50 684 898 933 129 743 179 299
485 921 644 839 369 580 242 586
214 82 703 144 862 88 237 435
420 0 610 42 362 747 292 768
10 585 628 959 120 54 210 486
976 453 759 474 204 255 855 76
695 92 31 750 264 491 94 815
428 277 63 824 620 487 556 492
790 826 911 856 221 420 25 146
162 163 89 658 835 457 643 600
994 319 388 580 279 885 115 759
445 490 456 234 821 931 765 390
379 503 11 608 29 450 119 813
915 391 701 620 478 523 922 206
956 945 825 303 918 44 183 768
254 257 771 24 297 884 690 627
109 549 979 821 155 500 314 600
859 735 172 548 415 739 754 818
969 149 851 937 832 809 858 63
66 480 561 449 44 545 654 433
720 926 170 865 443 435 231 165
684 400 694 693 269 548 944 504
616 973 101 558 18 101 141 577
741 259 468 464 86 643 348 160
584 340 432 624 147 593 652 802
71 247 692 933 506 851 493 107
425 903 422 714 9 610 461 892
902 499 314 144 118 839 625 963
685 296 406 356 799 987 383 949
547 212 873 427 445 781 397 9
588 179 777 917 954 440 465 779
142 740 495 39 802 383 959 580
295 858 512 49 412 315 189 378
427 179 985 857 964 854 951 156
136 189 368 687 556 592 93 849
695 109 257 196 389 964 83 165
434 708 700 522 477 624 404 267
854 707 59 873 336 10 672 99
684 212 483 332 957 749 387 342
346 593 528 496 853 536 214 93
618 389 447 616 449 633 270 59
668 493 180 846 10 266 830 925
796 980 612 730 303 961 377 302
100 566 809 714 622 622 953 539
989 603 528 944 307 724 936 779
752 52 608 257 263 496 878 849
993 574 799 450 957 363 851 667
381 356 182 377 468 903 907 894
425 190 622 628 431 932 634 539
796 938 530 863 682 21 940 279
667 599 59 185 919 980 631 769
153 189 285 269 163 808 15 414
642 101 230 514 40 200 374 272
695 695 310 465 298 26 621 812
914 646 471 115 594 132 260 703
55 456 202 4 849 218 869 200
194 902 534 570 446 921 723 501
901 653 300 237 633 790 434 350
448 303 695 698 456 69 559 920
820 26 190 549 828 552 311 70
545 298 784 818 839 60 141 784
414 224 697 803 434 679 33 848
632 406 72 264 853 307 96 650
570 910 938 979 146 100 292 279
392 178 687 399 373 544 743 929
184 473 746 231 277 801 132 604
819 20 119 814 837 215 471 118
469 456 563 664 340 50 181 540
163 809 298 183 171 413 210 305
356 801 703 384 954 350 735 269
22 706 561 12 355 457 600 187
453 399 168 100 17 504 540 0
314 769 808 974 79 957 611 872
465 169 155 939 329 783 472 197
52 455 163 283 581 63 68 135
554 650 495 425 720 741 249 627
586 754 781 350 480 826 466 902
812 297 912 185 927 88 377 992
986 581 644 371 900 933 705 995
158 812 680 406 902 202 155 195
476 170 45 611 826 695 324 593
830 21 673 368 45 582 358 859
225 167 957 459 444 719 380 896
94 984 934 572 339 494 869 471
562 803 723 193 327 452 94 881
154 105 214 445 474 493 338 82
174 419 444 673 495 118 611 227
381 856 3 442 903 183 311 875
676 670 167 808 523 420 845 25
992 78 946 903 22 543 937 106
952 582 900 170 795 343 882 573
546 913 709 80 514 373 385 366
636 573 896 676 784 65 855 225
864 809 312 438 105 166 30 676
556 58 762 98 69 845 744 723
479 18 779 840 849 284 261 98
435 649 940 665 311 414 732 795
407 290 665 345 678 768 823 490
708 346 343 20 303 163 433 30
218 162 695 158 321 12 274 875
748 137 554 932 739 507 28 165
835 73 418 690 173 517 991 992
975 717 542 543 662 799 646 386
415 614 799 954 818 935 904 769
81 311 264 913 693 113 277 966
875 757 438 791 91 931 167 450
794 137 756 999 776 304 404 866
374 575 891 876 895 697 800 284
774 306 627 768 517 370 388 289
949 262 783 701 851 446 326 828
453 969 933 111 838 639 705 506
924 554 324 350 963 125 308 924
953 300 200 961 779 145 729 146
254 193 808 707 666 945 661 312
685 559 26 973 139 195 933 917
454 620 814 387 507 255 808 66
190 695 658 85 911 504 886 995
532 798 487 145 626 715 146 452
165 176 255 748 831 607 697 827
543 267 825 362 262 696 759 656
619 758 450 154 634 360 413 535
835 127 825 650 419 23 390 619
529 726 312 251 400 388 370 196
966 727 499 337 654 698 481 600
814 468 211 682 103 734 977 675
175 779 348 915 269 869 969 700
255 741 369 342 594 952 836 816
982 907 654 796 725 409 546 283
351 9 208 532 171 855 729 274
305 144 431 249 201 895 594 4
228 709 742 325 241 580 273 30
135 689 699 716 465 191 488 522
705 537 276 198 928 229 254 139
176 878 530 799 527 916 159 514
778 993 214 784 259 856 143 92
401 805 670 376 387 682 985 868
471 427 419 104 305 739 939 566
227 509 784 407 106 77 257 652
984 553 312 296 800 325 648 33
557 59 50 847 777 925 242 643
881 497 506 457 63 992 684 917
489 697 440 980 320 678 134 659
924 829 763 967 694 250 199 998
958 608 324 578 822 393 570 550
778 218 873 460 298 605 729 961
528 440 901 330 609 468 732 874
0 740 522 979 849 687 671 401
754 42 347 995 728 892 305 0
822 72 239 409 515 484 752 664
695 352 451 438 700 661 534 29
173 743 326 967 309 495 438 254
509 269 606 237 133 976 649 606
957 893 763 39 983 526 920 725
592 763 937 138 493 52 122 20
623 624 497 733 581 734 598 595
554 96 200 95 225 240 995 915
406 535 505 569 591 716 920 322
67 234 605 800 127 879 525 600
374 707 189 724 258 211 205 441
577 340 981 1 130 277 181 779
164 75 886 425 745 529 342 222
536 48 880 773 995 454 168 601
674 532 354 982 226 739 200 545
277 824 16 278 261 612 484 504
483 431 640 886 437 356 886 956
403 892 854 22 573 554 618 228
265 799 446 838 415 499 575 588
570 792 295 657 623 516 120 469
797 171 385 578 6 101 33 582
238 612 873 157 876 350 540 805
616 497 253 142 634 895 154 741
558 302 851 822 896 859 644 603
571 584 947 264 597 675 270 489
293 46 647 982 170 275 254 708
469 507 413 67 932 332 72 798
846 103 372 950 688 774 226 158
110 33 62 591 523 998 941 364
804 84 900 495 216 482 871 436
729 798 750 8 108 29 778 635
56 934 478 458 901 430 808 803
389 644 28 504 617 641 723 422
771 273 716 778 988 533 893 614
900 631 39 779 31 872 440 881
525 190 309 786 104 656 147 539
954 584 230 33 236 557 697 474
502 167 529 465 883 739 577 571
63 738 884 938 124 591 406 53
135 249 890 962 78 331 144 935
441 897 902 376 83 98 564 806
430 629 279 202 91 866 194 381
936 710 633 594 417 657 730 261
320 278 754 321 313 321 246 522
489 915 219 696 582 809 651 39
32 958 853 774 476 382 232 591
6 449 100 25 857 726 540 673
511 851 111 293 617 128 303 314
112 790 773 481 716 600 683 802
256 174 294 961 84 297 930 130
151 163 44 544 620 195 580 488
757 283 164 271 861 479 275 757
672 232 29 942 153 78 706 731
564 366 340 763 60 170 240 959
552 208 397 222 251 440 678 154
644 582 380 114 266 396 509 947
633 963 223 105 983 233 268 521
18 498 940 405 756 581 567 262
303 127 881 0 194 106 548 23
530 548 816 792 912 676 306 988
360 189 518 480 503 211 912 546
769 440 834 741 938 594 940 223
461 771 826 104 501 676 377 598
499 436 46 179 584 417 982 771
882 529 597 334 250 664 328 570
996 154 800 423 418 493 7 788
838 108 199 194 241 532 806 696
189 889 223 368 774 347 735 128
563 675 928 695 689 576 344 291
621 432 1 286 468 822 653 336
199 929 674 366 234 21 376 95
716 991 843 11 113 347 38 175
77 916 911 345 543 875 562 451
921 205 703 68 359 706 597 75
309 173 717 347 59 879 345 770
924 372 261 739 71 401 423 187
144 695 315 342 502 178 303 721
371 363 519 635 913 338 631 312
770 605 853 4 873 490 940 452
492 693 151 683 456 776 744 931
652 3 869 860 932 120 582 335
667 808 495 828 665 808 709 462
325 204 112 968 562 817 810 374
94 554 106 124 572 560 827 721
262 897 514 849 745 743 977 829
978 755 350 30 39 516 932 854
730 483 16 240 51 421 144 763
180 152 970 69 503 630 628 757
45 38 628 39 773 578 573 961
774 170 739 896 400 424 183 755
58 733 923 610 615 257 335 986
506 559 593 588 484 423 138 570
455 616 848 661 513 528 388 443
788 704 619 764 857 39 578 129
264 692 167 381 67 216 823 63
169 782 419 580 519 331 192 538
989 402 657 19 517 137 605 469
356 756 910 506 928 418 77 712
715 129 373 370 531 844 411 175
92 663 376 448 159 120 803 158
661 386 452 266 599 983 188 842
898 960 378 543 85 900 492 696
733 211 549 255 501 129 279 799
379 36 306 811 705 514 978 151
192 798 487 678 787 841 620 185
376 225 152 776 714 671 789 651
128 553 468 222 760 658 567 312
377 325 413 247 769 719 767 191
498 354 101 587 916 248 713 185
354 437 155 92 302 963 714 926
258 957 636 973 763 270 174 305
945 778 977 604 604 978 621 799
164 881 2 156 214 668 672 614
251 387 304 545 823 342 64 60
735 950 920 886 823 797 810 453
161 140 996 837 496 937 680 127
672 515 912 85 425 263 637 492
606 868 571 615 887 870 234 587
178 612 760 470 215 203 982 528
352 133 712 278 407 864 617 225
565 595 122 26 207 438 992 290
290 207 978 67 25 128 707 132
681 922 541 803 401 930 886 462
799 53 476 428 531 218 592 492
770 624 216 241 636 117 343 727
646 692 917 547 546 975 696 828
426 37 544 311 788 985 750 299
599 107 259 778 906 258 846 490
341 724 31 224 219 959 194 91
277 405 991 517 33 750 70 800
14 16 261 610 941 712 192 798
169 69 976 142 679 490 576 173
572 946 653 986 713 564 548 63
503 189 43 234 714 938 691 604
571 51 446 183 693 708 413 582
294 741 182 339 56 987 584 628
612 545 735 422 652 803 697 744
609 667 260 494 431 74 944 482
751 390 470 512 466 403 679 280
821 651 171 701 101 28 714 173
339 592 564 484 535 595 854 641
372 160 163 992 37 564 104 164
867 527 892 660 212 1 754 908
458 814 843 794 782 459 373 687
832 552 316 120 55 156 5 326
499 187 935 85 0 278 944 585
889 760 299 891 151 113 56 454
436 571 563 274 362 292 383 43
7 219 750 585 639 32 262 203
197 610 182 316 53 613 303 127
901 716 983 90 682 385 623 119
365 497 427 501 40 389 854 389
851 921 374 295 659 866 280 489
260 997 223 119 807 529 485 222
613 669 389 574 10 458 776 85
903 6 219 22 601 839 573 962
376 475 397 561 926 231 485 523
947 141 793 693 664 635 212 522
407 179 233 804 615 722 743 185
718 449 769 628 945 979 149 20
25 278 996 937 350 901 340 755
18 958 757 689 137 848 462 752
530 128 773 31 144 113 272 477
875 222 487 740 184 462 392 151
178 537 647 174 573 904 596 623
998 435 877 717 601 580 291 995
450 495 158 648 553 484 349 539
974 945 39 550 446 407 507 412
978 891 704 767 123 582 703 482
102 115 671 314 478 263 574 767
653 245 732 947 667 384 354 882
277 587 50 111 498 312 501 899
570 835 933 986 169 493 136 501
483 987 421 878 458 8 0 579
993 798 835 708 339 243 544 899
768 276 478 585 605 607 532 192
992 484 355 810 297 584 515 510
596 840 93 52 635 321 417 439
804 510 281 16 538 753 350 34
84 273 651 839 984 857 389 553
854 484 433 730 353 244 545 430
827 418 446 153 778 456 191 262
240 676 841 434 98 250 422 660
338 267 162 410 787 880 677 908
72 768 1000 760 792 755 189 276
437 45 492 6 257 373 976 662
337 375 488 843 560 835 167 918
7 19 527 797 785 362 635 793
750 898 792 440 920 763 533 542
987 181 456 652 429 283 405 37
94 189 489 953 312 739 497 467
447 140 146 263 889 172 457 557
431 571 897 386 512 71 685 95
9 54 602 637 34 620 646 548
184 309 615 284 481 793 783 877
995 144 296 962 627 118 490 143
997 674 896 66 235 67 282 584
807 429 592 281 487 772 349 577
314 843 380 88 344 779 985 953
634 822 897 385 481 246 664 435
124 399 120 573 192 49 436 327
972 132 750 673 165 308 902 651
679 228 321 318 397 642 199 816
613 585 122 901 440 244 737 741
742 666 281 429 933 921 364 991
359 401 651 984 995 22 869 873
373 65 835 428 237 27 158 44
598 981 946 502 598 999 605 909
788 657 198 865 357 716 343 487
237 606 632 356 872 292 763 615
528 873 22 835 734 650 127 692
656 162 818 733 947 84 640 758
1 602 745 828 307 199 892 945
731 776 442 645 887 219 163 360
532 569 782 466 82 290 100 175
196 985 283 486 102 154 729 574
925 152 209 661 359 915 839 628
713 197 554 367 953 439 861 918
140 427 516 970 93 827 194 963
1000 665 195 421 450 816 302 141
670 203 733 873 311 947 795 683
649 51 58 140 722 795 897 235
230 937 845 988 914 109 234 634
175 812 229 686 6 51 500 247
935 454 544 461 926 175 184 1000
332 825 838 508 160 129 660 661
998 798 635 573 368 905 108 761
218 707 836 614 987 773 206 902
387 695 588 457 168 548 225 581
713 367 570 181 0 529 191 470
829 175 478 816 882 179 272 457
294 76 191 500 965 680 843 716
155 163 246 541 855 140 2 308
312 982 889 809 227 481 609 59
651 392 642 922 877 293 227 716
399 516 759 986 948 566 950 658
896 8 987 821 922 159 250 469
3 778 431 641 954 327 196 684
59 639 451 170 785 326 628 129
185 399 150 261 740 477 844 316
106 347 1 559 697 351 90 783
593 481 108 594 985 925 98 416
676 345 674 894 247 408 850 641
966 723 217 660 483 224 860 341
901 187 311 371 994 288 361 493
754 928 666 1 42 47 102 785
769 57 743 64 935 202 802 442
768 837 751 879 636 357 472 928
333 709 198 731 611 229 28 990
627 269 948 137 519 520 671 554
456 631 248 938 354 689 36 527
759 152 211 528 479 201 489 798
76 506 825 826 615 141 527 105
768 746 610 586 407 483 875 692
703 727 95 313 847 550 538 539
868 196 280 13 363 977 11 440
478 250 894 193 480 673 280 380
691 210 881 155 750 453 385 218
372 526 980 164 200 801 150 101
267 636 598 215 809 679 878 511
668 192 169 225 159 106 963 728
816 105 702 802 966 324 605 981
757 734 846 416 209 339 695 80
935 391 338 472 320 803 490 105
667 474 195 809 705 992 645 564
643 68 329 680 626 113 440 457
464 537 46 824 749 864 694 302
433 816 818 420 543 838 16 301
911 962 369 523 932 938 766 222
485 450 856 663 660 299 773 66
117 414 372 599 126 339 481 903
29 351 311 702 935 761 980 446
738 331 727 753 461 267 881 231
240 399 953 663 941 588 294 920
995 394 841 34 782 255 480 379
3 601 621 197 965 493 586 926
230 882 137 145 311 238 671 579
463 938 323 774 685 492 105 138
575 435 835 472 346 884 603 349
751 775 465 667 842 923 484 213
755 307 861 144 257 772 951 671
923 153 758 600 479 658 502 529
300 294 751 789 158 866 782 246
796 300 674 401 47 601 482 633
216 930 391 142 606 710 194 472
736 654 365 278 72 736 665 313
16 165 444 753 790 745 83 56
853 900 346 16 367 678 518 939
839 307 132 619 489 936 223 624
109 752 293 901 498 661 361 385
418 403 493 912 984 455 936 298
169 410 639 499 777 959 19 321
232 80 905 766 262 459 575 609
910 828 423 331 573 598 731 696
113 984 557 134 527 557 235 877
119 519 161 823 648 676 824 952
207 467 835 639 800 287 907 752
17 533 109 357 153 351 788 80
454 101 943 41 992 666 488 863
577 535 275 625 212 861 576 832
142 419 256 347 528 97 933 118
248 819 904 400 62 641 821 797
213 108 510 267 959 172 77 207
566 413 918 519 38 957 412 658
83 58 901 440 365 926 201 622
166 382 258 222 621 620 831 559
709 635 201 44 113 231 766 111
941 321 907 99 128 824 20 171
143 832 650 790 143 890 992 14
682 652 204 128 738 748 377 381
871 818 232 208 598 504 905 56
945 291 483 207 854 228 704 661
379 727 857 726 428 335 659 854
212 245 704 97 36 999 425 670
147 404 140 32 704 832 671 232
488 509 53 367 816 96 761 726
798 760 898 643 262 329 148 903
942 657 841 43 84 478 561 783
753 351 331 298 185 120 834 986
951 186 839 925 622 144 108 14
480 618 320 32 320 1000 780 522
57 797 568 470 900 924 266 17
850 980 232 506 187 138 877 132
384 370 696 798 195 805 119 810
751 292 109 555 603 694 664 461
12 403 593 311 260 520 96 759
76 726 436 912 636 615 615 643
187 700 908 330 283 653 246 669
454 666 691 16 4 455 166 957
761 215 868 182 901 126 238 548
104 585 28 541 558 730 672 41
815 224 645 718 262 631 345 475
467 149 819 42 243 892 323 582
114 468 608 643 89 772 889 288
216 462 318 263 37 422 73 771
475 935 386 300 818 209 823 662
821 823 99 458 450 291 51 378
174 118 578 395 703 319 667 785
631 120 856 677 206 920 690 534
373 941 339 785 694 543 103 109
579 739 314 695 501 31 670 56
835 284 350 784 261 664 834 107
977 787 151 110 236 292 285 918
601 140 846 406 18 61 539 596
549 432 338 21 919 666 640 34
21 955 217 743 833 769 227 138
504 97 28 974 835 300 634 336
678 923 6 567 543 945 541 604
649 859 784 657 630 922 831 858
525 699 268 80 277 591 149 846
804 273 333 156 584 800 417 310
922 485 687 352 252 745 723 871
862 881 693 113 586 379 332 174
249 677 925 624 561 324 329 576
574 89 896 295 312 590 209 465
791 213 206 753 122 252 69 617
113 105 290 497 590 941 145 489
792 232 668 589 532 602 653 492
720 912 643 410 670 449 697 233
140 289 633 189 698 733 641 924
807 522 767 487 628 576 792 644
616 624 923 254 948 205 371 211
295 896 179 874 183 188 570 540
681 796 196 38 386 684 519 615
182 783 892 369 281 1000 81 273
610 339 753 689 546 823 319 772
347 288 693 319 397 167 447 721
35 470 786 75 970 512 39 66
987 161 606 803 291 139 789 458
472 216 389 421 655 842 390 971
280 360 102 14 150 788 31 144
299 768 680 585 975 140 850 820
775 129 262 628 978 93 628 55
831 284 15 219 995 942 709 195
989 110 365 817 263 873 715 121
916 901 980 542 492 682 777 226
228 762 91 253 993 194 431 328
94 134 796 867 888 429 138 37
7 105 82 279 22 155 168 776
851 580 462 501 961 362 961 836
129 38 99 281 174 518 736 125
110 691 447 38 335 540 141 713
906 100 168 117 426 531 738 834
146 716 374 824 15 509 10 452
617 105 801 780 725 39 630 64
565 651 314 168 802 34 58 786
681 869 195 261 396 458 91 737
336 432 99 108 998 352 33 303
943 235 983 496 863 958 547 147
496 420 795 766 457 372 559 738
857 705 819 176 807 666 738 499
239 716 596 427 461 565 80 753
277 377 300 277 987 879 232 620
742 155 584 428 169 388 481 279
278 110 684 43 671 752 688 244
983 643 388 898 534 261 587 495
560 534 3 563 70 260 717 884
61 382 990 819 179 829 267 830
896 768 275 205 563 378 494 736
741 730 310 554 373 698 842 943
312 310 954 514 11 98 919 160
753 800 334 238 431 332 374 77
301 185 520 828 402 698 644 495
590 443 815 680 700 384 257 719
691 311 356 950 63 536 948 427
9 391 818 86 69 98 31 726
208 137 994 323 561 194 209 801
595 680 30 404 539 291 209 238
592 552 482 652 750 91 809 668
941 665 31 881 523 166 670 88
884 501 276 347 576 308 79 575
306 315 36 32 503 663 103 286
185 413 808 902 655 292 776 613
195 594 885 183 789 711 974 370
593 96 376 201 271 114 84 291
49 363 360 379 435 817 204 792
211 181 973 909 440 598 614 878
444 717 35 550 839 368 81 93
63 526 862 15 644 722 594 165
361 784 669 953 557 328 809 312
534 769 776 419 983 434 271 787
42 41 936 864 198 155 757 858
977 556 752 51 723 499 569 218
302 178 339 227 602 740 0 197
492 33 732 258 448 781 359 428
527 692 948 953 249 746 244 376
968 946 171 497 606 74 844 878
580 599 108 386 216 942 508 907
226 222 954 248 133 99 526 276
929 85 243 29 612 394 865 328
159 708 26 126 445 949 294 541
948 323 88 81 513 709 291 901
533 76 583 923 923 902 463 762
263 907 774 577 504 703 331 97
534 709 10 339 462 436 177 303
214 881 806 615 638 98 999 119
801 607 79 444 388 837 515 318
782 7 941 217 64 415 67 217
562 16 957 592 68 400 478 276
201 802 254 848 716 109 923 84
801 80 149 479 416 55 364 896
16 115 533 285 672 338 714 58
423 624 818 769 438 984 430 364
951 566 764 113 73 26 848 100
361 109 609 105 183 240 70 628
169 345 188 476 93 202 975 342
608 901 733 990 634 782 328 537
860 994 860 154 961 723 327 504
667 271 626 732 761 992 516 345
566 896 204 365 691 328 821 806
103 411 651 915 910 587 906 176
820 697 459 62 350 511 231 64
423 550 561 728 580 897 949 907
541 362 577 989 933 614 447 417
390 581 409 156 975 726 790 288
494 607 587 247 679 304 488 559
289 901 8 513 99 644 286 149
259 414 807 121 248 918 289 64
680 191 540 659 664 934 871 844
381 837 761 434 319 376 904 55
284 283 152 177 412 749 975 356
263 45 344 134 112 72 762 235
428 123 437 401 161 339 314 425
506 783 597 350 277 9 243 566
768 451 186 264 135 78 517 172
281 354 701 530 747 50 124 0
252 622 982 598 538 293 866 373
849 24 226 637 827 284 851 987
100 362 489 621 776 146 42 83
600 431 128 978 200 999 60 761
169 259 453 68 106 851 839 460
32 824 76 331 161 201 977 457
181 911 658 45 186 768 406 792
721 977 138 346 869 619 986 108
878 949 242 347 289 530 321 704
362 836 403 879 998 31 999 781
290 51 256 474 794 145 634 328
849 32 674 439 825 58 215 364
868 212 844 702 583 895 986 371
126 417 755 756 29 382 233 723
362 319 814 141 293 25 342 481
396 364 690 796 666 301 190 246
509 525 939 738 879 241 485 552
206 418 358 40 96 530 112 109
351 483 581 11 487 611 140 867
912 372 359 318 463 903 550 614
578 756 842 887 561 467 163 710
630 2 260 976 901 42 958 284
101 454 861 728 260 263 305 251
937 979 577 936 66 738 242 250
175 541 965 162 772 811 433 898
802 587 643 667 580 259 243 666
755 625 777 129 933 554 41 277
837 74 640 174 890 141 336 200
699 631 592 8 43 176 167 34
199 10 507 925 792 136 199 211
953 419 233 383 206 376 34 491
589 411 560 385 811 400 951 909
614 244 947 345 72 256 318 55
302 440 464 865 715 65 566 967
425 610 800 254 766 958 132 908
552 744 698 336 476 603 579 466
366 711 836 33 893 896 652 930
524 650 874 243 891 198 749 551
784 654 419 476 1 804 347 1000
811 706 546 565 663 95 687 762
178 860 789 72 707 505 153 626
663 117 765 22 852 155 386 954
90 188 841 516 26 570 999 765
559 645 33 23 444 965 935 196
45 455 116 317 106 986 346 56
42 204 665 24 749 521 857 319
650 175 994 860 526 472 764 747
194 91 276 559 56 926 547 61
910 842 288 296 278 309 84 213
650 309 962 751 95 715 152 596
141 207 96 846 492 804 322 879
824 446 896 937 285 866 194 764
258 279 349 882 982 253 571 493
413 370 80 959 158 395 464 544
245 844 857 192 512 541 859 193
919 867 153 110 579 605 907 831
137 652 286 188 61 340 602 185
563 881 447 179 393 406 595 870
216 630 718 490 578 302 104 481
898 657 510 107 372 14 480 989
883 64 280 88 725 694 816 425
210 136 407 236 190 17 398 159
697 342 500 933 443 193 547 567
960 426 945 285 499 180 22 849
196 842 532 977 899 725 867 988
100 156 782 242 921 590 5 689
380 139 336 453 36 664 479 68
217 12 273 881 595 902 843 741
558 36 372 964 799 49 622 258
319 825 793 775 917 897 729 428
579 819 717 642 652 401 840 27
682 823 880 128 853 323 232 253
448 459 16 446 434 569 118 256
453 974 237 221 475 326 567 234
528 405 306 182 190 44 260 497
469 61 406 326 739 784 465 527
968 886 460 453 549 883 243 667
2 959 255 783 273 391 975 788
865 948 532 882 360 91 660 824
317 200 259 491 206 570 243 859
765 968 580 472 302 186 48 208
153 340 360 727 639 395 460 849
19 314 56 470 920 672 768 100
793 895 846 131 303 698 993 23
719 647 504 600 936 444 698 168
85 195 515 643 983 854 329 777
350 265 298 369 180 977 946 793
203 209 149 573 737 762 797 777
245 620 89 711 189 34 34 990
226 651 560 310 63 109 584 942
829 926 218 255 762 321 525 837
571 557 579 132 753 469 852 224
395 369 917 516 679 183 192 406
793 614 202 875 405 240 823 538
959 731 741 510 749 407 965 624
88 891 479 999 829 374 718 45
23 502 931 303 362 874 305 37
543 553 215 811 189 673 399 823
676 972 714 990 448 352 552 355
286 511 268 605 291 888 612 479
800 73 430 784 313 432 244 225
580 499 888 549 538 760 409 820
80 363 49 670 848 518 221 249
416 462 309 403 255 641 62 812
325 470 152 235 642 214 851 923
322 182 770 996 0 462 905 55
74 771 735 324 737 486 305 158
274 192 893 339 777 538 291 623
842 307 591 94 508 740 768 71
504 540 107 570 890 707 918 443
69 547 411 792 519 195 84 677
376 655 334 881 849 729 110 892
224 857 796 885 279 1000 467 992
310 374 301 90 240 513 122 47
665 926 228 419 963 973 71 856
436 979 173 216 115 965 230 236
47 749 276 92 952 210 512 505
767 938 687 935 366 361 114 151
210 698 202 148 284 898 913 14
53 232 666 471 880 323 946 423
758 688 703 817 381 284 766 930
737 838 902 54 158 708 795 104
795 732 362 407 593 657 979 301
273 142 343 368 429 605 997 634
958 541 805 760 136 930 433 573
753 894 278 794 390 246 243 347
12 964 668 314 264 497 11 51
270 919 351 113 236 731 102 456
795 213 985 242 941 449 66 19
843 897 766 214 461 742 628 303
992 920 827 339 97 191 758 31
337 596 267 679 950 219 376 890
793 489 685 28 761 447 641 594
790 977 269 58 964 995 543 408
763 432 177 608 867 291 390 498
287 946 880 997 665 803 303 972
683 159 317 329 879 792 735 654
110 858 569 500 35 817 519 642
577 958 805 796 796 638 794 892
537 901 704 895 307 315 247 657
186 112 841 667 432 730 113 345
339 649 637 776 945 263 332 653
1 806 648 228 229 759 193 104
561 694 257 149 175 247 580 572
76 142 571 415 148 183 44 757
384 91 858 724 723 198 117 106
551 401 979 534 865 888 846 610
483 984 432 316 779 356 793 215
178 837 629 61 33 649 422 202
271 589 762 91 674 628 646 912
285 990 996 549 121 752 940 922
244 266 275 820 590 385 282 894
792 31 767 390 156 570 783 269
285 873 907 785 413 275 651 424
645 425 747 639 17 993 154 937
922 843 374 959 421 651 173 831
332 911 369 413 441 568 385 176
205 683 383 154 765 894 71 842
541 128 665 547 127 918 667 54
663 789 866 994 685 836 671 182
550 786 55 212 784 196 589 802
779 354 296 503 62 546 284 574
819 650 453 439 561 360 622 304
593 828 258 200 383 729 754 714
819 744 286 417 337 486 607 255
388 624 781 849 787 975 315 80
654 716 491 864 648 909 977 682
478 60 757 469 539 44 847 503
427 29 829 162 409 461 840 411
49 515 701 548 631 309 645 855
470 0 376 97 424 119 287 34
776 713 553 402 116 395 190 120
985 300 737 198 707 226 702 445
330 795 462 82 753 198 118 487
259 857 895 680 353 247 418 902
99 10 502 247 626 802 785 308
663 944 523 370 650 66 715 571
989 624 929 716 901 540 776 470
126 731 141 14 624 569 619 175
463 265 607 392 12 472 546 525
930 661 661 419 278 269 939 469
742 730 639 613 127 927 435 476
245 654 287 548 687 836 461 711
335 654 608 663 730 635 640 594
692 550 535 769 141 21 481 187
374 221 638 517 76 70 897 771
163 612 275 161 808 486 392 675
70 36 246 105 514 37 204 33
253 579 609 789 755 42 378 515
521 287 458 915 942 399 572 948
504 964 969 5 753 752 456 741
873 93 231 753 294 311 678 260
297 160 961 802 690 29 367 874
500 952 821 408 606 949 856 861
848 281 303 488 486 113 735 357
390 321 564 48 771 284 915 344
897 226 647 484 485 114 609 96
130 948 906 434 600 348 927 433
527 289 646 541 847 318 66 641
269 450 783 50 708 985 575 983
200 48 706 3 670 804 333 393
251 13 169 362 950 589 82 169
175 795 495 244 725 647 635 354
850 148 1000 181 349 581 465 777
626 57 827 219 293 860 243 955
146 881 617 645 796 401 686 604
199 934 74 797 126 478 795 576
663 363 127 461 464 852 849 594
302 198 717 921 279 281 457 259
383 214 4 760 95 941 53 45
881 155 996 150 47 44 508 967
337 464 118 167 707 859 417 91
474 200 824 71 726 323 39 75
944 659 153 582 901 849 702 656
312 69 661 298 936 831 143 886
616 637 224 370 533 576 125 392
596 666 277 133 498 465 817 750
233 731 50 281 614 343 797 225
501 403 185 348 901 896 226 56
309 474 424 980 862 215 907 692
358 578 989 826 960 988 966 732
278 80 781 804 197 141 388 646
273 731 822 380 531 62 261 212
724 384 946 1 722 956 330 89
753 656 150 671 71 904 129 724
60 322 460 318 95 198 836 434
683 995 58 385 884 556 217 187
37 824 219 735 418 369 197 921
501 240 919 203 222 213 417 964
217 701 625 584 633 622 396 785
693 172 981 799 330 93 57 370
685 173 813 628 975 433 697 489
392 777 28 141 511 810 937 249
519 509 292 821 328 964 17 133
447 784 786 786 593 230 463 902
37 643 125 116 196 4 437 391
358 475 641 653 720 442 61 293
596 361 91 739 958 738 197 456
501 182 386 43 573 941 980 18
970 923 135 525 332 5 65 123
626 331 808 984 429 903 233 607
96 78 129 705 813 467 166 758
419 919 896 688 933 755 808 602
464 676 60 868 251 848 858 889
446 259 485 450 715 725 199 682
990 436 948 879 652 98 151 899
534 531 734 151 767 768 42 848
208 241 980 253 26 810 700 143
169 36 875 442 682 455 621 686
888 18 918 612 820 907 606 41
515 141 498 606 375 561 545 398
97 589 22 533 385 533 95 576
134 681 121 896 346 390 460 452
283 606 346 590 713 62 319 610
371 427 448 16 623 728 224 223
184 287 591 205 882 327 672 166
780 960 333 614 171 861 963 326
894 422 325 164 439 817 394 322
249 69 233 885 6 890 387 702
495 3 711 938 527 920 653 956
128 553 219 945 590 737 22 32
625 61 678 646 380 184 287 47
382 910 91 446 687 996 948 641
268 412 285 798 620 603 532 639
213 306 506 470 745 381 779 225
22 593 943 25 926 776 697 515
632 40 654 761 923 31 402 329
81 795 225 985 390 329 678 833
262 591 296 805 234 140 922 646
749 846 219 18 801 379 328 112
386 552 253 830 216 15 861 137
212 575 745 101 691 457 268 484
748 983 495 416 749 105 664 565
259 238 896 716 534 298 955 344
99 377 909 644 765 851 829 340
1 527 945 50 475 708 609 658
434 583 940 711 892 728 982 750
731 301 821 415 375 164 796 515
118 184 455 868 192 396 791 467
703 912 284 559 48 675 965 344
229 669 472 169 936 217 987 913
7 472 287 967 898 833 12 942
361 791 838 682 330 965 343 773
244 736 577 893 180 799 81 334
46 231 453 432 17 209 673 279
666 781 767 300 673 92 335 205
755 524 406 36 694 2 805 85
784 153 605 260 116 157 821 983
797 452 799 2 356 605 779 971
831 607 429 637 259 593 437 815
142 358 570 309 265 962 908 25
705 472 220 754 488 851 328 358
82 553 68 144 450 319 178 610
783 470 380 332 887 97 322 161
407 173 568 549 831 26 14 453
144 280 912 913 186 665 129 241
980 610 788 114 920 634 261 617
391 419 552 418 425 684 206 969
495 272 425 980 649 522 560 385
523 189 820 913 653 899 126 643
617 647 725 975 118 771 631 424
13 376 857 308 615 332 570 32
116 455 153 291 587 878 585 275
999 54 964 52 322 849 666 334
630 740 592 568 464 229 475 742
762 178 893 727 420 635 8 614
993 132 846 684 543 185 9 676
683 76 93 515 121 540 882 625
179 410 284 612 428 666 469 888
104 262 29 249 891 601 682 46
670 901 146 553 940 927 553 810
237 237 952 583 792 976 991 876
684 973 656 221 892 579 183 641
114 76 332 324 3 593 721 436
849 689 275 535 688 244 662 414
283 738 299 864 945 102 426 663
643 168 133 122 38 2 238 163
13 173 288 529 432 1000 0 858
110 373 397 902 515 545 219 624
82 555 200 60 62 825 275 781
418 514 983 978 963 725 304 382
875 225 398 823 873 637 714 464
999 539 589 819 21 465 846 208
827 968 150 818 914 409 92 219
367 927 561 526 341 76 30 18
505 655 962 675 224 680 56 318
241 310 320 294 175 166 379 699
116 125 176 567 706 68 190 405
369 945 646 269 30 336 864 789
955 752 540 180 214 725 199 56
976 904 14 888 511 341 81 847
398 432 551 825 520 947 133 113
543 324 490 253 595 679 768 396
235 869 6 481 51 183 629 376
105 27 10 525 548 124 847 786
850 253 945 857 436 460 741 944
262 75 528 810 333 355 419 508
698 124 189 296 217 309 387 856
778 411 582 615 55 577 310 373
512 877 126 434 173 813 532 764
951 640 446 844 793 100 583 172
480 879 451 822 666 364 125 421
712 17 46 20 65 236 999 36
748 337 118 58 722 536 719 929
208 746 216 246 949 950 892 19
121 514 731 540 414 90 515 882
690 886 806 739 972 387 118 195
705 141 198 858 282 647 113 301
900 76 260 936 866 390 197 671
739 897 503 857 770 570 400 567
964 719 901 511 426 410 482 519
319 816 692 333 377 287 135 533
245 213 834 912 450 521 247 416
148 854 42 944 557 165 438 33
535 964 20 995 646 671 596 859
180 527 994 135 161 299 994 118
108 379 353 83 513 138 216 393
65 665 108 685 97 489 251 952
103 220 626 766 977 165 422 544
177 350 87 260 788 97 649 946
91 497 508 985 844 941 273 767
514 318 528 584 427 720 169 403
667 91 807 475 161 247 280 32
304 88 993 616 840 54 144 338
165 566 307 631 336 343 131 691
699 236 620 649 969 404 149 954
561 418 506 131 175 367 885 509
838 119 969 703 902 561 894 582
769 750 898 328 438 458 781 288
736 982 137 228 329 947 2 7
693 873 864 299 444 451 352 72
363 557 454 705 873 357 57 546
470 474 342 569 952 539 496 498
327 604 139 380 886 482 957 504
813 203 370 905 956 100 689 4
711 983 571 482 47 958 493 388
565 632 670 398 591 396 916 221
28 743 358 812 711 766 950 182
959 490 759 364 26 335 298 52
524 73 905 659 317 841 468 891
639 757 272 253 969 1 156 789
530 794 165 113 491 189 386 548
255 727 557 956 871 869 866 378
36 86 835 564 693 620 518 420
996 458 464 274 442 176 921 663
121 635 39 476 848 311 970 945
79 283 431 941 68 157 116 121
104 790 163 122 938 574 104 483
836 36 774 800 484 665 705 247
535 721 837 962 16 586 144 607
545 586 278 510 330 637 273 436
222 735 386 451 954 338 112 536
828 328 105 286 889 659 134 865
271 626 516 551 924 388 375 109
307 565 977 55 582 78 155 260
307 772 790 817 564 35 911 557
782 281 343 267 598 271 415 625
251 953 748 943 149 75 447 194
820 915 362 532 948 488 255 301
135 752 597 784 502 670 164 358
703 597 308 44 807 173 298 340
721 55 818 616 790 444 934 511
224 540 767 669 668 730 424 29
420 589 965 939 64 38 293 616
831 897 309 488 741 33 270 412
152 637 637 688 5 321 275 167
589 674 794 471 254 4 818 798
618 189 748 789 265 663 76 332
678 569 565 463 573 861 908 236
952 821 901 981 111 353 78 636
446 795 836 302 620 106 578 875
31 445 988 944 564 145 141 165
705 237 838 914 896 683 847 738
232 231 530 376 495 63 984 707
493 985 702 56 872 736 428 297
703 752 723 810 419 837 28 583
475 466 821 294 622 754 719 988
422 569 406 391 706 61 127 8
757 341 622 699 937 592 537 777
640 684 84 964 43 51 831 907
155 635 199 917 215 751 167 691
440 917 863 110 722 123 780 213
228 266 83 685 557 246 95 621
165 327 154 868 281 781 831 547
875 428 360 444 253 549 340 451
602 993 605 492 217 873 960 112
23 604 685 266 487 702 160 880
915 909 993 47 54 716 663 967
864 728 417 281 652 440 119 560
979 602 854 660 965 740 612 368
604 657 294 508 666 479 161 25
392 393 699 800 738 672 470 907
353 850 874 331 563 14 325 353
646 933 580 646 802 960 688 302
245 200 172 828 404 314 157 510
578 855 109 739 756 0 548 624
447 144 104 979 226 484 994 670
593 616 972 506 362 448 645 141
893 530 182 217 142 833 619 39
612 860 808 35 946 79 431 570
123 839 996 776 453 448 166 797
387 721 514 762 744 866 975 566
96 836 151 493 116 531 536 296
946 254 952 766 879 991 922 333
667 494 644 341 365 928 664 665
119 776 735 138 915 966 698 763
695 817 670 837 297 389 519 868
957 779 24 887 335 574 111 557
255 274 870 331 473 227 945 97
817 130 770 447 885 270 837 944
678 808 513 815 782 640 71 172
489 46 344 342 677 823 484 159
969 441 11 732 740 63 341 737
451 936 566 269 333 287 252 998
512 496 237 741 308 692 749 914
957 916 978 111 544 190 735 879
830 269 230 128 18 207 133 354
279 465 911 726 892 189 773 393
687 395 164 42 141 546 391 900
455 562 4 536 102 880 646 363
486 698 854 146 57 830 154 763
110 920 562 375 653 747 187 617
558 796 205 566 977 278 697 279
52 364 292 6 565 318 135 935
576 96 613 871 633 399 276 342
274 813 645 32 901 997 518 81
887 761 326 122 901 170 588 524
53 197 93 952 488 218 973 561
172 923 149 964 258 99 5 963
871 587 143 303 592 766 672 415
928 934 585 146 313 413 403 894
397 516 912 934 333 305 168 683
392 347 762 573 887 615 18 605
135 252 749 342 734 681 153 422
46 986 58 281 735 900 399 325
826 495 165 802 428 822 705 301
322 924 991 940 561 954 7 679
441 796 823 521 637 746 378 332
965 105 178 798 392 680 306 864
328 130 251 252 706 788 452 780
527 502 804 443 277 666 411 277
849 608 426 444 167 498 547 296
144 674 179 108 288 186 914 463
301 51 75 905 754 492 726 61
667 569 662 302 208 382 845 915
774 309 912 307 4 781 471 95
261 790 394 296 401 218 508 414
262 549 413 783 650 528 351 868
470 982 308 76 295 698 202 433
514 434 605 97 379 787 666 508
76 721 504 644 67 355 527 660
405 751 260 643 751 473 180 913
403 409 524 639 807 124 665 417
552 384 73 85 888 504 252 191
400 536 501 756 897 852 872 908
489 874 141 906 437 323 836 529
394 343 289 849 628 349 555 995
651 695 78 388 935 204 15 854
545 329 312 794 855 20 590 336
938 899 345 625 740 128 196 314
482 603 321 654 31 592 36 462
455 798 539 813 940 733 476 543
407 709 260 525 739 545 931 893
378 315 795 422 23 974 131 401
525 229 375 993 706 608 391 718
194 20 987 8 22 322 261 230
837 278 575 549 485 72 673 773
905 936 183 515 184 941 82 188
227 484 785 574 908 101 336 820
619 204 746 396 944 107 878 345
639 514 202 882 653 907 381 444
350 419 844 828 611 251 601 596
873 285 28 474 519 11 649 53
172 429 991 669 414 25 552 176
60 543 797 602 905 68 73 307
753 452 770 907 719 460 627 106
167 432 798 565 487 685 739 767
580 114 406 621 306 524 647 824
959 160 801 629 564 410 443 769
239 566 277 925 122 910 973 842
137 97 450 788 425 719 830 534
231 3 168 496 760 44 993 674
426 147 793 83 748 549 338 549
769 69 676 224 799 313 973 840
23 442 738 567 280 458 274 551
405 429 650 640 146 135 573 115
629 776 106 700 63 951 754 633
970 707 712 393 735 655 178 142
901 364 872 856 184 314 299 466
83 694 809 325 237 543 823 735
761 877 87 394 690 305 612 667
381 553 794 271 416 260 566 797
79 814 984 356 659 540 857 890
721 75 506 779 769 831 32 257
669 813 323 669 855 411 299 165
115 878 121 453 558 816 207 612
413 161 634 687 492 98 96 759
48 317 208 71 528 238 446 312
487 593 567 707 364 158 545 138
706 717 885 234 850 683 704 454
913 488 846 589 724 672 40 468
10 361 787 410 254 540 851 175
651 279 170 762 197 525 864 611
590 188 269 570 596 777 676 898
198 291 98 57 196 273 67 783
955 697 777 783 30 878 875 870
456 306 636 518 136 949 442 42
810 117 853 186 54 978 134 597
1 350 914 386 840 615 283 223
259 980 805 801 803 116 576 282
923 502 763 70 308 213 886 79
959 450 375 559 840 244 508 494
783 170 147 404 961 118 691 1000
469 141 279 574 756 930 182 363
693 299 950 424 195 781 706 717
907 565 671 857 187 204 422 632
850 736 970 873 551 716 620 949
530 987 774 744 843 45 787 531
425 112 767 514 957 826 415 877
895 347 825 4 427 696 16 563
561 495 996 237 272 871 696 14
739 848 997 487 44 160 573 289
660 236 721 755 960 547 749 160
580 933 776 886 4 738 513 848
972 251 315 806 412 547 759 9
205 702 335 949 531 785 793 229
408 306 118 134 157 794 503 412
813 227 183 996 10 548 10 363
747 607 66 603 293 458 587 517
594 982 795 596 866 423 307 554
84 855 929 810 821 744 263 796
652 429 66 793 959 886 966 861
335 411 406 809 184 259 109 45
76 87 138 480 610 506 937 310
919 326 168 482 3 131 707 589
747 243 222 974 970 986 305 474
558 840 612 221 617 562 774 305
990 561 946 72 259 206 232 921
820 756 478 458 238 349 682 712
296 38 271 975 825 967 299 11
255 345 9 858 254 650 192 361
862 44 199 35 780 432 708 564
738 669 139 590 896 264 441 596
9 392 87 785 769 144 139 599
499 200 146 366 964 147 238 594
804 649 227 8 626 785 92 323
165 93 291 41 438 580 681 567
736 262 784 506 430 735 687 786
404 42 187 53 565 473 370 88
409 888 404 632 504 155 983 273
212 231 195 229 443 984 890 805
427 637 803 203 785 451 907 882
142 755 641 646 916 94 278 261
713 771 417 481 176 107 222 573
785 938 941 613 900 349 411 743
447 385 683 710 275 472 133 250
265 92 287 594 698 330 376 177
45 254 845 475 813 401 34 793
631 840 133 911 981 858 490 814
479 269 446 321 843 191 584 983
552 317 687 657 720 473 942 767
762 49 585 783 356 724 623 900
237 39 428 342 569 380 718 859
698 363 765 447 283 974 104 894
643 638 478 108 603 351 157 759
459 230 707 990 84 641 98 587
891 844 657 936 350 625 541 993
203 738 190 278 7 899 965 199
328 961 897 197 114 336 713 575
620 296 883 411 269 326 823 608
489 753 64 581 587 90 128 446
88 713 940 750 626 519 155 640
692 51 311 210 383 655 824 727
994 905 881 33 222 350 875 850
596 554 338 444 550 227 337 713
579 537 306 930 43 724 725 569
823 426 254 882 171 58 377 359
751 72 321 778 73 670 268 231
70 290 632 826 834 27 935 36
985 901 408 764 655 277 944 26
174 66 150 718 914 454 750 562
634 709 873 553 495 171 987 556
812 300 428 301 669 691 126 219
942 155 914 589 59 597 893 37
865 163 814 683 518 26 948 254
549 656 380 55 756 189 94 483
434 623 935 638 636 916 768 800
541 426 581 299 672 977 347 461
33 699 565 31 230 127 361 192
224 531 737 630 493 100 858 34
23 704 134 38 20 449 271 364
298 717 950 453 682 59 590 739
944 629 831 201 970 447 457 376
795 247 465 198 318 449 202 47
433 170 202 805 882 444 173 381
215 916 320 449 565 698 57 358
529 696 259 586 912 835 711 582
994 673 363 200 500 580 797 190
145 446 302 515 207 976 966 450
14 890 491 467 531 243 689 429
585 450 943 743 273 345 271 516
493 175 758 825 694 639 561 246
584 426 440 431 234 591 601 80
123 377 578 679 215 490 165 275
673 526 364 273 564 921 694 371
689 871 472 81 788 784 339 252
463 540 532 701 88 129 609 560
649 36 676 58 257 680 304 44
285 858 426 940 164 855 732 123
402 832 59 583 90 770 366 909
954 815 725 432 8 125 881 58
988 71 237 350 748 25 992 851
188 588 711 51 359 4 912 793
614 316 805 3 490 419 739 587
13 130 568 940 11 373 956 116
815 647 872 733 946 4 890 850
54 475 339 168 348 866 519 890
826 464 580 97 78 766 870 883
934 449 598 339 298 713 789 215
76 200 632 711 749 495 274 548
422 137 640 753 286 852 909 382
914 36 446 1000 402 206 582 668
418 73 761 881 183 684 891 381
237 616 137 806 57 959 628 245
25 936 104 917 308 998 788 592
177 505 910 871 323 884 534 961
402 979 790 787 876 884 498 351
933 104 543 526 150 305 282 428
896 252 612 447 839 625 292 816
203 798 496 864 120 70 845 439
488 169 667 801 187 658 720 814
473 839 520 596 121 76 805 317
698 796 522 874 167 753 120 653
521 654 847 415 364 103 399 25
251 310 465 4 139 927 245 144
873 67 890 676 209 988 705 10
164 875 695 344 862 185 570 844
122 725 828 213 375 788 993 871
102 423 681 396 466 644 761 724
721 15 54 619 934 656 90 270
743 372 560 148 353 464 99 610
83 411 124 876 783 622 459 193
304 600 612 157 494 761 249 39
624 700 178 632 165 34 663 764
311 463 230 775 265 732 579 484
194 284 101 292 248 123 968 291
56 782 119 470 489 817 335 23
547 43 95 218 584 496 762 76
404 441 340 749 426 747 340 347
805 464 541 130 705 758 646 562
714 59 549 9 528 229 159 143
814 746 128 884 437 232 917 82
996 613 378 948 512 693 973 405
997 892 942 896 154 563 982 671
132 125 33 526 899 615 793 564
218 742 369 772 569 89 893 819
404 786 870 162 384 604 450 664
619 909 471 926 205 675 852 424
59 891 987 831 536 703 702 224
240 14 696 300 24 729 536 611
607 71 151 353 699 536 569 2
438 380 491 322 316 681 901 618
511 698 369 773 397 531 203 702
571 589 880 41 591 648 434 731
147 209 483 970 738 460 883 2
859 700 527 153 843 219 328 708
191 475 64 114 858 215 147 310
800 778 580 523 503 615 859 818
376 792 649 152 347 633 128 380
335 922 513 662 145 913 352 106
326 260 836 607 717 717 505 781
947 602 469 682 749 166 460 917
166 92 740 632 775 980 490 993
739 795 306 239 126 448 384 985
91 474 761 799 630 951 717 686
677 417 336 594 597 145 751 148
260 806 174 139 412 482 800 711
406 822 884 659 164 230 12 351
450 473 274 643 246 620 295 889
280 701 4 841 117 767 125 137
968 332 880 289 890 771 513 421
314 321 776 502 200 381 598 385
506 325 350 823 484 458 766 498
201 269 394 337 812 186 905 577
806 970 826 272 286 614 969 151
312 221 491 302 510 235 878 580
415 425 241 366 666 121 767 420
456 705 202 287 489 243 36 487
512 494 733 8 197 530 328 585
842 667 13 52 160 539 162 436
24 614 599 487 295 154 169 494
564 176 737 283 507 344 144 4
266 458 945 635 306 204 993 729
708 383 141 345 563 124 603 62
850 85 248 796 307 270 956 864
500 72 103 240 496 434 556 857
246 626 381 996 130 624 437 911
277 258 289 391 873 726 963 877
333 108 347 556 367 148 65 114
214 458 2 581 192 672 743 656
101 298 946 176 74 910 373 478
850 535 792 644 996 124 637 328
104 315 985 554 992 286 560 755
266 505 1000 537 245 681 521 651
422 108 738 111 232 174 545 67
750 852 675 301 593 589 666 328
338 781 513 827 754 927 962 464
183 602 203 864 54 463 978 625
208 662 37 612 22 120 573 651
199 458 886 637 58 995 875 531
143 247 176 425 118 859 130 139
332 657 918 171 450 251 191 892
887 257 811 161 645 274 125 578
301 705 435 812 106 280 662 524
1000 361 403 398 205 252 816 340
171 285 23 635 483 68 860 798
458 451 907 109 373 15 995 77
997 855 631 563 569 957 555 257
351 143 1 393 307 183 45 328
427 506 407 481 895 916 611 130
898 797 890 691 528 721 285 953
614 947 485 407 443 453 494 938
97 871 977 107 552 815 499 338
304 13 787 536 252 690 121 411
703 313 337 741 735 803 425 940
144 417 513 239 427 813 618 655
850 36 867 499 473 878 84 457
848 600 424 334 237 163 954 633
439 415 900 451 817 116 334 939
91 525 477 159 463 244 402 672
780 555 608 467 934 302 725 552
355 964 509 970 536 729 219 521
638 400 682 947 276 805 288 154
839 78 310 753 919 529 494 99
935 954 478 461 286 986 348 128
805 846 786 2 533 935 640 855
811 536 335 101 891 582 927 818
279 998 670 46 95 198 423 738
365 277 783 384 777 29 547 90
963 7 366 674 429 832 14 897
508 700 193 728 197 111 942 185
53 367 516 687 377 813 154 83
738 872 831 665 754 348 518 840
786 50 572 432 981 522 268 929
425 347 171 624 273 394 69 730
185 551 258 184 744 170 3 663
876 955 955 86 595 383 717 953
279 409 2 12 41 580 750 767
60 602 348 800 272 135 352 546
96 911 328 977 680 786 157 861
680 405 868 546 260 607 225 10
47 975 719 964 201 596 587 750
879 224 208 134 277 419 771 81
148 286 183 362 78 361 861 828
716 383 799 527 803 336 625 269
144 243 284 537 630 540 34 987
140 771 278 83 826 98 511 116
750 790 470 83 409 823 605 986
21 440 374 81 444 231 64 658
689 507 816 932 286 419 49 444
455 890 920 706 407 591 52 328
415 660 622 757 955 203 468 943
110 589 200 981 155 904 895 792
142 66 515 726 661 278 351 234
781 91 910 28 756 548 138 132
928 275 684 968 557 522 581 886
768 281 383 473 579 390 853 326
839 889 165 164 624 88 751 154
841 6 236 534 370 165 289 409
491 851 729 43 780 252 201 145
347 773 721 658 956 332 763 564
360 385 714 883 320 946 418 464
997 157 712 49 695 150 236 123
220 958 873 321 525 206 832 185
173 966 835 241 230 714 405 926
300 934 786 608 837 203 393 704
203 362 256 826 203 912 188 449
696 839 824 111 139 811 367 42
33 219 17 751 366 438 125 758
883 209 574 49 433 511 295 78
137 983 91 456 586 454 899 236
855 347 1000 135 444 225 336 992
204 308 437 371 57 72 540 276
806 777 373 8 587 88 551 51
138 187 307 989 389 963 881 860
31 548 37 895 325 194 488 805
293 831 655 63 710 907 889 447
100 406 33 827 569 356 741 401
831 278 348 311 995 506 928 461
580 55 780 794 868 769 47 431
612 147 214 452 374 747 282 480
739 99 793 929 647 80 423 931
833 437 736 168 244 965 507 68
55 512 519 668 45 80 853 729
747 542 877 758 668 881 47 236
839 415 256 646 943 852 954 172
581 993 834 809 2 988 516 644
187 618 590 814 853 597 226 801
509 786 708 417 656 929 977 146
380 890 653 698 939 802 83 516
267 365 973 836 798 163 655 174
901 9 55 448 439 654 833 379
384 185 877 893 369 848 338 647
938 364 799 595 720 51 386 206
348 770 249 684 284 245 40 606
991 835 343 534 101 786 428 320
746 6 527 30 80 80 640 362
962 863 296 431 385 698 104 558
956 407 652 560 546 591 706 272
329 74 367 903 761 761 705 399
425 423 836 304 680 155 479 534
876 955 370 18 471 490 83 994
238 144 113 810 823 314 286 193
396 357 18 131 463 283 728 165
672 148 869 203 486 815 993 996
648 45 642 993 834 486 21 358
875 856 916 108 346 849 462 343
59 489 227 123 704 67 865 973
940 646 136 265 837 830 998 395
127 739 307 544 600 998 970 269
650 531 50 385 901 15 837 620
582 772 2 585 987 360 803 483
968 561 199 446 993 247 159 69
720 507 644 384 311 495 656 449
912 904 336 869 19 29 396 167
400 647 993 665 915 297 959 930
49 645 509 830 770 49 34 254
404 623 833 492 315 234 351 952
506 254 516 109 969 568 296 349
348 99 407 244 688 342 964 146
271 945 159 161 57 443 853 129
645 889 959 652 805 779 518 238
438 957 839 377 965 301 78 379
844 586 457 977 75 955 835 594
639 911 339 337 532 251 143 356
929 856 518 379 702 691 607 973
449 177 521 342 652 895 528 861
548 110 474 752 695 220 855 53
943 643 576 448 583 779 693 269
287 360 863 976 495 758 683 760
699 310 679 883 736 177 969 431
259 855 371 805 523 143 643 347
614 194 647 85 373 983 1 909
456 600 53 147 445 999 646 951
608 693 323 261 128 9 957 815
557 955 280 377 719 402 956 943
764 783 734 897 914 322 765 735
474 754 217 678 223 867 983 121
871 970 999 114 443 719 916 501
290 816 794 767 110 129 255 320
309 491 453 96 446 733 278 60
685 78 880 363 620 789 111 337
383 609 516 921 618 25 332 890
397 588 652 458 559 14 580 610
719 751 828 7 263 441 320 360
204 599 533 129 680 370 369 163
832 990 622 873 628 42 971 475
376 418 925 662 43 482 762 554
635 128 995 409 185 906 660 202
690 154 111 28 780 258 720 69
908 562 701 915 876 556 207 316
482 243 756 14 833 952 354 714
797 224 521 984 460 523 247 807
88 320 348 828 220 135 624 263
117 13 483 479 461 602 918 450
993 294 805 921 366 664 640 199
498 566 735 331 595 369 982 210
81 813 999 423 776 795 468 823
941 616 269 399 365 540 870 433
953 829 749 254 44 928 911 994
284 475 591 674 735 53 528 792
4 666 206 685 799 763 476 296
913 47 505 762 395 920 293 309
228 232 176 9 126 681 236 198
367 206 431 226 967 85 22 429
96 708 424 578 106 806 15 63
738 607 571 420 550 868 486 223
3 18 339 399 125 219 209 881
397 459 28 301 935 317 416 769
638 17 175 121 976 845 815 319
679 546 318 111 660 933 284 249
683 478 774 972 194 979 589 60
529 565 803 929 647 291 69 482
858 666 272 971 894 360 447 824
845 177 554 423 35 719 718 195
598 117 476 978 824 777 576 555
105 221 989 133 856 244 345 636
627 581 773 210 638 512 409 651
255 290 148 403 813 588 220 472
30 481 398 722 336 713 799 97
412 67 297 869 645 287 921 927
568 892 347 720 457 170 487 146
773 37 522 514 906 949 58 824
44 258 674 345 687 623 826 419
256 104 746 57 199 152 313 30
98 33 11 632 401 570 989 723
644 815 409 630 568 115 746 191
354 265 25 104 323 720 845 319
924 657 715 33 410 123 101 767
685 739 919 617 927 881 717 959
103 886 562 472 433 586 257 782
158 400 562 47 891 635 991 972
993 753 478 504 222 600 147 133
318 465 877 814 750 305 726 466
964 312 392 581 967 876 284 585
915 556 216 51 233 363 452 395
258 375 607 95 375 879 944 885
588 804 548 468 614 337 895 61
40 147 546 159 604 399 348 3
794 705 741 82 975 633 175 795
464 471 28 321 258 624 804 189
926 10 142 587 617 36 153 970
726 247 29 763 149 317 502 837
758 845 201 370 208 525 808 444
468 65 162 412 428 618 454 195
443 455 628 734 58 879 86 550
291 648 698 104 736 343 580 692
478 818 91 774 578 576 678 884
74 314 293 831 785 473 406 271
132 166 472 509 89 659 316 279
290 154 510 160 475 795 41 891
477 867 482 589 950 333 985 472
183 451 350 282 541 163 232 176
752 928 210 798 885 677 152 593
201 263 766 88 190 840 400 295
396 527 51 739 957 29 992 925
196 30 894 681 853 564 815 140
291 866 911 511 358 516 159 665
156 569 511 994 183 233 554 729
403 40 175 150 530 998 692 174
202 553 952 28 547 945 758 478
700 387 777 40 938 260 130 458
227 753 332 446 110 550 369 227
625 155 112 333 952 238 764 753
921 617 763 785 393 85 310 413
670 828 358 322 71 904 937 509
332 984 960 36 586 209 716 875
900 68 584 376 697 862 668 961
647 226 393 797 785 286 45 811
6 319 780 121 892 192 836 341
586 209 788 880 345 456 742 963
732 752 754 441 230 258 702 84
402 638 706 279 293 739 123 913
843 333 89 281 238 599 364 460
632 360 228 925 0 394 433 513
318 561 106 743 426 477 508 493
799 292 511 670 504 620 571 341
342 453 860 287 912 824 611 294
21 563 976 735 723 450 831 200
338 235 220 148 805 851 753 27
233 223 139 296 139 956 966 377
816 431 925 716 282 663 563 301
782 511 301 854 784 439 409 519
121 955 518 300 241 721 639 615
670 387 480 699 489 298 396 599
304 484 96 620 88 916 238 774
835 5 382 777 518 710 102 260
281 304 148 349 8 864 337 764
178 21 214 794 19 32 86 910
377 883 963 820 56 872 853 33
839 441 1 218 777 250 564 151
299 712 907 680 448 109 414 485
945 712 594 837 676 288 67 280
539 189 437 742 775 966 900 466
78 616 390 613 700 875 818 143
938 432 538 62 766 495 293 202
464 162 739 2 595 246 80 342
887 636 577 453 298 155 151 706
712 118 927 474 666 493 357 199
859 323 216 317 362 730 913 165
575 14 468 156 705 715 131 560
675 740 953 310 521 570 57 659
945 701 391 349 196 704 332 319
366 130 115 453 874 817 274 677
136 867 284 417 727 802 537 0
260 909 379 921 778 608 936 892
538 965 765 636 413 759 124 666
938 908 179 736 963 510 149 910
593 217 739 704 860 914 284 343
977 714 274 428 588 164 799 692
605 610 932 248 42 756 357 505
52 126 149 21 477 862 746 409
774 930 560 622 935 312 689 692
222 594 945 344 700 324 416 271
347 408 722 151 127 252 807 190
48 567 108 538 61 496 220 823
549 846 201 621 682 309 839 438
744 989 606 932 849 304 518 332
32 930 756 463 675 706 3 769
444 157 490 899 537 539 819 444
636 492 105 419 204 675 233 502
689 871 336 632 707 443 68 794
651 611 426 182 965 176 171 328
483 932 97 101 386 901 913 583
457 277 355 217 479 278 637 665
638 524 589 539 114 392 826 471
736 185 843 393 810 117 955 97
146 38 609 527 741 890 328 192
381 296 636 26 830 566 646 479
829 597 88 577 592 806 566 897
736 532 909 896 881 309 509 462
385 431 704 346 660 200 826 538
956 795 722 157 731 471 892 189
355 922 704 23 270 467 16 494
604 475 886 765 919 453 399 242
38 333 425 930 210 471 812 111
803 757 922 87 502 885 196 372
666 178 395 148 618 831 131 38
754 296 80 949 776 952 744 199
51 877 370 161 876 667 682 645
828 196 151 73 759 156 593 882
527 571 983 751 895 936 120 528
431 44 749 397 661 55 800 668
285 451 33 866 473 649 21 878
615 44 563 246 635 541 792 320
949 27 180 113 956 773 122 772
499 788 965 121 488 145 692 989
151 224 792 557 337 225 659 338
658 359 56 201 454 550 435 352
90 392 413 270 122 703 822 187
376 31 117 757 192 738 718 137
547 834 247 633 142 616 92 369
614 337 164 754 437 946 373 180
249 534 65 925 145 1000 160 623
925 795 73 683 147 766 643 156
333 476 723 514 96 931 794 561
500 375 872 469 297 674 768 503
734 977 187 217 664 841 996 832
387 508 872 758 221 450 313 692
106 736 691 239 166 795 157 738
254 962 710 989 502 88 955 473
411 652 490 895 846 105 18 790
337 190 859 156 781 494 715 247
870 328 528 386 235 246 955 722
606 689 704 921 674 604 964 207
247 270 415 533 735 134 314 796
882 299 981 414 54 989 158 806
678 352 526 682 784 208 200 408
712 315 966 800 871 325 772 323
2 48 229 854 821 544 999 848
409 368 623 792 668 729 418 608
724 93 211 237 658 955 401 557
914 511 425 961 963 897 754 213
203 705 463 712 18 459 139 366
60 340 519 730 384 60 707 784
176 756 808 677 911 696 125 988
892 694 859 802 653 843 73 752
643 839 390 851 680 707 733 178
996 876 912 183 432 156 293 955
814 858 313 90 391 591 27 372
800 803 921 948 663 951 575 432
448 776 147 720 278 349 671 170
112 197 690 177 181 93 833 557
12 836 616 183 556 820 755 273
935 467 451 838 602 380 383 988
657 26 126 791 165 467 39 551
343 240 478 586 580 955 710 261
990 136 945 46 368 424 659 776
625 595 783 826 42 49 900 901
769 470 228 353 176 130 225 971
768 968 63 53 505 778 85 397
612 820 723 651 404 708 540 208
153 722 133 301 955 555 947 825
47 298 743 892 333 697 19 481
496 845 707 753 937 689 752 537
302 980 993 348 540 345 875 682
397 632 807 733 12 963 852 598
102 739 153 65 625 987 662 401
637 888 273 27 492 129 147 997
697 456 164 185 77 570 670 438
134 742 442 995 565 113 990 395
208 418 544 576 226 296 120 474
20 634 846 778 555 366 499 797
989 738 459 732 733 187 429 641
364 334 945 137 87 26 800 52
471 17 845 101 672 265 939 897
252 829 755 684 27 394 375 710
791 413 807 232 925 635 295 903
797 768 994 78 254 734 209 34
487 643 761 131 880 640 641 348
229 201 672 787 652 777 187 685
727 289 978 297 365 218 93 627
926 811 28 349 682 854 825 231
28 493 552 158 282 854 874 144
628 369 257 40 758 283 163 948
166 336 410 689 115 8 618 15
595 474 14 185 319 156 432 982
95 832 659 740 306 928 751 274
746 970 564 36 354 971 612 671
395 706 14 770 518 379 191 670
176 175 189 138 812 352 2 310
749 991 966 753 565 422 950 927
953 367 302 822 12 859 399 677
828 359 720 709 252 657 704 467
561 771 946 397 555 766 286 317
609 209 115 368 383 759 168 77
62 260 439 275 536 101 856 427
61 304 156 138 468 446 27 835
58 170 202 21 954 922 39 491
379 121 891 944 464 697 276 597
772 149 551 1 546 665 258 14
724 308 167 838 82 46 23 47
493 913 398 239 62 661 91 32
332 439 120 986 630 984 478 26
210 632 11 375 34 226 549 901
242 147 67 134 323 247 171 302
720 949 903 827 270 801 233 952
911 56 53 752 598 719 874 800
729 492 351 172 607 243 722 808
246 565 209 222 782 428 226 796
8 7 291 212 625 416 697 892
110 158 824 773 461 297 786 228
932 558 97 154 371 930 706 14
934 922 165 502 18 792 300 25
617 422 455 117 230 672 45 778
265 199 545 945 746 460 868 453
573 860 629 613 373 873 298 170
315 822 525 107 827 22 713 336
556 305 793 242 839 772 841 107
430 669 741 172 298 320 985 355
370 854 8 971 962 351 225 384
995 301 628 993 749 405 118 626
654 628 259 620 969 661 355 268
310 910 557 701 935 422 462 171
194 164 218 82 151 74 154 370
82 809 51 537 968 962 902 748
510 143 788 927 690 446 129 257
821 467 396 59 380 418 565 586
431 131 125 499 411 922 533 21
74 870 281 606 56 718 70 584
740 933 463 103 562 176 221 298
686 391 402 415 731 845 83 601
620 315 985 231 177 526 754 238
119 551 483 66 858 685 162 973
815 90 896 209 370 202 229 567
195 569 535 481 922 390 238 625
958 605 93 582 15 156 253 417
184 833 68 267 855 538 319 311
760 17 578 615 157 922 54 121
374 889 829 906 694 684 862 748
566 736 973 927 309 771 5 352
813 614 357 659 795 902 538 663
507 689 155 500 830 865 807 142
174 941 520 968 921 194 909 573
586 534 196 804 27 199 923 918
869 685 577 820 906 680 932 288
279 524 339 443 930 993 715 904
337 599 201 266 773 318 208 191
874 129 47 437 908 117 950 173
819 42 670 195 256 161 190 189
978 440 410 647 577 613 136 372
353 550 1 879 307 966 652 608
539 153 135 204 672 344 532 967
754 817 106 296 752 714 354 7
54 849 338 436 369 643 690 118
915 619 719 819 403 68 524 954
217 430 651 379 556 328 878 204
505 633 455 392 382 967 930 607
965 746 844 894 464 868 775 246
938 82 418 301 586 29 120 652
637 985 792 501 380 541 537 447
147 674 894 728 941 784 87 325
585 410 618 635 620 407 389 608
2 685 286 570 971 729 485 144
513 557 708 225 734 936 42 175
640 967 657 100 865 414 330 853
476 78 342 629 190 441 394 970
440 267 576 170 484 583 794 636
438 350 887 606 959 12 289 1
898 281 406 255 690 250 431 767
390 609 298 671 681 125 763 432
612 294 799 468 368 128 142 263
997 116 946 357 788 218 308 203
945 745 199 802 654 789 49 852
583 653 296 171 733 193 10 596
76 586 611 432 334 66 473 670
173 485 297 740 555 975 828 530
171 523 957 922 718 151 888 305
245 835 38 736 805 332 787 664
330 894 725 360 330 727 215 178
347 914 716 609 508 797 546 51
43 167 524 585 843 291 844 14
601 424 572 829 548 151 258 368
542 580 774 838 696 496 927 374
80 789 364 966 330 550 349 129
922 658 760 708 823 828 650 742
706 392 519 689 794 178 586 673
252 124 64 361 610 287 95 834
309 868 159 185 765 874 375 701
536 562 277 457 804 866 145 405
684 139 433 946 941 989 26 38
966 795 953 692 581 733 340 88
825 736 678 773 462 873 80 337
192 402 670 301 887 839 481 52
797 281 781 600 334 435 928 649
148 394 193 255 988 948 72 252
734 779 383 661 484 400 417 925
184 857 10 226 387 505 34 776
686 351 106 349 576 521 948 88
53 871 159 283 799 652 355 935
926 811 632 220 736 563 89 294
191 337 988 454 651 107 519 172
529 480 667 634 727 893 566 404
159 690 172 472 77 864 179 924
28 463 572 284 21 787 740 189
85 645 447 649 146 902 162 965
712 101 954 212 302 944 727 171
807 155 817 410 546 868 261 968
97 943 131 635 990 427 257 73
658 762 623 260 777 496 918 927
850 127 77 776 33 638 693 195
189 304 534 449 582 532 104 508
765 726 874 675 995 554 506 109
941 457 65 623 264 550 88 405
250 749 872 778 703 925 237 899
349 623 650 929 598 244 587 444
918 900 69 215 424 329 968 554
633 664 988 652 249 420 941 296
232 436 276 953 748 927 911 194
580 46 132 716 614 266 231 274
702 445 810 380 101 806 212 50
235 662 948 991 278 860 114 691
447 854 203 648 904 97 819 264
186 496 502 26 479 681 20 178
694 959 70 991 44 676 747 205
722 894 974 819 982 479 569 585
975 55 374 233 257 970 777 224
889 517 351 75 42 321 64 467
929 711 251 964 980 590 79 55
267 572 574 983 753 648 605 29
368 268 655 67 707 764 948 483
256 723 903 385 534 291 286 696
711 231 92 744 501 872 653 201
971 658 554 713 757 190 592 31
78 116 112 744 486 1000 494 76
100 433 256 312 945 750 624 69
261 967 992 984 109 705 966 150
47 820 58 106 696 948 578 317
209 755 741 801 630 544 269 321
39 221 860 251 887 232 750 394
874 491 970 996 65 267 548 149
733 802 710 797 69 579 1 766
939 246 545 833 76 643 570 638
305 922 577 698 89 553 674 681
720 134 807 942 243 151 291 800
716 857 561 871 441 13 876 210
208 864 271 271 968 140 173 114
593 794 899 325 960 174 604 841
520 591 919 247 606 149 611 686
223 316 128 229 165 737 890 8
877 300 26 607 522 472 914 601
69 429 5 605 570 304 990 811
181 44 204 405 549 42 797 230
88 918 721 492 554 12 580 455
396 204 304 68 515 593 875 271
713 658 340 572 849 778 233 714
815 134 868 20 122 969 192 593
933 905 306 844 110 17 435 879
221 117 547 3 565 57 553 267
220 495 582 261 351 18 349 223
143 189 29 506 813 86 667 59
527 220 554 288 300 27 980 486
795 766 765 700 356 449 419 25
592 283 327 183 908 536 193 825
29 183 680 124 376 816 322 606
817 626 478 556 395 435 176 610
39 958 34 629 434 551 354 121
185 876 252 552 368 83 924 570
274 689 779 116 563 660 432 886
643 379 920 973 487 238 975 218
827 429 461 611 24 611 724 502
191 761 919 230 690 801 401 875
590 449 36 787 790 724 870 100
30 636 714 466 637 7 105 300
989 981 600 792 648 272 31 724
197 230 220 11 4 415 507 230
776 796 64 857 74 681 929 791
257 769 719 346 924 903 616 374
850 858 853 512 143 811 731 194
525 514 536 49 917 157 655 130
65 892 2 578 615 102 593 694
105 863 295 83 962 602 2 807
63 291 727 174 423 142 53 188
573 711 810 507 473 809 40 572
897 198 857 797 403 862 793 638
568 720 559 796 420 972 833 341
568 570 219 436 666 722 267 957
464 607 227 520 369 896 191 49
227 568 353 183 226 118 683 218
198 437 284 853 172 493 343 578
143 379 949 651 625 658 548 297
552 217 974 720 532 25 144 759
273 353 453 23 280 537 562 34
130 993 14 342 250 216 497 836
441 780 896 674 80 487 302 449
454 765 588 370 384 495 210 688
815 661 304 369 351 408 897 425
804 853 699 504 101 740 643 691
690 487 740 333 526 543 856 946
863 824 602 724 310 835 433 277
126 65 658 950 242 60 495 977
44 299 889 794 848 249 857 334
128 722 633 133 805 60 983 782
758 633 407 511 706 126 803 96
396 292 844 541 965 692 753 321
222 930 422 594 424 488 453 167
380 753 461 82 619 807 815 795
900 739 65 870 162 105 377 72
677 248 62 324 741 685 878 328
565 263 864 951 514 866 27 91
514 167 216 272 977 425 417 63
183 340 606 503 571 814 118 573
629 33 509 801 623 430 215 936
694 221 828 375 70 257 729 152
294 266 828 718 778 955 716 988
472 276 302 539 370 499 464 290
493 721 282 497 391 280 923 23
882 7 216 739 281 272 924 429
431 138 539 56 530 923 686 734
591 114 329 523 381 332 421 342
284 676 536 815 944 95 135 206
828 728 615 302 144 649 820 940
143 97 759 931 98 15 920 160
864 247 515 596 978 977 543 739
344 855 388 171 638 604 119 526
445 430 656 784 665 926 300 973
187 415 233 242 467 199 262 973
417 782 609 466 403 401 809 685
578 649 574 456 388 71 914 729
783 714 64 804 642 451 929 691
801 700 631 966 87 15 717 293
93 321 507 712 776 215 654 676
981 361 416 832 666 264 572 713
587 905 18 847 883 394 564 703
984 629 335 153 362 331 850 254
881 550 211 714 229 459 758 853
635 354 197 745 637 461 49 69
158 340 417 629 142 70 462 633
361 405 41 347 673 10 435 689
22 937 357 542 857 733 432 309
143 425 889 272 760 735 639 616
938 47 543 747 498 764 267 603
348 640 389 244 651 287 251 643
86 860 796 508 970 995 129 811
309 632 89 607 230 94 417 736
154 87 345 947 521 317 114 25
402 588 589 212 774 368 973 586
220 251 237 980 956 709 536 112
594 626 516 606 356 480 712 715
963 758 339 935 317 291 578 464
638 338 451 146 320 471 877 376
234 746 714 153 944 952 797 42
662 520 683 549 473 551 556 390
964 107 886 779 490 802 867 299
210 4 870 826 374 424 527 253
941 162 228 851 721 299 266 579
993 764 0 67 88 348 405 812
784 139 923 627 583 403 213 11
992 519 347 22 264 190 801 683
710 488 838 647 748 993 369 953
370 541 668 487 781 193 953 842
766 694 800 944 335 438 32 345
734 56 904 321 379 274 121 871
47 806 997 211 542 109 396 397
317 833 668 579 718 331 562 267
424 59 292 681 699 882 417 393
856 292 343 104 419 486 897 660
4 197 549 206 451 895 409 504
319 2 874 500 798 555 488 185
105 693 868 175 11 123 382 619
966 904 458 52 797 52 115 491
519 710 181 564 126 275 840 16
725 872 950 116 761 550 933 772
250 514 359 899 186 141 453 462
323 659 649 528 847 922 122 275
542 885 364 490 72 180 744 926
947 96 82 773 655 182 65 592
696 101 603 735 330 389 400 882
172 888 51 191 764 587 897 125
422 61 725 685 377 672 633 608
373 244 11 872 661 645 496 635
298 601 571 517 696 622 208 850
436 737 199 438 484 96 912 618
503 467 168 378 792 443 387 760
216 301 634 982 660 538 466 669
287 390 504 39 723 200 660 869
714 578 392 787 863 136 646 540
587 656 48 604 838 727 639 314
245 397 434 431 387 222 562 495
655 691 211 170 829 314 920 819
715 237 315 6 885 937 541 109
872 321 559 455 388 901 757 985
499 106 301 918 627 443 156 728
824 859 464 279 820 135 784 612
493 867 836 50 771 924 82 908
348 72 666 652 447 773 243 390
802 593 258 610 233 388 142 157
837 587 93 829 5 176 165 351
911 469 786 143 20 308 396 2
733 4 61 710 336 246 225 841
800 473 328 988 541 165 950 998
946 802 771 950 761 540 369 473
733 670 457 468 390 190 409 346
562 684 425 885 811 414 743 991
457 71 49 528 66 132 976 185
39 58 409 206 515 59 983 815
204 668 20 690 389 332 984 382
444 47 645 683 153 666 465 165
64 275 883 312 114 5 566 174
977 957 168 54 77 78 448 490
13 534 573 793 40 968 890 218
604 842 973 434 914 853 7 549
348 728 668 52 47 814 604 515
367 564 465 211 864 649 992 940
201 918 555 231 273 606 233 94
325 814 705 206 501 545 36 505
955 16 689 610 481 609 329 614
928 366 433 514 259 608 548 850
352 697 464 852 275 201 252 933
419 595 973 713 491 748 790 362
872 23 564 499 504 796 209 396
804 479 139 292 690 936 627 286
15 775 335 761 514 862 103 253
335 20 598 714 16 840 328 416
440 389 18 550 855 87 948 5
318 241 73 987 341 445 149 214
984 178 630 539 3 399 940 499
96 179 945 165 264 671 649 367
248 163 405 208 339 548 634 27
638 112 123 927 122 63 873 558
534 818 24 981 391 990 905 391
592 529 588 113 242 165 785 64
174 155 373 647 868 507 360 134
277 552 401 219 492 423 386 689
532 843 965 336 810 145 654 277
314 172 805 393 947 229 499 394
247 95 9 294 526 892 869 872
458 718 333 655 939 289 118 551
933 959 875 734 922 874 489 180
855 395 277 419 643 958 879 390
755 387 840 528 126 664 375 259
15 530 754 924 843 62 272 88
464 378 340 554 87 187 949 450
451 284 856 970 47 48 56 110
739 826 947 991 183 197 706 988
976 894 343 439 974 278 442 447
716 283 664 472 315 426 405 169
943 112 821 711 172 782 45 660
791 746 423 413 290 154 987 535
187 965 724 792 202 229 28 353
267 538 409 953 281 92 565 460
469 796 202 668 383 175 811 99
321 790 511 942 862 400 471 747
90 347 420 550 448 939 7 29
904 633 824 225 254 620 836 500
179 691 835 662 261 594 973 987
995 493 169 908 196 612 557 595
352 532 389 811 956 93 119 100
396 981 37 92 984 5 388 992
382 772 680 287 688 774 167 941
968 380 842 220 44 176 446 631
874 879 581 914 874 646 123 199
811 867 285 54 3 210 588 242
594 442 310 353 685 593 832 571
441 361 528 194 577 453 419 178
637 287 231 740 204 734 114 877
618 231 797 62 752 138 165 393
925 138 524 142 279 607 489 490
359 724 653 567 40 642 750 397
91 414 544 30 204 870 258 181
63 476 309 0 151 499 792 188
390 168 17 27 812 787 898 858
284 919 223 806 349 115 229 70
907 885 199 43 689 878 98 48
113 52 603 882 350 13 219 981
863 101 758 794 373 144 913 498
505 582 592 513 436 98 791 70
667 152 197 775 118 729 544 193
414 573 480 904 202 772 583 549
959 218 528 784 269 910 579 899
563 510 710 546 612 74 571 47
67 393 635 480 451 54 987 502
971 598 49 4 560 796 1 847
476 892 820 382 432 315 72 769
849 699 136 976 696 831 632 502
316 788 266 324 858 640 632 335
701 941 821 73 843 487 348 299
499 128 691 863 953 867 279 342
540 476 76 806 369 504 343 542
963 597 923 250 516 433 985 166
381 758 800 836 51 647 942 815
227 684 534 963 978 818 435 548
763 599 93 183 519 695 929 854
510 945 155 874 602 541 828 529
803 426 858 639 809 186 44 116
366 60 806 430 738 820 821 665
926 12 507 620 117 692 325 387
18 939 623 181 327 955 189 401
355 267 535 274 751 94 219 322
421 843 827 256 206 264 430 414
928 326 868 54 261 663 665 743
482 85 189 47 912 3 886 190
223 545 716 357 227 921 428 360
614 501 695 523 812 812 611 611
648 640 827 735 35 816 530 291
391 762 440 176 37 898 586 138
883 671 298 773 885 15 8 934
709 439 32 692 767 686 521 145
954 719 925 228 400 665 364 594
602 589 80 657 482 923 914 862
333 55 270 44 53 235 716 263
230 8 0 146 539 404 268 67
250 665 191 193 752 793 465 759
122 901 260 64 929 911 717 684
34 248 790 795 308 407 530 340
503 990 706 610 823 522 246 711
317 392 55 191 143 501 49 765
977 148 933 284 811 440 691 249
168 833 667 122 350 994 97 849
407 478 334 169 183 439 598 934
635 355 717 762 703 165 118 967
472 973 192 286 296 1 997 941
530 405 564 138 595 759 142 947
591 894 924 485 517 509 14 108
185 938 588 496 802 418 795 617
239 478 565 267 929 173 942 152
977 912 171 236 824 171 218 641
545 972 135 797 180 671 283 651
649 822 742 399 871 953 502 201
434 701 719 260 588 885 855 946
651 389 420 416 641 279 921 668
74 329 143 148 978 532 455 392
930 777 433 857 55 412 306 944
146 987 949 776 337 956 978 16
303 945 369 562 811 861 733 874
487 540 591 479 195 527 115 580
357 292 301 684 281 529 801 542
822 830 989 180 298 130 263 72
232 162 800 289 888 718 571 669
783 452 580 145 311 958 328 627
321 116 975 375 265 608 521 295
391 803 122 664 412 192 177 556
755 610 988 64 58 785 629 261
862 252 953 676 242 661 296 148
957 330 291 116 590 603 53 760
439 54 793 302 778 977 218 247
466 345 263 31 161 582 106 870
271 664 404 954 407 978 849 802
352 421 491 152 380 496 261 373
370 854 186 586 617 181 87 917
756 212 405 788 840 387 884 815
975 615 423 834 141 480 937 752
369 656 182 870 917 358 685 90
60 696 282 78 648 107 875 511
552 25 381 810 478 68 930 120
680 590 556 387 740 168 507 366
119 853 397 409 991 762 111 402
723 473 504 702 880 854 72 717
612 694 965 721 207 870 39 133
934 772 888 768 64 221 107 978
800 252 93 817 768 167 260 652
159 294 668 155 579 194 253 383
323 783 422 976 577 649 117 57
873 648 942 868 492 68 795 83
363 311 312 770 582 892 309 881
668 831 923 338 867 636 701 250
59 986 656 948 750 522 211 732
887 332 455 286 891 20 917 154
739 289 224 407 45 188 295 292
677 720 567 276 473 345 286 973
144 254 858 328 194 11 229 242
270 391 572 972 491 282 391 519
459 689 840 270 842 279 557 37
931 319 458 90 240 473 71 448
255 827 955 815 136 285 126 332
524 468 37 883 316 418 893 509
293 346 984 788 787 909 580 185
511 860 421 166 723 815 493 69
360 628 28 63 514 601 754 990
775 557 48 118 897 382 392 757
540 173 986 754 584 537 198 880
13 909 913 129 85 39 65 76
778 913 623 758 946 225 982 741
394 732 840 386 291 636 369 340
168 629 303 653 118 911 241 844
928 914 636 247 680 912 829 712
687 908 795 460 211 410 317 180
189 528 125 465 677 49 944 840
493 40 296 9 736 212 542 704
632 495 658 317 86 769 964 747
429 577 349 313 172 232 981 178
312 793 805 552 638 597 853 368
610 542 718 250 338 470 541 244
975 321 26 392 273 124 667 178
115 234 938 346 152 73 891 445
651 664 910 112 81 625 508 479
535 19 67 62 97 133 101 899
869 708 392 628 839 105 419 197
352 942 975 551 738 329 349 374
650 919 0 239 22 895 72 367
410 292 937 880 357 691 597 828
930 3 252 873 266 928 594 611
807 892 445 341 112 447 441 554
986 927 522 623 105 159 406 95
499 439 548 448 273 195 933 956
414 759 951 963 323 533 970 869
369 131 769 924 772 410 153 899
747 445 535 122 652 465 281 527
608 470 379 394 49 21 112 333
564 205 791 822 140 756 118 303
286 862 954 204 88 928 722 654
669 334 147 57 41 752 172 862
315 209 349 181 567 192 648 367
360 363 930 667 262 131 184 488
492 910 106 812 235 911 886 490
783 740 186 841 105 838 459 472
735 491 929 671 614 417 68 308
658 481 363 833 9 421 995 874
760 730 528 692 232 54 703 395
710 43 458 47 964 610 158 502
79 85 99 321 43 665 926 577
117 50 698 630 151 109 22 734
7 687 910 96 604 809 619 335
20 857 8 401 617 39 986 115
526 263 897 973 470 643 327 961
863 578 636 707 592 868 218 950
776 395 886 311 431 906 359 36
767 723 358 708 151 31 503 732
264 362 983 406 823 770 706 104
889 689 631 810 961 395 269 807
34 432 617 987 94 758 104 800
834 609 533 972 765 150 453 53
218 326 547 232 439 672 16 567
599 668 245 667 749 929 994 63
367 7 562 359 811 463 848 264
695 862 345 222 492 76 996 196
861 64 751 275 238 510 444 44
457 528 301 1000 714 524 712 706
411 859 120 379 58 286 211 899
611 193 684 227 964 542 975 256
527 878 357 552 416 170 557 948
149 33 429 158 877 711 75 397
847 832 109 942 390 488 424 823
998 326 20 185 979 687 930 702
507 292 685 298 812 313 671 340
512 204 734 958 28 441 465 463
441 655 232 675 920 931 466 31
733 772 613 535 14 815 180 248
459 559 123 367 218 798 993 16
1000 974 621 595 961 697 941 481
910 411 983 292 31 752 862 518
132 679 973 939 604 415 86 565
328 24 477 806 136 80 829 495
35 6 666 948 26 284 141 668
890 33 44 478 693 793 597 492
895 76 553 521 686 74 561 963
939 601 39 395 384 200 438 890
992 373 897 476 621 943 528 732
389 350 739 413 74 768 952 526
366 33 529 652 618 157 539 788
594 655 926 253 380 226 815 340
744 907 129 612 496 539 291 438
327 432 579 444 828 282 628 333
377 86 459 380 408 132 70 90
488 596 538 81 912 932 328 247
733 609 432 500 51 831 78 178
890 120 457 813 51 154 756 192
544 654 205 16 132 563 338 397
918 299 569 254 837 781 239 125
958 714 612 750 575 103 569 298
379 844 643 556 949 158 724 404
478 613 416 104 868 872 946 776
105 424 75 0 252 280 265 378
753 916 756 712 419 327 591 311
356 715 800 884 114 432 705 373
445 268 371 911 21 553 601 5
659 763 179 786 371 885 571 785
121 521 625 417 652 322 235 518
893 604 262 472 531 255 434 854
368 826 741 432 546 838 740 964
695 684 116 643 607 974 739 840
749 375 669 925 677 248 763 309
322 438 956 982 394 746 254 709
273 363 196 815 781 205 529 515
612 984 899 768 534 147 834 387
971 995 999 488 304 681 366 111
757 30 583 776 779 750 860 435
503 76 169 435 632 482 352 238
684 762 696 12 246 576 528 399
317 145 729 309 664 536 98 250
617 595 464 613 913 108 974 867
400 107 945 646 443 288 516 528
952 808 436 124 76 191 144 98
497 138 18 320 340 449 722 244
274 86 690 379 698 555 33 34
909 514 368 63 997 472 17 681
658 476 868 999 461 780 421 524
760 339 945 998 575 487 515 643
336 679 942 967 302 854 760 556
356 170 955 91 369 502 460 29
904 203 975 52 938 696 487 545
478 232 666 175 961 960 772 689
208 974 626 331 384 712 148 254
634 161 996 673 590 42 34 807
155 994 624 153 740 521 778 740
419 661 297 583 471 771 158 328
715 437 314 709 82 936 452 752
732 419 712 259 752 901 339 413
993 391 928 214 648 621 598 832
213 233 544 940 687 818 155 65
807 801 751 107 331 899 861 971
478 190 298 538 895 421 529 636
381 245 933 952 667 648 340 883
39 563 387 985 970 919 168 571
423 425 163 925 942 816 63 517
848 265 334 169 463 793 130 984
235 188 126 481 505 608 496 153
420 442 318 596 457 262 956 998
70 747 349 838 932 516 990 171
717 334 494 520 593 247 3 354
942 272 756 897 557 158 447 599
554 976 759 426 720 387 543 151
223 701 242 898 56 809 758 228
1 933 387 296 524 692 629 525
969 316 436 725 444 75 72 196
17 498 399 669 435 397 316 683
690 340 718 144 460 768 696 841
536 423 258 990 213 149 901 875
537 934 716 284 660 994 78 621
671 995 181 914 841 766 9 844
552 97 868 269 582 387 221 729
239 691 111 479 0 573 883 627
17 832 583 641 185 827 465 274
445 552 789 676 247 571 591 404
388 971 648 614 939 787 976 841
433 570 124 932 199 231 557 802
982 443 551 993 541 417 688 286
685 762 693 60 99 691 833 977
424 507 736 372 467 741 940 207
346 218 70 173 658 64 142 226
333 48 958 942 377 332 183 295
552 691 667 934 604 267 446 234
882 190 543 924 682 65 636 467
536 650 908 201 136 382 26 268
985 152 430 571 495 258 879 202
516 534 930 436 191 217 429 218
109 334 21 833 52 602 594 798
814 870 623 930 795 368 679 827
720 553 259 92 632 233 122 55
394 800 28 592 10 554 739 894
600 823 689 783 543 704 21 85
656 65 417 40 287 438 226 505
152 268 155 946 251 888 370 152
218 320 925 834 997 999 197 423
460 484 631 158 133 132 756 625
259 843 306 341 796 342 181 125
877 576 750 410 493 516 652 995
550 328 610 712 383 208 352 350
402 264 238 59 916 928 209 891
834 171 356 697 271 274 479 387
809 605 634 658 376 393 275 84
934 280 65 811 669 471 740 922
380 862 827 233 127 881 310 97
184 290 994 83 744 606 183 994
291 103 786 154 656 605 167 398
17 382 752 887 280 339 239 396
423 502 899 505 676 999 696 922
531 461 201 299 304 105 258 268
135 391 200 104 245 468 589 581
681 972 832 857 846 362 427 421
620 323 937 635 185 56 522 187
912 685 419 973 961 556 362 55
301 357 396 484 672 152 122 7
494 344 74 330 71 106 177 317
512 31 193 945 568 177 265 443
897 168 369 519 931 292 172 775
819 571 178 386 503 733 148 530
249 60 462 776 97 288 727 68
992 715 700 564 907 340 637 897
544 105 372 761 741 687 42 243
175 242 726 631 605 489 208 956
790 843 930 355 549 114 92 380
203 145 478 983 794 228 358 243
728 267 3 29 366 411 25 453
749 357 486 691 969 245 714 442
916 242 429 151 548 449 5 827
807 83 606 853 65 281 697 505
89 120 928 678 719 511 84 987
634 265 84 343 401 229 423 955
939 476 382 460 258 546 444 607
540 166 368 111 494 493 198 620
530 563 983 736 846 554 111 542
315 377 800 948 759 890 935 568
777 870 438 146 874 636 927 461
964 903 305 511 709 99 582 805
734 402 147 422 575 103 319 900
754 827 376 101 64 148 512 798
525 476 950 230 86 820 556 536
868 24 146 218 782 252 696 330
561 251 797 296 190 599 127 714
476 880 934 263 917 517 119 901
782 812 744 863 735 45 683 428
86 713 540 240 308 704 652 949
116 3 838 318 706 551 364 201
686 7 468 896 905 630 967 655
665 968 281 727 637 65 806 915
979 261 391 535 619 410 413 565
625 360 284 802 490 931 242 504
888 122 863 736 283 921 282 8
61 254 239 568 92 5 128 73
184 369 760 822 838 510 685 87
775 722 71 452 611 751 851 805
229 123 242 864 706 994 335 590
57 505 872 958 75 375 248 892
732 287 463 641 23 325 593 78
570 263 147 824 857 81 154 641
602 663 335 268 552 239 930 588
909 973 149 270 460 155 902 719
367 722 748 626 692 74 710 625
570 257 758 177 948 182 221 528
971 155 537 614 475 638 163 879
917 524 434 55 813 546 262 470
735 42 705 872 944 776 318 319
876 280 502 330 876 462 382 813
264 559 640 170 184 105 304 704
152 342 911 55 553 516 187 675
31 542 909 922 738 434 974 696
342 593 279 329 793 177 314 536
845 492 845 376 373 718 637 603
702 967 27 95 870 323 534 604
810 106 455 350 597 725 709 401
72 697 233 986 924 161 157 22
45 125 779 496 125 731 123 405
147 543 924 0 578 974 191 106
219 438 218 911 901 165 262 278
582 572 251 297 722 701 223 193
697 776 68 28 507 528 920 821
368 981 392 106 285 28 674 376
237 321 135 995 44 193 536 413
240 140 364 988 397 798 861 984
949 324 766 478 706 357 622 206
66 437 890 517 155 450 46 788
614 611 390 672 375 679 605 21
847 713 932 469 40 295 865 247
587 951 83 782 505 616 123 182
51 558 769 20 195 236 789 69
106 210 588 683 435 518 141 502
799 299 890 97 564 407 261 69
986 697 997 507 41 505 471 315
934 553 255 907 743 975 898 590
34 358 499 3 890 450 948 162
656 755 548 380 841 706 635 427
720 192 153 856 72 219 444 52
353 353 234 238 797 300 792 438
810 805 39 128 833 852 99 227
181 60 161 379 218 17 501 612
41 864 672 495 942 149 59 47
758 718 539 638 999 662 541 455
68 961 144 842 122 787 862 913
81 539 444 857 867 220 955 792
745 973 743 196 825 90 961 170
44 493 418 305 262 876 505 765
234 790 616 884 681 991 462 836
443 795 942 900 86 488 680 305
142 829 602 159 911 649 468 656
535 847 6 325 318 768 703 530
627 898 359 42 654 107 870 69
377 52 68 530 585 411 72 867
756 675 368 825 855 92 581 545
187 557 515 823 942 945 842 471
784 796 235 859 98 126 526 439
653 443 705 230 668 509 590 88
598 636 839 224 790 871 695 585
133 412 63 347 604 782 460 413
868 995 881 965 609 678 210 535
25 90 797 930 775 211 800 249
407 418 177 403 885 634 346 656
900 983 455 427 650 244 827 764
514 255 223 811 934 436 360 167
235 815 728 789 47 735 482 964
853 667 611 946 471 540 16 99
187 399 198 315 773 804 749 617
428 861 929 424 880 709 88 26
329 617 427 408 404 540 493 450
943 195 54 282 999 356 675 128
187 617 811 762 13 125 165 661
423 831 992 147 160 608 14 342
380 590 725 704 933 881 236 79
592 790 304 968 320 245 642 927
627 176 639 448 385 238 604 571
29 550 335 591 4 553 975 759
718 176 308 110 239 618 758 558
256 947 853 436 417 811 606 977
894 359 130 161 986 827 8 675
309 481 51 0 412 483 467 551
155 676 193 202 680 377 491 542
438 274 654 405 822 474 812 927
612 73 574 309 911 474 463 771
875 332 763 287 1 123 739 608
514 998 756 960 623 583 700 977
31 505 955 470 191 668 919 549
673 107 817 527 830 201 909 849
222 338 513 604 879 386 744 283
499 15 913 286 294 175 949 130
763 977 196 88 999 708 673 423
744 513 986 417 813 350 504 432
651 222 765 146 436 192 525 46
14 238 619 378 489 535 347 469
535 322 366 31 73 6 86 71
13 897 952 820 864 807 869 790
617 950 711 670 175 401 372 650
603 969 548 838 478 311 346 899
418 223 303 953 214 777 379 869
845 518 420 179 263 879 198 854
986 554 612 535 923 454 95 621
208 18 4 97 717 981 773 626
557 155 746 116 685 525 405 838
724 717 728 839 182 629 582 240
872 677 952 484 391 735 691 656
875 887 306 331 293 475 756 446
951 56 935 652 241 556 264 479
453 365 816 342 257 792 206 651
837 400 537 186 94 445 993 358
626 587 431 761 212 665 286 50
487 578 802 128 705 45 289 719
99 882 104 1 759 690 177 219
579 461 202 418 946 121 57 330
331 285 615 760 55 225 240 470
631 252 665 305 233 703 974 74
741 827 19 455 477 595 647 199
200 623 921 972 363 975 674 741
529 552 275 920 582 413 925 161
358 918 23 814 824 502 482 170
6 160 659 203 862 211 418 914
131 103 274 353 460 186 868 434
850 585 996 623 729 95 562 807
932 650 78 822 798 625 680 231
751 503 664 155 493 694 268 98
369 448 963 834 148 379 821 719
324 93 334 838 399 734 28 169
673 594 18 673 495 106 451 745
633 10 800 62 829 300 615 545
426 465 543 170 717 293 685 884
797 766 793 29 436 510 673 113
992 114 696 614 822 899 229 494
281 875 694 886 384 220 661 617
622 987 132 360 186 995 573 481
460 755 524 424 469 413 136 283
81 697 767 854 73 938 670 835
102 564 930 322 532 907 236 694
430 915 306 920 107 74 594 750
352 201 499 97 957 696 202 228
61 647 47 337 943 60 574 2
546 775 722 457 945 840 264 937
172 885 574 826 426 738 706 361
551 208 876 728 950 430 588 552
57 67 48 735 773 729 888 329
760 761 949 602 745 54 762 879
206 625 225 935 782 490 604 210
568 204 94 795 687 989 907 635
301 145 890 170 558 469 845 887
992 865 998 659 149 394 262 504
890 999 41 289 576 712 654 956
795 185 465 332 122 691 280 470
766 1000 724 616 917 403 13 815
318 610 531 59 800 922 877 981
582 810 960 741 309 533 420 576
480 142 761 412 277 935 985 596
956 952 38 759 220 59 405 574
78 172 240 586 95 32 640 175
544 988 499 486 29 448 4 130
249 895 482 326 164 299 638 911
414 657 674 243 195 981 868 742
43 643 589 145 811 113 934 118
43 967 638 43 270 645 243 717
993 939 510 570 757 744 741 306
943 220 994 427 640 475 855 875
122 283 14 161 64 873 619 326
397 189 489 271 697 152 391 753
39 854 825 732 397 547 67 936
29 421 883 409 626 312 946 589
317 978 806 472 381 2 661 114
953 928 535 133 328 856 732 300
484 810 956 663 996 324 137 521
168 781 254 963 225 439 546 813
892 500 540 856 58 596 473 254
203 694 999 572 585 881 78 917
751 978 603 134 599 213 69 923
79 619 693 94 590 241 513 615
417 779 756 964 490 629 759 347
590 655 80 228 943 882 509 178
874 403 373 996 589 319 735 605
453 565 949 997 936 571 897 151
740 119 108 549 437 185 432 656
170 313 161 937 456 713 895 181
146 427 858 977 538 759 260 164
428 840 328 382 793 91 577 475
904 688 770 517 357 972 245 108
458 61 233 950 415 218 768 903
885 824 726 65 796 293 133 534
120 769 28 505 410 857 478 652
301 316 409 113 905 664 462 782
25 145 262 386 994 484 880 683
547 353 805 119 770 13 124 658
107 260 138 948 247 304 625 507
38 341 509 976 636 850 88 204
725 109 620 562 583 749 314 417
895 63 744 525 998 697 631 316
918 608 369 686 66 733 113 548
216 969 957 294 500 442 164 694
521 274 919 103 75 424 432 289
81 608 934 895 580 309 793 616
554 67 330 891 104 671 426 357
755 771 632 119 520 462 126 345
962 818 353 457 62 750 966 805
603 780 948 406 640 683 716 819
500 711 599 897 517 151 509 51
415 440 826 294 937 160 308 967
891 590 502 489 994 7 336 967
733 180 943 567 177 249 372 387
600 292 62 648 661 963 670 7
605 333 5 692 84 681 736 783
828 875 586 742 479 112 675 880
166 210 469 950 68 951 373 549
33 291 118 872 957 801 792 471
163 141 516 591 952 789 480 233
480 131 736 413 350 550 19 704
596 220 173 901 204 980 937 870
990 884 175 450 694 188 47 29
366 205 997 527 853 834 44 800
233 354 947 148 897 71 789 622
264 957 187 343 231 328 21 592
548 890 888 441 983 871 650 676
36 118 237 139 529 158 110 653
148 199 937 626 958 168 225 429
401 857 636 976 997 455 570 9
266 267 781 648 736 650 59 655
220 826 177 901 969 705 256 130
867 787 92 677 372 118 947 100
677 420 582 708 249 956 143 528
460 296 175 632 870 792 721 153
401 977 890 904 183 298 846 571
845 571 488 885 282 567 425 413
403 677 410 892 350 711 824 54
666 101 296 850 866 169 375 95
67 842 694 671 791 551 466 889
157 791 512 564 654 689 571 953
236 341 289 122 262 821 928 614
341 700 491 976 148 91 185 878
669 726 334 310 580 847 823 69
205 783 766 883 540 603 430 76
959 798 498 400 141 630 428 446
576 319 948 776 556 917 531 177
138 907 60 331 974 935 491 898
363 201 946 701 978 503 370 295
555 574 955 829 485 460 28 763
103 781 952 29 396 721 964 303
164 563 68 359 913 55 336 315
36 913 887 129 496 632 183 185
456 789 185 156 934 790 417 591
95 122 285 721 113 825 590 673
840 348 336 312 583 409 243 921
453 546 608 943 416 117 28 786
55 991 320 621 742 181 883 556
879 193 248 424 691 918 772 815
892 468 570 516 674 956 118 499
305 896 354 269 177 638 751 942
15 456 226 534 265 917 304 430
311 6 523 796 310 779 341 954
115 241 227 749 68 969 439 889
771 567 475 676 162 519 111 602
143 657 864 246 206 354 388 770
885 446 118 816 810 671 248 556
855 445 775 694 237 310 769 703
82 154 305 79 995 25 913 938
220 336 87 616 745 250 908 480
387 461 730 531 920 199 110 357
523 106 805 693 398 655 529 888
109 59 828 804 751 169 482 4
239 635 244 448 641 15 38 650
90 904 611 796 602 986 974 83
404 291 605 269 130 292 243 631
647 12 343 287 680 699 800 387
231 587 624 818 384 301 354 279
784 907 160 114 195 934 463 515
223 42 870 269 482 326 976 74
157 315 440 582 31 250 580 294
373 133 25 757 51 461 730 565
902 57 374 618 823 373 831 843
829 77 488 176 474 626 111 457
467 508 155 139 63 45 85 335
857 455 391 125 349 128 316 208
690 858 690 584 488 726 108 314
713 606 8 375 357 310 921 57
547 191 426 68 231 525 640 716
40 585 297 630 545 15 714 242
221 373 103 815 373 887 891 787
380 203 694 605 590 218 480 814
171 602 646 645 543 413 427 866
819 930 536 840 66 168 776 139
12 873 165 475 419 372 601 877
752 161 499 134 311 921 552 798
464 316 632 468 694 156 120 594
812 356 124 165 20 195 751 68
7 903 975 325 132 167 45 765
613 647 931 482 703 71 852 382
364 240 729 988 403 336 644 550
566 299 524 658 664 858 13 900
197 980 689 630 98 321 918 510
131 403 561 318 919 481 155 386
601 114 337 281 821 437 48 543
248 747 586 463 650 405 138 791
497 270 520 344 137 798 779 93
925 725 182 929 969 841 293 88
972 734 165 547 613 197 549 266
728 221 761 158 539 533 397 814
114 887 425 661 886 420 452 969
608 238 66 906 181 741 877 258
254 222 17 15 63 258 618 68
14 632 246 94 514 486 795 169
248 702 234 924 544 232 688 292
601 178 490 304 311 930 24 950
573 315 531 411 729 536 348 587
288 621 611 792 607 340 733 818
546 897 980 844 116 979 537 530
601 650 570 278 912 507 840 867
325 701 264 558 689 571 215 508
164 193 24 255 264 702 549 710
914 1 557 7 797 156 965 657
322 992 304 72 918 271 675 84
369 359 75 588 649 370 846 884
30 937 770 475 710 71 495 639
54 504 527 38 46 714 923 954
149 833 149 17 525 59 104 918
115 371 272 811 853 182 248 598
287 842 521 369 764 577 594 56
90 949 720 215 664 151 973 915
555 692 618 850 591 429 217 146
986 709 320 253 55 3 193 191
588 423 286 806 261 183 121 111
861 122 207 182 313 78 987 850
858 203 646 422 656 982 70 216
534 891 986 849 55 169 202 123
146 194 772 549 112 600 166 227
932 505 97 228 604 515 642 121
363 804 743 195 708 201 125 208
137 39 139 789 198 609 754 584
284 960 644 303 344 20 707 132
281 812 453 372 32 292 874 810
814 829 583 826 232 756 845 596
6 436 443 361 55 425 909 819
667 333 759 215 443 693 862 9
840 690 561 425 760 543 187 251
455 872 713 78 90 249 871 163
693 328 858 188 162 900 133 426
933 647 118 911 2 789 21 852
844 396 69 859 478 560 342 880
375 9 656 893 381 902 644 294
742 298 246 149 602 760 674 817
363 305 509 582 694 274 261 563
445 697 573 214 539 174 963 356
599 846 91 423 782 720 412 975
353 482 615 635 322 58 358 722
39 291 637 485 725 399 326 93
414 781 391 511 873 468 993 519
448 429 289 58 603 797 529 379
106 946 431 554 808 238 707 853
666 739 923 537 534 412 188 891
138 322 251 892 862 593 541 847
313 322 402 293 203 378 157 111
698 374 784 21 707 668 320 143
825 85 97 394 161 648 352 767
349 683 566 325 260 879 527 568
26 778 954 228 962 421 64 420
482 762 901 569 20 983 43 276
438 647 114 926 543 56 646 16
958 879 523 202 549 888 390 90
89 619 36 754 491 386 94 36
298 984 319 487 90 163 877 77
303 46 985 197 853 12 678 971
731 835 589 752 205 892 969 536
322 394 81 251 903 74 785 567
332 979 417 365 215 399 215 628
94 377 316 85 781 374 530 619
136 697 109 137 940 647 257 190
817 477 48 792 595 974 680 366
163 758 109 1 261 751 19 355
364 701 357 719 146 439 847 908
284 461 38 594 859 953 502 584
300 411 682 300 184 74 398 351
840 678 999 669 246 191 880 493
988 373 555 306 764 476 515 72
676 513 623 903 58 445 531 668
651 820 415 660 690 199 289 592
748 546 392 550 44 997 668 62
103 764 333 979 679 410 180 874
922 749 483 589 125 531 555 355
805 690 701 686 840 419 587 851
542 559 133 750 658 615 54 921
831 481 259 356 947 524 769 978
905 405 113 614 820 773 439 358
317 848 391 48 582 214 947 104
479 398 281 845 207 915 64 720
404 16 194 210 687 339 700 109
633 337 936 959 881 480 510 786
244 212 796 39 410 649 867 649
547 630 811 477 267 867 485 6
870 308 366 718 196 833 990 569
596 808 864 242 761 681 168 906
668 993 299 664 601 255 972 674
284 729 683 711 317 915 879 413
405 208 630 682 377 898 874 14
381 701 965 824 78 133 672 73
18 421 557 903 747 129 964 504
115 141 131 472 131 706 989 213
220 31 512 197 298 662 748 736
862 106 941 118 277 746 938 507
552 731 470 216 303 79 451 903
516 31 52 746 989 181 805 603
648 433 616 889 626 994 472 59
140 562 376 688 876 855 234 804
715 746 910 652 495 700 5 30
460 404 983 429 120 332 320 145
903 592 425 303 802 527 721 49
618 758 169 17 566 394 477 460
363 286 951 311 209 915 756 478
401 554 392 881 639 760 791 354
414 213 983 674 826 659 379 767
159 989 917 736 272 287 666 18
713 424 73 729 328 998 571 898
592 147 663 755 582 683 582 325
224 256 524 655 108 811 473 462
24 734 729 462 472 301 516 262
713 849 911 1 768 722 455 289
106 833 676 397 681 754 136 437
204 91 233 263 8 259 411 980
146 128 949 450 25 418 536 532
270 258 300 524 92 852 507 166
351 650 336 294 59 912 909 64
548 110 861 410 497 337 180 140
736 486 754 881 326 456 930 631
5 267 159 880 714 810 687 374
137 648 514 221 236 202 921 803
784 147 309 50 180 6 561 533
624 641 351 355 432 59 567 70
20 884 142 115 375 81 870 683
597 27 455 927 226 117 208 617
265 425 433 681 33 144 53 565
393 975 473 510 785 86 578 334
436 35 540 434 86 100 353 725
122 472 394 862 837 851 409 567
807 681 795 23 683 210 40 522
798 112 215 215 802 727 632 771
753 754 655 696 446 188 413 405
42 33 584 110 26 336 151 702
16 683 971 598 613 27 232 91
155 282 607 354 370 848 303 916
806 785 442 903 33 294 804 392
136 811 532 879 258 821 6 620
122 542 793 116 405 844 664 377
585 491 946 218 162 248 261 512
598 840 247 704 543 241 922 510
738 323 599 373 513 488 171 772
816 224 205 24 437 491 114 752
678 452 169 345 307 577 654 403
209 293 333 356 624 218 282 59
117 727 540 930 650 660 47 74
259 813 688 625 859 1000 23 377
724 576 193 940 224 167 206 259
833 42 468 968 968 379 247 803
944 387 991 672 412 550 856 141
66 312 899 283 728 540 0 118
37 650 3 647 319 621 52 152
212 293 445 323 857 749 820 202
384 967 149 378 757 280 729 885
252 382 990 649 152 956 4 401
993 470 926 885 230 917 612 620
750 24 16 662 274 670 110 887
241 927 17 209 142 750 680 195
812 809 965 327 369 539 924 90
653 365 68 405 99 838 833 200
216 779 378 209 744 725 209 32
570 43 41 757 775 176 456 779
763 900 493 167 141 314 304 392
438 269 949 923 39 783 125 597
889 356 827 157 628 415 691 24
110 575 901 730 293 366 659 227
541 412 236 657 403 794 750 77
66 571 508 642 924 794 964 796
794 381 400 179 641 573 93 447
701 631 507 761 6 411 171 621
260 387 966 843 892 521 721 86
486 26 578 11 625 495 200 247
472 22 699 942 843 714 996 114
898 237 398 725 113 724 214 378
404 289 211 352 160 981 27 728
966 152 817 132 966 442 434 124
537 913 386 951 42 10 939 705
864 681 119 614 747 628 64 444
530 3 900 73 320 67 815 692
382 316 265 228 137 579 807 366
29 596 874 227 918 777 539 928
149 729 827 897 303 50 233 403
463 860 710 367 670 931 408 664
801 983 981 353 646 361 933 22
139 621 979 728 200 650 341 122
727 881 953 366 886 588 423 696
306 240 847 174 453 829 136 98
497 477 42 595 267 576 949 903
110 182 826 152 18 660 92 662
623 555 771 909 590 976 21 529
929 687 125 150 529 490 564 124
222 44 873 147 546 335 990 877
573 741 869 203 59 283 269 845
496 29 551 444 539 167 625 435
119 23 36 298 398 285 911 873
113 339 134 1000 373 433 387 461
406 514 637 364 443 797 196 233
277 498 812 701 146 110 118 917
656 58 853 188 870 524 721 288
715 513 878 678 401 901 665 435
734 453 220 939 629 472 244 789
971 190 111 334 980 497 428 130
193 617 80 797 616 180 157 383
635 495 577 450 78 695 92 332
848 188 925 257 427 194 7 995
887 265 686 87 315 679 395 685
395 352 181 619 357 592 894 80
596 208 361 785 550 883 985 802
588 209 929 74 417 503 791 753
20 796 346 438 930 678 710 805
659 451 164 535 473 626 425 705
40 376 758 111 128 393 653 48
428 424 244 114 143 20 540 443
137 186 488 637 302 65 859 278
152 742 531 806 309 887 206 871
703 288 35 270 828 172 345 310
2 454 750 643 24 130 243 339
472 516 212 859 816 213 822 66
421 553 617 217 330 971 123 581
320 167 133 138 486 951 634 421
57 838 455 952 518 887 76 742
804 908 90 943 330 534 919 895
464 609 509 461 638 737 39 632
991 705 229 352 883 116 670 446
902 947 13 608 473 6 8 258
411 401 836 290 535 951 674 857
909 355 146 987 201 757 338 978
935 170 16 301 539 7 929 40
390 237 713 661 327 351 40 178
490 510 927 33 933 75 262 530
717 871 104 315 249 58 401 897
930 307 661 134 144 570 544 692
20 201 27 649 680 24 836 509
914 715 57 16 722 701 33 773
117 137 189 885 25 177 433 451
306 176 752 264 971 748 6 118
141 25 239 491 142 401 334 940
430 89 495 668 325 765 269 431
652 543 77 706 434 988 37 740
289 235 115 180 879 383 184 168
142 381 462 131 518 712 411 623
232 88 96 726 316 569 167 314
217 923 75 880 688 36 435 287
100 916 58 801 289 583 567 758
464 472 5 129 310 863 985 585
17 225 272 254 379 409 280 317
216 87 959 314 531 900 996 3
136 686 965 842 484 422 989 956
26 285 552 342 265 336 167 244
169 276 84 472 928 391 501 170
770 615 942 65 128 961 558 887
615 52 38 680 251 549 888 287
385 346 112 379 617 656 914 87
184 380 184 732 21 973 946 362
252 534 333 358 325 791 55 354
626 442 969 338 856 695 599 888
452 423 708 768 920 811 501 169
164 425 5 860 579 540 650 408
135 289 595 105 406 770 272 676
288 773 183 905 107 466 42 709
947 284 515 720 888 213 235 98
295 341 426 797 840 490 14 872
303 729 441 743 197 608 353 25
21 940 434 139 279 172 836 789
633 653 440 10 689 24 7 474
856 325 631 440 659 180 397 44
59 11 6 200 185 192 310 848
377 347 458 328 616 250 7 955
996 744 671 815 826 136 674 357
122 71 183 134 713 305 730 608
661 849 935 322 86 302 475 270
410 734 823 426 873 42 778 640
450 195 989 950 876 843 436 3
230 15 433 376 661 327 893 29
641 530 514 941 199 994 177 536
534 659 35 863 834 149 538 625
366 696 724 905 718 214 787 323
878 468 173 615 170 272 599 217
616 116 596 556 796 435 995 158
830 961 642 618 165 693 915 238
579 914 751 704 559 3 516 417
753 914 412 540 326 451 742 114
938 934 326 905 493 658 73 447
905 295 809 331 517 527 873 636
837 745 575 945 914 839 651 821
870 987 433 456 148 113 518 616
142 763 830 788 806 629 33 986
941 31 3 353 146 256 356 940
63 227 334 935 878 399 311 470
498 640 379 336 291 155 779 280
479 608 138 775 147 906 371 629
431 115 111 149 707 443 736 942
276 683 770 461 205 868 488 922
905 611 174 153 319 813 752 889
278 4 395 67 826 645 564 724
535 60 687 638 995 718 977 583
622 232 412 916 632 182 801 541
70 402 11 765 995 293 461 706
159 121 645 240 6 434 742 46
369 667 964 218 139 629 333 599
870 596 281 683 318 281 84 779
831 41 149 303 911 742 739 139
872 400 790 851 282 851 468 561
392 652 810 671 403 697 995 380
159 509 729 355 975 186 223 959
250 332 535 939 541 733 607 179
36 870 812 315 437 236 152 463
87 129 624 476 982 341 692 20
871 520 948 549 509 228 678 293
984 549 657 351 607 522 749 612
681 79 384 98 736 48 435 157
679 21 932 84 119 213 261 666
424 725 241 824 323 78 230 864
731 723 945 993 407 855 674 517
296 713 825 617 92 369 639 450
907 977 56 722 897 197 645 911
832 867 926 287 926 64 458 909
563 613 440 869 520 448 108 103
14 293 478 833 331 797 410 836
210 160 636 326 699 546 822 698
863 961 577 870 693 629 609 676
527 601 350 768 73 603 153 491
801 221 963 694 456 859 997 294
79 978 102 43 552 478 853 927
966 694 486 184 232 235 393 817
966 293 482 528 524 716 805 930
382 936 635 192 421 189 39 827
700 668 814 534 947 771 289 54
134 334 245 220 731 185 369 47
612 434 110 367 249 642 932 274
585 732 286 152 128 183 922 413
392 770 252 389 967 930 253 56
498 77 619 350 459 50 309 97
428 144 904 932 876 179 978 267
269 209 231 504 676 376 738 474
231 305 763 844 62 639 264 342
648 406 717 513 972 753 624 514
462 26 524 334 476 229 61 932
38 368 169 52 835 182 96 219
182 828 122 526 472 564 80 209
589 41 374 674 736 439 863 631
858 222 47 44 253 741 170 762
829 381 127 811 688 402 830 34
387 0 196 491 615 989 506 309
896 333 559 497 585 76 349 923
294 282 776 255 372 563 928 23
200 148 622 21 966 879 974 416
99 614 502 242 632 0 752 348
414 81 321 374 279 326 921 723
123 790 36 333 271 431 482 196
43 959 399 838 617 284 299 634
407 260 425 950 162 750 590 39
190 786 678 688 340 936 57 694
288 477 14 165 91 853 75 525
295 413 966 567 949 324 474 88
36 705 312 667 903 189 442 945
391 738 991 857 199 529 517 411
564 406 169 392 486 181 911 393
246 612 784 477 218 236 993 228
611 235 684 292 786 803 66 546
131 5 829 935 768 279 733 236
364 966 312 472 722 140 808 873
202 42 55 286 378 212 705 295
263 376 572 906 663 333 311 622
801 914 596 673 802 880 446 511
200 260 32 523 974 924 830 133
473 226 329 361 695 998 234 161
259 337 362 815 300 163 131 715
66 709 147 577 377 870 159 632
399 476 234 370 27 1 218 715
673 479 83 717 56 64 22 412
812 571 2 8 420 380 347 881
730 103 115 227 503 102 863 765
472 733 519 353 944 673 37 860
446 912 627 988 214 178 214 579
350 326 444 352 645 518 215 22
45 565 38 249 399 371 253 917
235 897 697 635 356 957 426 84
390 862 533 95 620 637 18 656
624 973 648 959 890 725 483 213
794 618 152 578 746 940 349 500
7 589 864 32 648 190 635 214
840 116 747 162 255 604 824 743
630 107 608 283 221 783 230 385
698 781 387 900 154 770 426 798
852 324 789 932 575 506 419 922
615 129 858 657 279 548 98 749
10 645 662 16 249 173 218 24
225 603 320 626 840 438 425 77
203 248 953 340 348 421 568 506
556 75 887 247 664 448 994 783
889 747 653 251 284 278 717 487
567 116 846 94 141 254 456 756
702 44 746 144 765 768 919 76
419 100 547 351 60 855 646 164
476 356 936 590 516 577 339 501
723 843 633 434 240 991 880 463
116 569 948 877 502 409 286 967
141 941 91 112 685 178 843 594
149 696 458 357 165 538 556 651
405 526 222 51 657 70 728 576
625 719 156 607 349 588 968 690
35 713 17 817 99 602 748 58
728 211 859 736 269 554 386 359
747 797 1000 192 642 338 202 298
687 926 728 624 827 483 841 161
283 659 116 712 370 883 872 597
379 732 486 411 498 193 547 975
599 172 462 506 59 230 413 112
816 453 431 996 665 902 421 26
236 508 421 536 2 508 82 865
514 496 942 832 186 616 259 374
801 80 546 198 41 479 367 960
907 904 227 962 168 509 786 494
107 231 191 141 590 27 265 161
324 565 716 462 40 305 488 286
373 786 769 645 720 241 659 621
25 648 258 208 614 739 111 940
787 147 246 16 304 162 783 787
750 957 315 854 942 513 583 644
130 413 847 292 304 385 347 618
696 107 791 887 655 16 859 900
663 68 274 54 233 520 291 916
509 897 785 151 336 505 533 891
826 389 623 868 973 777 156 480
498 98 708 924 752 975 820 333
12 893 155 619 574 445 760 966
160 385 344 263 666 209 177 177
295 830 60 39 604 645 826 527
715 238 890 666 64 779 348 262
361 207 486 543 912 735 739 212
520 910 580 269 471 656 709 908
137 460 500 683 897 18 189 659
365 596 916 70 558 256 240 29
109 963 721 424 261 114 130 279
645 12 749 250 457 66 148 721
499 965 470 112 552 75 933 552
991 60 852 928 63 817 188 467
297 834 282 835 249 196 461 714
71 379 340 913 589 372 998 3
160 28 122 475 155 332 792 842
885 645 249 262 350 605 663 81
996 941 5 743 798 921 1 700
936 24 352 577 651 52 134 495
705 841 638 810 169 207 180 119
912 79 977 161 822 719 356 205
985 611 476 554 456 600 866 481
932 936 626 796 712 842 447 829
985 665 247 644 544 405 200 837
924 917 220 609 572 178 597 155
280 523 234 923 774 619 418 736
256 837 352 234 631 563 591 589
371 694 68 690 375 175 578 797
721 842 124 848 77 125 476 677
303 705 767 346 465 574 324 167
289 463 45 229 422 67 307 721
858 666 82 693 76 958 123 133
748 509 472 847 997 33 116 108
646 889 492 987 365 182 708 140
537 161 296 769 818 143 299 556
946 536 221 348 546 206 198 766
874 96 153 920 213 453 279 32
450 369 0 564 747 43 920 65
96 205 273 925 458 111 545 12
46 236 267 770 797 129 5 530
721 223 760 709 543 349 588 977
64 608 264 707 714 941 932 523
888 889 621 91 536 290 621 648
967 277 57 16 55 330 301 283
93 371 521 978 321 787 177 495
634 891 139 991 612 752 830 942
547 339 901 976 421 222 410 616
195 304 334 988 639 161 204 261
899 948 256 843 238 814 934 761
677 693 451 629 409 767 212 356
698 68 310 410 540 427 127 183
753 446 8 79 78 523 158 111
378 553 707 852 981 328 847 820
99 47 263 57 183 680 293 566
816 993 581 523 423 837 412 875
471 439 98 309 88 631 535 405
491 483 604 391 903 2 272 876
94 742 416 753 847 283 156 827
743 480 251 931 446 74 654 955
76 626 102 100 456 232 360 369
260 434 206 440 889 579 575 926
280 25 557 446 794 868 782 245
78 303 769 740 97 154 838 239
406 260 266 315 490 910 489 482
80 884 557 932 107 126 863 371
574 175 811 982 915 236 51 839
368 373 152 275 907 109 746 211
685 712 119 544 157 62 949 717
190 565 790 792 841 87 842 804
962 260 37 877 890 402 985 470
846 261 897 919 491 120 372 885
939 596 61 446 909 852 183 736
166 400 820 256 93 784 218 173
495 325 918 6 565 657 672 97
466 752 182 257 166 208 308 621
557 261 645 997 554 722 536 201
542 127 766 477 54 944 919 111
720 247 586 465 138 604 51 647
403 227 268 116 181 209 762 176
83 560 644 183 712 331 481 502
931 140 331 343 138 846 98 72
485 951 962 884 284 878 47 942
600 636 181 745 101 769 165 148
71 154 30 273 219 174 552 360
55 866 313 93 453 210 260 173
141 944 842 591 9 618 768 381
443 979 936 52 214 583 151 336
584 661 831 629 607 558 969 517
112 539 287 339 561 588 404 821
474 300 65 880 627 385 499 34
645 592 587 197 972 749 911 70
44 685 579 428 981 878 872 423
687 494 767 717 215 641 246 388
774 46 43 200 84 346 111 69
340 604 329 2 404 220 6 421
903 740 87 927 171 917 77 570
453 58 36 7 15 796 256 685
26 610 529 294 583 929 491 824
477 20 448 550 562 670 622 489
172 136 510 481 364 88 686 511
850 613 984 518 253 346 657 612
77 629 273 418 113 111 450 152
190 397 452 325 75 720 689 728
120 280 777 397 419 886 814 381
521 449 703 676 117 382 751 105
342 185 226 639 479 309 431 377
572 715 594 920 78 653 831 210
242 128 890 70 189 609 534 548
576 488 17 535 605 864 753 997
188 684 400 132 616 907 684 161
805 113 836 46 913 208 653 993
176 847 26 183 454 233 956 406
990 14 147 397 177 204 442 568
847 831 528 614 485 447 784 568
763 225 347 800 425 462 224 307
124 833 266 734 732 933 77 726
121 839 280 918 565 777 704 165
756 847 893 79 483 58 61 563
997 592 353 937 768 415 219 283
299 923 433 724 387 931 159 221
998 856 277 920 939 288 514 58
782 911 473 264 672 383 813 914
344 530 101 7 720 542 115 1000
830 494 562 912 287 355 345 590
542 199 920 794 761 972 231 76
889 320 647 228 903 48 907 264
746 470 561 566 251 369 961 634
30 177 754 235 705 924 191 666
479 929 1 720 151 294 947 746
121 190 315 433 795 574 198 650
824 946 490 839 341 475 204 285
922 298 988 413 389 989 563 320
67 536 579 678 202 712 58 624
241 902 564 478 111 207 982 710
289 267 200 390 308 320 320 34
707 117 724 105 370 100 285 895
993 98 271 216 788 34 301 513
234 443 998 458 972 79 304 487
974 221 471 738 412 485 591 872
897 255 715 836 523 538 126 664
245 645 992 435 761 426 860 928
301 85 993 262 14 283 17 659
962 511 132 392 366 874 338 926
473 733 258 894 710 176 246 55
402 490 66 129 3 154 914 717
285 312 806 211 985 25 555 980
138 768 329 263 292 210 446 666
94 474 816 660 457 583 593 27
313 281 509 861 850 19 135 500
414 528 559 745 967 903 455 847
517 101 524 134 728 766 776 463
728 496 64 424 759 381 886 904
234 768 877 269 329 638 516 161
881 859 679 61 771 925 334 125
525 138 377 547 149 76 348 90
615 2 171 560 713 58 182 89
519 166 21 663 163 227 833 269
186 848 38 119 963 319 815 321
816 762 714 467 918 621 715 795
612 179 401 631 64 153 103 730
114 820 513 660 793 395 74 3
599 269 418 194 808 802 979 864
799 68 233 212 85 522 168 177
328 804 71 667 761 376 592 399
535 788 361 606 585 214 592 514
97 659 491 950 467 622 861 674
919 723 484 568 365 19 146 231
40 970 959 848 799 498 0 41
784 189 325 913 384 181 793 53
645 106 118 69 140 247 541 720
527 92 829 171 462 711 519 77
283 725 761 530 540 335 211 170
221 955 817 355 552 834 958 454
627 292 561 431 159 653 796 620
891 520 187 641 18 86 442 901
545 569 579 609 189 380 417 536
111 153 726 898 292 847 237 994
448 667 622 706 390 847 890 455
255 858 498 836 609 486 982 710
810 988 42 982 792 792 527 314
412 396 760 740 194 738 858 564
832 275 702 573 883 231 504 641
320 392 433 525 499 586 502 432
664 252 597 349 84 111 494 128
201 565 313 667 640 256 627 74
60 205 408 679 182 804 875 994
876 257 111 505 651 164 322 967
3 401 284 264 75 31 273 962
125 278 837 156 390 912 842 303
565 623 889 653 36 643 918 879
267 941 282 283 321 395 577 371
404 893 445 891 426 768 494 308
323 610 575 797 914 66 328 145
231 628 565 111 757 333 421 675
638 873 771 84 597 744 957 794
203 504 931 869 80 612 132 925
521 17 59 740 263 912 764 228
59 783 368 576 595 211 996 750
517 346 863 104 503 438 697 627
9 632 498 514 716 51 908 612
22 846 22 789 180 649 583 578
741 732 79 573 540 792 942 69
378 809 181 54 20 911 29 5
212 746 309 88 318 781 910 544
433 367 635 704 241 611 388 192
852 576 173 250 933 478 946 139
751 129 579 911 278 231 186 227
291 444 111 336 121 193 920 167
356 42 972 628 714 885 989 329
522 830 740 696 34 21 583 871
768 311 434 974 616 503 195 330
322 724 805 824 144 182 22 131
591 690 144 122 671 641 488 259
329 647 701 245 159 642 759 705
598 6 159 969 232 223 853 404
137 942 765 455 729 74 372 435
111 103 791 84 378 602 946 348
365 316 170 903 979 530 133 787
47 821 937 891 280 740 354 834
950 823 630 748 368 516 331 883
454 592 642 692 977 596 415 280
619 43 960 783 875 835 638 579
770 91 630 853 979 405 977 590
637 8 489 502 106 933 484 35
459 319 392 829 534 489 117 246
254 387 2 263 130 168 562 851
217 517 343 512 498 520 201 342
961 348 566 434 121 732 145 808
331 417 31 631 855 200 734 336
73 597 176 21 424 987 173 451
118 463 333 806 98 806 500 831
47 643 495 156 800 530 905 171
249 455 934 200 733 572 228 71
156 653 855 351 615 750 663 851
451 216 35 500 295 738 697 996
862 422 391 185 71 610 452 27
686 523 634 892 972 881 66 161
251 729 362 726 207 352 843 496
680 520 773 706 457 548 78 339
281 599 7 872 132 871 663 634
340 364 556 314 996 434 571 705
915 28 708 225 579 204 716 360
59 395 983 880 898 232 103 515
584 222 487 867 576 395 453 525
88 193 641 733 124 645 774 807
429 925 446 565 311 631 330 511
379 772 927 844 90 252 489 267
764 903 895 437 804 96 710 774
267 557 398 650 905 894 662 331
827 51 515 728 85 444 763 877
761 588 991 872 206 396 27 446
21 104 242 157 409 657 829 550
650 71 377 766 349 744 0 694
118 615 603 58 520 753 51 410
398 414 560 840 811 699 217 892
848 580 562 841 808 596 370 514
632 681 979 610 44 501 323 695
229 170 278 25 935 857 848 590
630 835 25 692 668 58 747 327
79 882 508 191 64 429 316 940
311 285 16 869 545 776 608 995
299 358 969 755 462 602 736 327
887 275 828 767 27 497 326 236
784 883 109 1 801 375 517 223
911 723 302 459 889 86 817 215
4 674 327 613 808 612 960 486
913 663 734 273 72 958 533 705
660 106 46 109 216 370 170 547
991 33 587 664 932 894 458 918
784 112 73 26 50 30 843 896
283 360 877 540 45 943 611 267
293 779 974 147 447 949 82 384
196 397 834 583 325 879 230 732
462 642 983 479 207 931 96 810
524 878 907 767 495 137 510 755
282 537 603 975 216 211 679 726
984 124 696 572 973 832 408 423
871 31 658 687 937 604 429 667
473 754 19 47 991 243 696 2
321 689 711 249 58 833 646 368
912 170 727 402 474 588 160 134
18 385 828 141 190 55 653 978
739 896 490 346 340 313 740 78
253 678 195 771 914 773 653 707
106 230 287 833 962 239 27 560
568 557 133 513 501 318 920 930
159 866 918 698 820 934 645 181
373 548 349 239 843 746 561 920
688 789 602 211 259 423 170 302
348 466 807 184 188 897 936 402
18 553 861 814 3 661 926 472
100 186 464 398 156 652 188 807
543 880 456 254 95 752 595 876
370 409 42 374 691 23 543 6
515 945 761 544 121 803 829 443
449 881 966 575 274 156 473 78
287 534 716 315 291 83 177 506
808 398 603 738 434 334 483 354
118 969 766 698 26 697 957 447
205 85 736 43 705 155 485 764
281 22 975 558 992 562 531 972
603 54 85 572 691 320 95 854
883 110 134 647 299 444 702 469
649 404 131 831 588 814 629 89
308 943 78 106 152 622 228 665
827 636 791 130 141 161 154 587
13 403 616 56 664 394 242 421
102 154 226 954 101 817 343 369
894 182 631 641 292 805 886 635
236 587 88 458 437 606 183 71
737 440 159 870 565 325 630 813
146 546 63 928 154 456 169 248
391 792 627 103 562 199 841 503
181 152 489 220 50 427 161 386
124 723 316 8 714 223 772 369
181 516 457 972 348 977 748 507
42 670 582 53 951 46 434 839
308 455 326 517 410 681 681 645
305 339 952 893 626 451 883 961
112 717 246 972 196 313 383 546
108 335 296 551 103 217 860 538
24 65 473 995 203 372 952 822
394 192 104 774 991 792 166 819
563 19 36 194 234 15 822 516
859 381 435 502 46 672 367 447
289 373 663 763 591 38 892 203
407 379 193 71 543 620 355 903
60 524 261 305 761 158 350 67
118 352 485 196 768 962 926 281
572 662 649 732 159 435 183 620
622 567 189 509 73 655 464 199
887 116 90 463 94 678 804 75
691 517 386 578 69 510 380 592
272 56 525 149 174 918 195 866
414 630 397 633 347 986 616 918
126 412 906 646 501 36 436 768
492 974 868 565 874 804 446 324
979 387 935 544 332 250 430 252
525 253 369 213 954 525 974 543
494 336 185 733 204 916 504 535
844 358 852 380 30 874 683 745
411 108 219 800 196 714 837 364
142 461 950 81 607 963 587 457
443 833 227 447 497 81 245 947
713 475 816 577 84 335 433 360
16 144 673 810 753 99 154 120
904 759 846 347 810 390 696 751
77 256 814 937 19 433 748 869
993 531 985 595 918 259 83 503
257 196 182 949 73 410 388 887
97 825 368 125 975 700 845 942
677 714 670 307 199 885 365 894
876 476 669 533 951 276 704 820
618 642 890 308 707 477 204 13
866 730 285 507 331 203 932 220
53 775 123 166 326 816 761 218
382 71 63 417 312 345 506 28
894 741 513 310 67 933 757 505
885 91 305 256 140 619 631 700
892 965 242 25 149 109 700 399
441 419 170 208 377 729 973 892
717 35 876 84 868 326 43 720
246 379 664 853 652 451 591 495
891 520 852 184 704 481 534 612
901 754 656 977 228 496 255 956
717 325 798 272 356 678 506 457
788 523 9 428 883 447 268 64
369 795 375 133 382 646 107 455
505 520 243 156 534 695 282 478
153 273 47 111 445 749 691 300
123 923 811 484 253 417 292 910
940 437 2 613 195 686 298 664
435 169 34 678 377 204 284 943
970 648 47 345 392 997 393 196
505 460 170 365 446 129 926 624
505 696 64 973 893 601 377 406
253 943 376 161 927 639 806 435
844 564 731 193 634 862 946 259
181 923 940 813 442 370 834 57
501 307 358 364 42 207 471 252
454 905 192 63 655 534 922 968
726 843 432 385 957 797 268 656
35 380 319 715 242 873 718 651
456 433 574 125 766 857 438 955
345 925 413 846 257 180 614 342
159 732 147 49 685 842 175 943
832 909 63 163 939 497 119 113
852 918 220 210 755 361 505 373
174 160 633 303 940 584 947 166
542 981 426 911 720 90 76 345
123 145 701 810 345 645 109 998
107 540 9 994 557 41 486 36
290 958 621 99 477 544 162 132
304 399 82 802 139 17 415 1000
965 626 282 312 626 103 564 35
893 160 206 71 377 648 623 475
984 966 129 546 463 729 816 537
113 492 381 925 875 353 19 793
885 143 699 483 192 422 886 855
323 671 891 40 273 318 732 536
370 458 444 115 57 859 1 497
263 142 79 685 430 751 730 689
952 640 825 37 380 280 493 499
556 343 647 837 226 902 520 307
253 627 893 50 246 284 634 386
56 0 488 543 493 555 738 914
826 272 798 88 298 48 104 792
988 645 843 795 81 130 859 144
382 804 97 433 915 685 392 257
22 743 932 547 586 269 920 128
96 835 78 138 766 619 706 705
155 463 281 22 944 875 903 381
714 588 413 558 166 151 454 528
593 177 179 303 784 184 502 620
878 966 475 502 702 975 466 298
708 33 816 261 741 704 646 288
453 764 627 994 751 968 698 880
757 94 700 723 406 535 865 209
791 872 766 511 180 21 715 831
72 966 457 270 546 183 152 229
204 460 922 351 459 810 487 474
228 468 235 109 478 93 45 650
602 71 977 767 208 949 702 476
165 245 567 115 893 320 250 590
69 995 489 674 327 162 535 203
541 333 647 562 385 957 302 597
472 91 791 526 310 605 438 196
114 140 271 701 427 474 324 214
349 678 791 890 288 72 276 687
937 808 572 750 363 116 631 998
61 737 494 84 221 751 759 32
891 841 298 781 103 81 712 791
576 694 211 406 67 689 692 189
448 108 236 688 820 386 4 341
678 406 792 629 813 327 411 474
562 193 706 632 624 471 877 176
235 552 82 193 996 67 630 191
651 935 837 894 540 15 547 231
916 544 565 44 633 634 413 471
962 757 826 474 538 110 763 180
818 996 49 975 250 754 164 86
547 268 504 522 849 474 103 992
959 299 225 169 339 27 305 544
31 825 728 241 57 957 378 356
795 34 587 828 947 410 324 233
710 691 263 432 467 492 824 586
665 141 356 832 204 768 409 810
399 361 412 241 988 395 658 770
636 473 576 154 468 153 119 445
176 778 657 467 319 235 407 848
224 159 2 239 6 509 65 942
326 724 731 943 223 988 288 753
375 835 662 377 590 535 76 654
828 668 408 126 487 573 513 620
400 215 814 654 308 258 497 278
462 860 848 842 987 515 387 933
873 830 245 878 567 252 593 982
429 210 536 568 88 138 132 845
675 311 707 552 675 978 803 470
851 704 466 621 922 594 983 664
68 50 175 637 368 189 610 269
741 208 913 913 501 214 654 862
817 381 297 526 927 215 460 465
625 983 630 997 746 370 678 715
909 680 695 82 578 512 221 928
959 264 289 832 387 435 875 782
195 252 584 978 650 924 978 327
135 449 849 521 255 41 931 548
995 430 524 727 807 229 129 737
797 591 419 385 209 923 926 967
330 263 487 314 359 682 855 648
449 765 354 880 871 614 151 881
511 249 743 307 905 82 964 561
66 948 752 411 42 103 353 788
935 612 808 934 699 542 135 141
649 491 96 200 941 806 147 518
497 367 801 351 992 522 84 124
938 201 536 625 32 479 312 674
198 634 688 220 468 399 537 424
45 413 498 646 849 664 755 198
518 554 803 247 448 345 594 486
857 410 275 852 515 495 248 33
936 793 251 414 41 219 790 707
939 606 957 486 994 169 199 681
575 270 324 101 95 559 480 11
458 645 61 778 833 845 716 554
411 889 449 175 13 1000 993 73
957 755 272 551 346 897 888 391
866 792 936 419 185 499 92 809
640 737 366 785 883 975 581 618
112 589 915 268 674 342 545 818
144 1000 937 277 296 79 989 620
627 357 387 374 850 359 25 688
636 591 469 629 31 4 292 127
293 421 260 712 608 890 714 885
456 527 782 258 166 89 986 644
255 292 904 771 206 533 874 159
299 641 95 7 451 367 838 165
548 631 772 525 358 967 959 414
336 908 28 59 505 929 721 89
795 904 636 46 309 83 465 106
173 681 86 304 475 895 616 829
643 679 585 200 235 821 94 751
781 806 85 900 660 632 847 345
241 707 157 400 568 144 104 125
550 498 929 825 336 791 393 666
357 799 183 740 142 860 671 157
480 826 775 0 609 332 533 754
907 806 27 603 23 310 98 755
220 235 614 278 304 200 531 751
120 980 64 103 933 316 196 975
42 488 773 600 958 183 529 538
408 666 642 874 113 115 118 763
379 317 636 355 302 39 5 692
875 576 875 978 705 699 48 396
298 249 76 908 124 433 463 806
161 363 877 613 222 547 249 18
512 469 419 308 198 462 25 323
309 60 296 700 259 156 904 754
187 285 180 318 625 930 108 916
44 558 89 591 808 927 86 149
163 448 895 24 481 477 554 765
836 325 351 819 929 171 441 444
156 355 845 635 398 451 499 438
749 87 661 68 511 416 925 310
258 472 298 672 870 228 732 301
941 777 891 299 172 820 528 630
947 768 66 668 732 86 51 867
792 801 359 966 266 740 7 80
768 986 613 727 538 740 94 419
846 536 613 579 330 919 219 562
485 801 150 303 689 943 950 777
127 852 57 776 346 498 296 642
600 753 53 849 654 692 176 676
742 688 798 691 707 112 702 469
247 246 146 277 326 113 126 269
185 225 734 47 293 763 916 60
306 328 496 285 668 122 703 86
320 450 610 621 186 213 982 663
727 769 351 374 866 252 838 522
509 587 446 307 358 737 225 154
779 86 569 872 161 201 744 402
912 884 239 206 911 179 146 419
311 523 477 269 903 620 449 489
22 433 976 497 959 410 12 343
363 946 679 400 34 837 241 773
443 297 510 714 363 261 409 259
115 5 493 423 73 199 264 502
627 417 559 274 496 897 577 841
210 23 797 978 53 665 936 616
528 856 411 851 202 656 814 846
697 116 451 242 163 27 795 555
222 784 208 771 804 901 394 462
353 434 297 369 48 615 134 979
149 827 447 77 571 363 582 506
674 204 913 645 773 776 787 957
775 313 989 293 367 936 821 807
409 227 200 281 108 998 599 977
822 153 40 111 389 61 290 529
164 893 487 996 490 532 597 828
746 176 105 550 212 325 110 270
161 633 499 21 237 807 298 95
80 721 744 715 868 398 307 800
449 596 43 972 492 808 205 994
670 593 36 812 45 254 851 474
941 196 997 37 81 416 628 535
433 724 355 960 328 814 969 883
114 362 455 416 789 400 890 608
570 874 520 542 847 300 850 895
836 322 927 763 909 953 635 641
72 675 117 332 991 212 513 78
815 750 809 340 830 155 152 130
734 104 201 320 966 161 673 302
553 376 948 764 18 223 373 706
204 934 421 635 378 920 626 646
999 390 187 878 393 390 486 180
607 772 182 1 427 562 202 260
872 197 2 504 125 339 323 451
119 670 158 194 469 136 258 224
421 93 323 411 27 615 378 311
234 510 947 125 809 96 333 614
175 117 641 245 724 439 42 514
341 922 694 686 889 650 553 53
332 606 170 168 851 401 397 974
252 468 649 313 930 832 936 74
223 849 348 249 904 168 61 61
541 468 512 838 21 188 431 86
591 685 50 860 969 795 25 591
113 81 418 945 974 647 758 207
246 421 729 54 27 611 779 896
789 268 174 821 957 78 227 368
47 979 569 929 352 139 701 660
974 338 303 629 571 816 522 650
365 171 708 367 330 654 483 905
9 746 529 16 661 26 670 252
319 921 738 863 983 724 641 880
275 53 939 470 707 512 548 407
27 467 207 198 341 351 894 301
743 607 400 269 953 53 823 798
351 738 435 768 1000 954 490 558
795 326 564 640 878 984 838 148
759 338 682 582 140 571 410 620
802 117 335 218 712 309 977 17
409 952 359 62 215 568 712 478
283 21 438 770 527 845 161 200
199 348 559 383 635 162 987 680
347 452 864 964 542 279 238 298
255 584 482 45 245 994 877 129
920 223 495 662 379 237 927 939
362 929 166 346 621 480 494 582
578 117 980 213 681 203 243 581
264 1 602 324 321 429 463 386
322 969 297 300 448 302 939 750
416 206 717 837 560 981 51 129
246 360 965 413 853 867 417 661
270 409 0 656 670 633 436 722
649 177 130 774 914 993 918 780
506 649 932 706 636 133 443 828
926 337 874 303 210 893 24 627
442 455 282 593 482 809 535 541
794 648 174 143 861 896 635 32
361 458 938 328 383 197 544 964
909 677 497 298 516 853 707 642
549 223 103 649 715 866 1000 246
686 554 941 792 433 472 255 770
84 480 320 69 93 961 491 503
683 388 909 812 192 969 434 157
895 749 261 110 263 517 915 993
513 598 95 218 954 421 958 420
474 821 591 914 242 943 687 964
190 105 270 746 615 249 195 184
252 279 735 290 529 294 368 349
927 385 755 330 888 78 74 592
483 135 678 700 525 655 791 517
938 846 174 137 795 749 371 926
189 723 673 488 561 129 853 787
615 975 702 196 92 929 664 922
429 627 319 304 340 580 516 754
67 673 747 681 764 916 60 140
968 616 682 471 219 420 162 159
540 962 152 172 287 203 333 44
799 371 499 685 429 517 419 188
468 357 604 67 293 307 449 887
988 15 190 295 24 840 128 852
25 731 797 262 409 818 219 527
746 766 194 80 629 723 844 48
695 651 231 624 443 205 318 810
813 326 756 312 59 255 413 153
985 317 858 201 2 346 235 385
81 691 912 139 595 714 788 494
325 865 115 546 157 362 349 553
518 692 459 863 204 54 769 907
949 588 163 637 183 495 703 337
811 349 391 726 431 471 289 617
460 396 855 135 681 187 431 50
882 811 131 37 331 290 979 592
739 879 614 195 598 288 480 381
874 482 510 530 262 107 697 740
99 633 793 437 690 525 176 675
310 64 18 632 220 955 820 479
832 693 168 560 630 464 439 995
665 409 125 156 440 852 681 809
694 12 832 135 15 423 615 429
771 614 621 107 590 925 705 35
212 742 350 835 845 460 647 204
615 843 445 28 187 152 299 820
823 379 214 197 596 758 285 6
633 156 469 331 215 549 233 372
546 622 586 373 16 333 747 224
530 652 936 648 180 639 506 543
896 774 591 391 324 620 100 497
14 683 832 468 892 496 952 137
130 283 649 705 143 398 659 292
484 501 559 318 331 991 196 627
114 310 174 184 190 335 432 796
6 458 698 507 62 887 692 333
582 517 796 790 449 920 424 760
298 852 422 290 847 137 972 806
742 574 854 824 31 132 533 10
894 792 745 329 176 706 400 812
718 799 127 847 236 941 34 121
838 867 941 265 173 338 673 263
628 333 460 716 973 747 966 427
399 70 184 214 799 372 925 341
500 621 353 381 525 221 287 558
349 427 209 918 767 773 203 862
130 439 57 704 634 47 608 242
231 324 730 375 658 216 744 417
313 178 936 728 6 986 991 728
593 230 70 928 359 81 653 580
84 492 142 383 440 232 433 273
503 781 460 711 338 700 478 172
813 628 411 767 686 285 625 218
513 71 856 788 254 452 354 949
932 569 22 634 343 761 478 929
450 648 182 163 770 787 227 770
361 865 404 158 883 50 954 128
342 587 14 869 875 818 133 753
300 544 888 970 789 741 255 280
764 284 553 143 433 949 981 35
758 330 568 213 98 752 119 394
811 179 588 500 311 553 315 858
69 50 811 752 712 771 128 963
43 68 880 764 651 5 319 19
429 633 616 851 604 247 433 91
264 579 679 841 895 417 445 306
63 402 935 956 362 5 661 11
737 85 118 666 101 461 529 684
829 986 818 866 255 187 879 554
368 870 542 289 197 878 226 592
640 287 571 247 816 809 268 653
770 149 68 634 468 549 519 436
825 293 18 30 722 584 116 679
317 286 434 198 154 544 33 465
35 65 949 962 579 460 358 327
604 764 242 765 270 58 332 520
342 995 306 190 268 297 627 78
374 402 541 322 514 357 251 554
962 825 144 66 551 569 709 386
785 324 59 56 517 17 574 60
860 378 335 584 708 470 65 457
993 38 229 49 102 775 888 617
298 104 858 518 990 509 757 9
641 25 451 382 676 314 476 465
338 911 739 461 56 589 67 425
546 875 12 86 777 777 640 240
336 624 975 519 822 361 448 936
337 466 238 413 499 815 228 506
865 479 288 862 727 629 800 729
509 373 535 957 458 972 234 918
530 253 520 480 34 582 682 249
467 342 422 691 201 689 120 785
116 413 827 8 46 482 672 808
471 189 246 971 327 338 773 765
156 407 902 704 720 421 319 158
49 267 976 633 486 734 441 33
819 283 341 597 967 569 449 937
268 763 180 389 363 816 578 87
324 299 703 601 533 660 904 572
935 677 573 284 840 120 773 157
408 467 887 928 88 766 438 194
487 336 224 908 379 103 167 66
767 68 804 645 762 965 765 733
401 283 398 802 287 728 335 619
299 679 377 464 940 345 279 569
500 408 86 662 511 393 546 263
164 568 757 91 455 627 189 556
915 888 153 680 41 612 851 578
537 826 26 563 581 471 457 328
34 577 142 632 823 285 184 361
337 395 34 682 650 298 838 90
751 967 672 774 610 115 480 980
216 186 483 7 1000 141 57 645
517 274 426 375 5 235 908 387
937 306 314 715 656 211 563 581
440 713 234 943 196 316 346 230
269 38 644 166 556 580 922 374
994 253 265 645 953 593 5 34
205 992 455 638 555 115 398 843
941 459 574 394 565 446 362 13
826 968 579 310 131 10 652 95
676 558 347 445 517 348 173 970
979 502 370 226 328 372 874 15
969 609 514 420 432 888 982 660
965 74 617 291 824 489 632 290
400 404 499 296 185 217 221 187
801 134 254 99 0 329 305 164
814 150 465 472 649 56 393 541
183 658 850 855 416 44 555 466
977 664 515 579 718 310 268 752
758 927 780 253 359 915 254 755
868 256 869 703 774 809 119 143
564 748 672 131 985 525 28 380
937 728 539 457 850 323 365 997
846 444 675 450 154 331 363 755
903 599 151 704 787 695 995 628
509 472 99 367 403 24 225 770
517 117 926 768 281 828 562 416
477 146 619 886 616 735 843 767
363 583 77 171 432 782 559 83
848 101 993 127 452 892 900 914
885 7 156 391 893 141 527 820
296 394 442 689 472 416 584 254
28 14 542 263 905 223 242 873
489 349 161 162 274 580 797 775
19 675 943 912 279 236 249 565
585 687 777 521 957 693 690 531
412 843 900 833 144 107 351 513
697 500 328 91 830 690 861 362
930 426 679 932 188 699 197 690
944 791 467 973 803 502 355 456
967 969 170 172 601 435 365 43
29 928 645 339 314 484 625 167
863 107 571 441 701 988 547 976
835 544 491 167 728 185 549 548
354 859 325 23 615 546 740 298
783 890 740 412 33 665 334 886
204 697 128 539 846 544 688 771
903 515 24 755 916 621 985 882
163 616 562 589 34 97 130 257
395 895 850 284 416 847 771 864
424 398 661 708 620 65 398 590
939 830 222 625 375 107 557 796
93 547 645 50 828 368 991 287
377 283 62 603 188 226 32 900
567 284 364 823 895 557 926 66
347 697 350 513 915 133 425 567
223 333 846 597 665 971 425 337
795 998 467 976 58 932 984 263
527 151 215 2 497 44 118 814
316 506 915 694 45 643 115 799
317 376 819 29 469 64 995 254
507 297 266 250 800 434 738 702
846 159 377 730 520 107 479 912
1000 631 889 911 587 253 213 863
407 179 810 54 56 161 444 519
746 545 177 882 624 752 270 443
791 620 267 565 5 293 608 301
664 463 661 395 640 590 424 605
609 701 274 419 936 889 477 994
963 367 789 736 762 292 620 123
502 124 810 709 655 976 452 452
993 962 120 488 142 81 802 73
722 12 522 985 210 116 315 788
908 159 73 636 262 130 284 873
180 869 874 301 590 43 735 599
537 85 564 761 511 437 888 720
106 960 307 587 84 853 905 430
710 874 571 72 344 648 987 608
930 253 605 430 518 893 697 969
42 280 353 614 320 166 185 497
37 739 884 750 473 127 555 19
741 825 998 700 151 291 406 955
463 351 551 387 446 537 290 179
671 598 679 240 656 940 966 521
395 819 862 122 713 870 565 558
106 823 693 962 300 759 639 28
983 283 432 59 585 548 749 888
273 768 14 667 879 572 11 448
666 615 751 659 178 688 351 454
792 631 864 193 61 540 935 8
904 741 899 462 868 28 768 46
878 997 255 549 502 456 279 758
484 649 958 283 893 257 191 207
509 912 847 432 515 512 553 945
128 776 105 975 817 106 856 839
662 600 730 241 569 995 724 81
178 171 757 433 484 634 142 529
419 645 647 433 276 270 454 152
253 985 412 429 494 657 998 559
412 343 196 119 920 295 439 85
635 67 31 60 948 818 808 658
572 640 213 131 883 945 315 787
333 581 530 433 792 754 85 438
305 325 216 873 360 427 762 130
270 24 50 357 623 89 734 203
715 462 420 514 89 344 524 284
362 305 999 334 228 638 203 444
307 235 174 885 971 719 30 875
666 681 448 677 913 189 215 52
305 615 283 22 621 773 881 203
760 225 763 458 310 556 64 98
111 610 736 449 704 975 240 936
162 54 825 469 839 304 324 44
626 490 276 368 350 480 75 337
471 633 617 190 255 981 944 164
44 500 915 893 710 430 466 684
254 859 50 854 671 869 83 593
900 540 711 498 281 67 462 645
438 643 26 367 388 451 727 368
261 870 112 930 641 882 159 569
372 753 898 20 700 105 955 470
258 423 888 900 32 91 64 38
410 547 196 812 12 685 552 575
902 895 251 909 655 894 654 570
344 161 589 991 468 345 543 298
57 402 126 189 350 16 406 888
199 247 790 452 323 622 531 689
556 823 67 408 598 738 573 24
193 67 812 7 417 790 832 155
453 176 936 382 308 642 609 97
177 28 93 935 22 415 65 378
192 607 217 276 682 930 58 461
820 966 185 39 705 645 487 146
943 255 776 359 896 155 161 927
320 416 358 178 878 931 997 853
790 547 426 1000 45 673 364 859
50 978 480 163 890 263 215 920
169 502 342 513 381 308 742 475
251 473 7 117 900 304 364 592
451 725 214 798 482 81 131 63
216 352 735 336 391 755 358 715
183 697 426 115 595 977 180 38
786 540 193 335 427 12 671 664
715 513 905 952 512 170 831 117
852 221 501 528 949 904 564 670
89 130 286 392 913 392 188 855
489 675 380 357 605 716 607 444
216 859 171 522 758 318 620 506
221 714 181 564 743 886 220 522
108 862 625 775 92 387 472 77
96 583 229 500 613 256 344 594
734 1 410 61 699 395 207 783
630 571 510 615 203 891 409 947
793 886 165 890 299 449 931 140
915 985 11 374 239 997 511 94
953 378 76 316 756 116 43 475
712 193 626 594 521 749 268 390
341 306 544 719 305 498 504 962
921 894 14 346 782 555 276 673
260 809 310 654 634 138 840 954
832 478 844 542 738 696 876 218
971 85 403 95 945 911 689 457
597 753 905 335 359 714 600 734
291 869 198 296 45 484 75 672
140 887 777 767 634 57 242 939
217 29 901 585 577 431 852 318
926 771 457 594 270 564 328 406
203 79 842 185 840 785 913 622
292 813 43 441 308 946 236 340
182 41 829 758 732 674 834 926
817 805 676 157 907 352 972 665
804 208 763 835 757 699 734 264
709 521 57 806 910 72 449 560
489 643 846 608 648 734 561 229
74 771 347 803 21 807 355 969
376 874 748 479 525 921 615 130
823 782 13 676 545 565 929 189
17 986 726 238 696 173 865 624
577 358 157 416 123 335 234 902
743 512 61 531 74 874 157 150
566 508 900 185 851 212 986 918
349 477 466 151 166 819 262 839
921 357 159 834 446 408 914 404
841 448 468 725 648 103 960 683
331 195 51 458 467 277 673 579
465 720 500 669 423 784 194 627
477 746 966 25 542 412 102 269
269 141 969 510 277 934 772 716
754 513 153 48 103 751 371 809
28 68 267 10 462 243 72 471
519 561 358 501 770 1 620 291
455 173 900 987 306 760 272 294
217 152 381 182 873 998 849 682
32 314 932 840 364 457 369 197
203 750 297 689 778 980 593 876
657 646 755 832 604 816 97 747
484 550 281 246 735 943 100 374
656 791 531 808 790 609 938 916
244 561 503 59 671 797 533 680
557 475 517 907 21 770 224 378
774 349 817 250 928 846 614 315
430 635 195 89 256 132 940 810
132 901 881 583 746 192 540 260
454 564 353 847 656 175 98 243
129 597 41 777 418 574 409 205
547 596 328 137 203 300 968 358
294 607 552 808 823 474 748 22
975 616 648 87 38 280 818 172
521 977 650 574 458 516 778 688
674 588 877 965 958 956 900 951
712 948 729 800 888 838 173 570
433 744 933 508 45 291 594 527
809 204 906 937 459 978 184 778
467 272 841 320 726 711 276 46
513 868 407 319 325 984 136 700
670 543 996 418 553 183 729 413
368 675 495 751 3 632 995 537
311 54 552 174 365 669 400 685
175 445 376 610 80 510 532 412
71 269 647 425 833 671 129 369
859 994 378 315 808 222 743 115
564 370 680 484 426 827 757 956
547 961 741 674 66 548 618 927
501 847 568 714 242 13 983 368
57 846 862 391 770 172 527 137
622 715 194 976 997 651 32 725
517 233 450 654 707 649 473 952
796 864 322 665 750 225 386 590
224 653 494 965 240 473 886 256
651 566 737 798 543 590 702 63
538 931 410 764 291 353 937 136
408 808 750 165 502 989 706 744
183 336 691 608 559 604 692 992
635 174 294 321 298 334 393 736
240 390 950 432 695 527 685 661
224 935 558 995 707 103 296 349
452 851 32 871 729 195 241 885
411 694 544 247 17 528 965 508
713 727 315 747 897 51 284 785
156 721 226 399 303 446 54 493
724 797 322 182 886 593 705 137
397 44 350 429 124 672 931 445
821 797 87 948 724 635 7 833
247 503 736 176 512 883 868 790
378 829 159 163 51 432 496 849
243 665 813 800 187 396 545 441
871 902 537 704 357 537 826 94
843 45 43 770 467 37 265 54
962 55 586 686 879 921 541 735
234 701 538 736 650 95 901 668
35 509 258 826 90 293 374 739
792 731 777 193 814 908 9 846
277 432 499 220 505 625 396 574
234 307 244 444 48 56 380 449
414 939 243 495 454 880 151 350
535 295 501 376 274 639 302 370
853 26 836 512 554 706 31 793
430 868 207 935 173 458 32 740
85 827 935 584 801 377 115 637
327 634 84 229 129 470 73 711
707 881 45 510 283 680 57 545
908 353 302 732 235 92 871 274
737 382 171 188 808 547 199 776
81 291 129 768 565 278 617 406
917 192 626 721 324 738 191 600
65 165 29 647 841 263 326 436
92 627 931 942 152 823 910 951
625 260 811 147 827 464 593 724
902 226 466 951 991 293 24 433
321 120 592 447 57 761 230 816
587 434 841 782 236 810 348 43
395 691 409 438 805 446 841 519
764 326 718 843 690 356 765 85
988 68 857 161 809 359 946 462
680 755 213 9 39 61 7 428
978 895 887 449 327 800 841 234
5 404 268 996 384 342 366 605
895 663 741 970 23 594 491 774
323 323 70 128 767 898 922 267
895 83 606 793 620 585 97 503
275 820 851 378 177 811 236 549
237 127 702 756 841 98 629 114
493 998 159 996 974 224 851 388
721 181 431 971 440 19 898 795
764 944 541 277 248 686 626 123
461 230 310 372 690 737 55 342
192 78 833 274 406 754 350 613
252 703 972 654 393 353 476 315
471 451 811 775 988 565 283 746
215 463 940 360 666 339 107 388
550 512 441 344 43 685 568 719
959 490 420 816 810 942 928 620
547 677 475 636 868 830 50 291
994 704 786 474 90 940 396 981
337 162 898 462 34 263 370 8
376 591 937 348 182 942 318 726
781 163 266 678 848 222 766 82
543 995 774 364 225 153 941 183
740 693 281 777 953 410 34 353
958 972 396 409 27 5 210 622
633 132 935 386 558 688 875 491
701 306 310 97 197 0 859 353
157 694 208 645 883 248 523 302
562 141 543 193 376 76 397 448
769 965 170 835 653 745 445 955
416 909 236 556 305 49 319 681
823 32 706 409 220 543 970 794
192 938 307 667 571 824 42 317
16 324 183 158 442 876 788 205
982 793 147 262 678 154 609 179
112 510 151 911 411 609 364 702
197 917 83 982 354 671 59 648
684 570 474 416 134 450 804 923
928 577 128 572 713 187 65 947
257 979 929 597 882 892 466 933
658 335 377 5 720 712 916 105
58 92 909 39 465 543 878 291
86 940 550 555 239 435 817 23
235 422 620 574 610 800 407 785
600 423 338 737 556 421 471 397
627 413 384 90 709 270 212 234
302 785 999 766 784 714 205 591
136 948 196 960 213 825 244 204
213 749 412 34 602 572 634 39
311 911 206 41 821 702 278 461
108 431 965 331 933 523 918 274
351 817 269 254 460 26 156 693
403 12 161 300 134 300 980 806
347 937 373 189 520 337 857 901
316 671 311 265 871 183 939 330
517 992 627 114 945 191 91 526
314 469 16 974 491 720 698 800
920 690 56 939 290 876 783 626
995 970 205 731 313 361 599 637
541 406 589 639 200 800 625 352
733 234 788 15 654 445 373 279
353 977 20 580 912 545 223 337
1000 354 253 993 199 377 836 921
324 213 636 666 291 219 195 875
164 667 80 339 912 178 28 853
599 181 510 900 104 102 155 607
885 306 630 814 117 271 791 285
456 221 695 935 223 484 249 976
848 457 267 998 401 741 559 888
710 433 360 279 798 789 914 120
587 894 205 437 347 607 665 823
432 269 994 592 682 904 754 711
344 323 487 777 662 762 205 427
177 869 82 931 952 429 933 107
503 502 109 830 8 97 322 297
312 565 197 952 333 531 427 816
260 515 902 977 806 456 517 665
164 373 908 317 502 936 314 742
805 183 134 896 195 756 896 80
730 756 335 699 147 328 948 972
821 191 20 90 473 886 38 958
368 461 58 145 477 337 168 233
761 546 502 126 734 961 59 373
590 266 439 29 342 331 755 723
850 455 304 708 936 375 419 266
793 490 78 226 252 269 373 705
453 708 825 499 80 218 22 521
782 561 582 440 410 172 510 525
473 585 455 892 756 148 901 85
65 616 679 540 68 950 935 427
792 358 264 78 285 285 511 36
26 595 130 154 970 487 149 951
985 485 47 348 270 832 613 423
939 559 428 933 453 750 751 597
490 363 121 597 560 37 854 413
797 679 83 585 6 617 276 327
384 489 146 858 438 920 19 662
779 158 904 358 275 406 438 65
824 108 298 688 200 433 156 897
606 191 604 523 382 690 613 797
295 732 893 442 178 105 72 132
313 156 383 454 545 573 656 918
866 925 575 377 734 701 378 499
562 507 670 790 681 996 611 698
67 232 903 673 282 651 427 319
690 354 890 91 654 729 252 42
883 682 465 509 745 358 559 190
447 179 794 458 711 581 723 325
535 299 725 216 377 802 737 772
93 502 922 855 750 760 78 243
143 765 244 853 546 489 175 414
58 981 731 588 44 373 945 292
193 807 879 747 858 145 600 577
52 742 7 273 936 139 28 504
583 794 18 221 38 517 623 179
209 283 411 720 753 638 553 243
413 79 513 336 252 664 705 979
970 298 367 583 610 236 427 565
679 850 864 607 161 277 376 279
394 196 624 272 79 419 400 926
786 38 108 731 161 428 313 697
421 487 890 453 208 539 636 977
789 458 355 719 882 54 497 151
246 561 49 407 13 964 526 292
549 518 496 148 332 936 927 670
474 996 39 634 641 513 233 450
41 957 242 464 512 780 174 245
166 398 918 345 289 146 371 607
130 371 791 277 837 994 668 850
676 235 864 720 841 280 698 907
228 585 476 796 312 268 247 542
406 380 597 910 909 626 112 86
66 750 720 611 962 260 321 77
403 284 407 342 618 141 740 606
745 233 612 468 202 911 798 83
823 414 722 910 540 582 288 139
574 290 682 15 222 359 394 554
648 874 418 719 810 7 899 571
975 531 956 357 362 324 558 923
516 507 105 460 486 798 559 125
772 724 987 936 946 778 839 428
840 589 245 217 689 437 524 594
658 177 712 695 180 845 840 107
485 658 757 902 349 102 721 919
313 978 784 538 397 116 294 511
647 318 714 370 185 175 844 955
577 551 388 844 380 593 471 489
63 548 511 729 860 704 476 121
447 824 64 795 760 740 425 20
186 562 746 722 215 514 496 120
369 23 529 111 736 396 297 342
819 405 931 153 667 962 963 718
367 529 995 54 449 862 638 108
299 176 97 37 464 286 299 227
279 726 118 954 51 476 271 652
546 672 971 579 424 149 67 895
947 710 329 591 389 113 670 647
194 652 701 720 758 662 12 497
37 155 797 609 176 379 339 329
196 400 383 83 585 732 384 938
451 114 999 325 547 162 962 962
418 190 832 813 109 703 305 294
404 773 744 545 120 865 375 238
20 562 859 679 46 832 447 239
50 855 535 116 604 674 510 892
76 707 847 196 663 392 99 173
232 987 116 288 228 486 848 353
808 367 284 670 187 783 90 117
57 927 269 493 876 613 31 558
573 284 172 807 289 161 299 702
725 149 316 292 808 425 221 849
616 22 208 135 178 215 974 457
773 620 290 278 156 970 169 886
463 180 130 976 32 856 236 673
817 15 384 545 7 462 38 158
98 804 534 974 149 649 183 988
47 84 132 255 763 14 706 610
595 296 551 854 170 646 558 376
527 781 724 101 876 128 921 165
866 653 539 412 84 526 25 73
655 915 243 484 284 762 439 95
945 935 885 755 561 360 105 272
36 143 851 213 485 542 469 232
974 805 417 772 828 803 889 308
637 697 372 404 461 972 256 77
985 803 744 448 350 71 795 430
915 888 544 743 393 544 449 352
93 463 674 960 17 746 571 169
627 46 230 474 344 628 824 366
148 495 609 410 448 510 227 692
86 509 251 826 626 507 600 888
763 425 901 972 933 323 628 865
199 797 275 388 357 652 758 646
463 39 566 647 873 815 970 606
108 650 374 539 814 581 722 356
434 287 401 397 54 797 749 690
493 105 99 891 555 85 915 938
700 969 516 316 211 900 380 980
994 111 829 66 728 66 721 591
871 980 815 610 834 284 294 852
216 471 53 563 230 716 992 896
137 565 856 806 425 284 174 854
188 376 762 235 98 292 965 765
297 312 367 953 776 138 559 585
549 794 771 102 991 834 509 67
87 515 836 532 829 518 659 674
417 329 500 557 121 564 321 796
21 253 680 377 786 939 876 625
227 577 773 887 100 395 46 310
670 87 161 794 993 240 267 264
563 586 782 109 62 824 379 493
477 69 677 153 774 637 821 200
244 258 60 436 610 23 947 260
703 976 689 260 653 118 669 382
442 731 575 40 48 724 929 986
648 972 61 194 4 767 816 754
833 685 238 325 396 446 797 372
869 782 309 786 929 66 183 747
592 202 554 208 112 611 337 635
542 596 193 3 24 844 953 19
201 129 511 24 219 41 656 776
592 595 545 958 285 147 369 687
797 323 697 747 390 235 351 850
537 314 808 377 56 527 710 253
770 114 835 825 699 807 985 80
594 63 261 253 816 310 429 443
598 182 229 89 210 341 975 564
711 819 3 624 528 759 22 877
548 473 553 872 768 710 380 258
148 785 525 65 632 209 974 204
650 465 403 989 341 723 93 799
513 273 894 614 424 132 462 681
636 50 493 333 486 880 625 979
383 21 369 512 327 945 365 454
739 801 808 86 234 215 819 470
419 485 976 863 526 85 643 104
259 15 210 94 376 196 557 548
972 92 835 402 866 564 298 638
408 605 757 648 740 233 429 972
568 419 563 574 330 783 116 730
698 414 486 254 950 35 336 950
974 268 701 987 843 803 95 962
832 308 164 598 190 776 936 959
256 278 477 353 3 628 913 275
463 211 170 857 975 512 807 688
516 780 734 852 425 268 376 10
774 138 716 49 983 283 568 287
346 338 304 635 282 67 926 117
258 223 442 138 307 897 765 450
616 977 727 961 280 941 228 469
848 439 757 647 284 345 834 664
790 430 935 350 980 915 870 399
686 641 889 947 105 403 16 276
862 807 847 728 453 689 57 303
277 517 398 319 529 727 766 66
246 729 116 24 303 916 583 420
164 61 174 114 793 617 846 219
455 851 990 209 870 336 504 662
109 410 877 364 345 985 115 313
365 172 866 674 13 447 390 153
202 965 483 977 588 961 991 124
974 708 45 253 116 18 204 451
51 24 42 77 401 994 317 548
537 533 938 617 599 260 888 811
586 367 608 720 291 580 551 326
28 228 987 878 379 950 375 946
916 586 231 209 86 421 778 356
168 688 172 340 226 732 155 943
444 634 554 826 498 762 121 876
276 453 483 259 908 385 349 958
949 32 373 658 887 954 930 792
492 969 106 609 851 681 898 797
488 818 663 34 492 907 883 41
379 418 668 487 597 108 925 693
486 907 492 426 194 883 288 440
978 277 626 324 192 611 45 341
989 978 693 845 431 231 412 269
442 993 449 32 13 692 710 682
932 330 922 946 791 855 693 624
515 263 361 558 100 191 123 305
389 497 959 584 295 742 626 711
315 941 836 992 160 76 822 55
858 894 996 370 219 426 755 237
236 103 285 467 50 296 901 712
500 262 482 478 151 148 939 144
62 824 913 876 353 191 669 411
353 67 306 875 107 501 225 188
280 511 857 886 589 267 208 20
438 353 579 662 312 323 185 885
865 716 485 378 174 405 389 126
904 256 114 979 114 293 725 925
731 659 47 576 207 539 653 735
434 679 487 790 888 757 693 887
264 351 507 418 561 367 843 934
442 47 605 770 8 664 279 146
78 261 426 44 311 674 799 0
393 791 883 927 358 738 895 96
504 203 696 214 35 429 766 843
667 294 70 467 627 63 72 611
238 907 570 523 664 122 747 423
568 237 91 774 601 360 925 762
753 571 539 959 791 531 636 854
968 344 336 107 396 860 365 595
519 601 85 625 367 149 901 488
329 569 736 78 818 91 625 247
572 99 904 709 533 96 484 422
833 135 55 155 487 448 954 176
623 674 447 567 308 294 432 288
170 219 279 535 70 750 736 867
786 802 724 487 104 426 219 835
58 487 634 387 840 364 871 318
378 438 441 511 364 273 932 1000
833 364 257 1 535 136 421 406
989 421 650 539 247 604 280 392
175 760 715 663 97 927 169 544
794 110 497 51 273 863 214 81
342 623 304 598 942 469 209 789
696 226 120 418 564 227 273 191
84 384 937 498 223 880 581 340
507 620 867 456 931 131 24 881
339 264 878 570 152 762 968 598
691 392 671 68 817 518 731 279
311 224 112 32 251 604 521 103
105 689 352 928 84 769 494 211
311 650 157 82 820 910 560 833
341 24 942 330 945 956 800 654
510 134 545 554 911 271 885 988
361 525 363 388 617 723 650 279
72 939 671 716 725 592 304 144
762 690 284 390 732 479 767 395
297 15 892 70 10 646 131 601
873 434 878 384 451 279 315 16
640 859 555 651 792 376 888 694
298 983 673 485 918 807 25 929
876 580 248 738 551 143 554 444
401 199 947 745 616 506 430 161
393 490 99 320 288 579 481 930
14 310 985 145 117 84 508 608
772 993 587 647 730 574 36 493
582 48 824 450 297 550 432 740
286 749 343 53 797 815 984 857
974 128 935 310 62 366 59 743
611 106 543 861 910 607 346 280
153 472 581 308 813 840 176 768
790 943 919 58 807 639 477 912
203 688 867 689 888 936 737 413
564 624 734 350 586 168 696 380
142 12 406 185 623 759 991 447
984 84 398 671 151 205 161 337
761 751 879 666 106 84 237 935
423 729 526 922 237 267 529 311
249 546 513 449 970 111 650 633
658 624 569 608 979 695 763 315
35 568 843 593 203 42 215 930
705 871 733 34 799 966 458 349
880 370 263 905 790 88 780 285
97 254 562 471 109 166 862 421
553 362 572 854 984 610 311 371
21 439 252 351 898 681 785 782
966 459 84 332 281 624 392 75
332 733 126 843 504 282 668 812
355 82 804 175 540 837 526 979
822 923 983 286 795 727 675 641
39 144 183 529 880 116 484 629
935 881 742 391 24 803 265 751
853 918 877 931 390 351 867 504
648 661 392 300 120 369 358 48
637 130 113 662 416 666 730 610
892 204 5 770 631 173 491 102
530 400 962 719 398 899 619 308
110 714 10 444 471 91 822 328
475 225 916 275 551 826 25 389
497 43 432 689 871 754 546 564
266 536 986 262 589 776 537 137
609 712 208 281 770 76 197 150
7 138 378 829 715 757 286 193
893 960 815 624 468 316 578 141
478 27 67 645 271 220 957 663
701 370 28 56 123 517 47 628
100 511 830 751 657 581 920 923
576 724 434 890 374 407 235 838
726 253 226 970 156 489 849 418
903 567 396 127 86 97 50 678
411 482 704 352 436 813 557 511
91 529 228 894 887 563 972 544
890 25 622 530 190 49 179 935
221 525 539 847 911 125 887 321
282 527 85 468 251 596 935 806
911 604 946 945 516 755 291 539
15 688 299 847 925 357 252 882
0 819 24 980 552 216 477 287
857 87 534 779 10 4 846 364
173 422 810 781 731 924 154 491
741 571 715 25 140 151 88 316
640 92 563 613 262 407 398 445
529 189 194 844 62 942 840 409
749 857 561 868 779 440 870 275
546 753 579 287 708 711 474 650
865 681 393 219 427 976 324 284
668 531 404 508 994 320 444 551
619 129 448 835 865 103 589 915
926 668 907 813 154 674 952 462
377 399 507 740 44 309 261 884
308 801 801 995 913 639 998 365
798 302 467 936 428 189 878 239
393 117 70 166 837 743 304 963
722 540 176 559 548 479 739 829
118 427 870 34 500 453 16 779
461 790 654 999 1000 27 652 384
888 573 483 671 407 940 736 824
910 612 304 725 517 850 300 180
890 402 725 991 768 621 609 328
100 824 77 713 156 157 120 886
220 857 727 716 666 317 993 784
441 717 339 504 249 329 207 258
762 979 704 262 281 996 243 352
464 903 32 887 593 898 580 595
277 786 218 885 897 64 856 112
134 125 438 528 590 352 933 986
805 687 15 991 722 434 627 830
648 825 15 31 370 875 872 575
940 882 267 552 825 373 438 655
618 271 548 636 851 276 205 711
563 738 536 494 634 577 702 685
959 311 831 651 644 44 960 28
604 895 96 879 727 370 735 288
649 963 514 756 880 943 860 780
881 314 84 656 759 305 45 839
380 539 638 270 232 114 259 412
56 442 690 93 221 519 981 798
904 191 600 197 210 637 235 553
85 348 561 132 575 882 812 301
575 494 934 665 127 852 450 708
79 968 359 10 168 500 436 961
476 199 599 676 570 596 973 478
90 830 346 638 188 484 504 386
497 816 743 499 786 809 894 759
888 134 609 967 637 503 215 324
968 376 103 816 569 839 243 957
248 247 78 1000 886 610 452 573
298 744 770 60 85 558 697 693
278 817 535 152 821 540 84 910
178 498 7 507 507 487 375 222
789 902 511 929 26 20 221 554
889 23 728 409 839 890 422 4
409 831 437 618 765 868 876 16
221 705 307 871 367 885 968 519
806 811 34 120 813 666 959 651
737 531 652 226 735 897 534 720
805 918 215 11 689 539 105 200
855 307 474 718 464 256 627 400
573 312 213 631 740 983 586 524
121 346 946 609 583 276 969 937
178 0 738 986 388 610 837 514
767 868 747 322 169 337 879 718
95 413 785 827 339 909 90 986
197 100 769 945 692 420 668 333
746 942 619 905 189 307 669 306
162 642 364 800 977 856 575 26
987 897 272 246 35 831 621 943
168 626 259 198 726 111 25 374
280 136 974 534 444 121 43 596
721 106 787 470 320 771 171 204
174 84 737 560 618 979 742 304
513 496 188 227 411 514 572 846
369 198 857 832 133 925 732 701
726 277 534 887 495 359 148 497
183 92 265 367 717 801 474 460
82 296 193 224 392 277 981 776
613 149 763 922 627 805 58 828
802 83 714 751 203 171 421 811
867 730 848 831 53 660 907 900
139 384 894 102 984 937 423 816
79 528 221 758 751 970 400 185
334 858 971 207 328 604 381 780
583 722 13 19 477 60 346 663
123 529 540 895 898 195 831 757
405 221 732 620 36 104 21 424
69 104 618 284 542 72 920 431
529 238 290 758 579 775 789 774
632 880 775 457 609 341 911 824
214 593 248 56 351 730 910 602
632 737 352 253 703 560 604 215
985 465 319 54 620 286 466 937
731 168 206 364 714 62 135 280
471 60 380 195 213 978 717 833
899 273 634 515 526 573 443 714
770 378 486 109 472 915 951 487
460 52 251 811 231 134 246 803
810 297 651 131 234 625 155 393
573 359 308 506 641 907 29 387
340 104 80 269 803 252 80 142
885 956 494 565 920 320 701 274
22 738 935 985 848 459 614 32
256 635 355 217 753 709 435 609
788 97 930 278 869 374 379 506
833 348 559 445 322 159 307 484
810 327 183 758 683 663 294 790
308 568 548 270 275 995 761 133
476 205 276 294 198 248 399 245
833 567 966 62 786 308 102 35
219 128 385 723 435 271 665 796
384 753 619 875 633 35 979 403
94 123 514 783 718 724 413 687
473 533 348 718 488 386 344 784
850 470 225 845 891 516 285 222
141 581 217 510 692 67 138 450
21 672 668 181 304 232 945 321
822 469 473 348 750 431 139 920
484 371 643 146 684 93 490 813
358 224 161 570 323 580 229 986
102 154 233 985 425 551 131 225
232 899 268 981 956 633 757 704
436 946 91 668 648 323 713 810
505 338 115 905 339 894 965 497
527 136 27 406 25 36 336 181
140 587 484 350 885 777 325 943
82 611 815 713 999 916 48 302
237 887 42 950 565 23 64 934
124 400 90 317 625 954 886 772
606 66 840 394 878 241 577 438
609 803 70 333 142 686 677 396
697 860 609 504 354 292 964 246
340 720 534 579 479 817 215 365
45 378 861 953 969 994 397 320
148 810 95 65 392 338 448 509
705 336 372 226 679 226 265 64
354 97 170 205 338 556 558 423
940 248 218 171 311 970 943 460
625 791 929 269 313 919 864 132
214 662 816 116 208 35 143 816
645 510 75 539 29 749 553 389
148 150 832 924 562 373 186 335
665 69 548 231 604 877 898 182
207 81 549 974 774 903 15 658
204 274 628 437 942 829 785 647
819 586 526 319 154 347 210 405
984 306 729 892 721 652 255 647
275 200 794 412 377 201 878 659
968 577 809 553 508 385 528 783
295 666 266 302 38 964 903 169
590 667 951 691 906 600 699 132
181 265 654 393 947 386 129 540
622 981 380 221 157 99 478 236
320 918 129 401 363 685 119 778
959 9 6 683 918 539 423 361
717 759 93 686 497 244 406 198
592 746 674 404 528 749 800 353
479 63 964 39 564 810 603 322
347 55 929 409 910 27 149 369
957 945 417 189 63 954 596 889
550 571 477 371 811 90 603 464
850 947 973 715 393 137 46 303
676 108 512 918 815 8 985 304
740 474 527 375 430 232 241 327
88 415 372 537 772 582 746 447
401 938 175 722 380 336 983 966
815 796 601 114 73 608 249 745
639 696 692 900 752 963 711 706
296 116 501 689 217 227 30 348
448 523 365 722 163 965 799 221
297 131 389 141 422 313 18 303
989 126 655 114 449 265 932 423
112 697 71 671 557 298 751 128
474 724 745 519 489 239 323 994
731 118 325 193 795 403 457 318
752 238 805 753 614 724 44 924
298 878 657 757 877 611 73 535
871 253 136 897 14 837 427 138
356 807 749 763 853 800 361 315
831 225 640 103 794 353 241 641
254 991 873 707 833 236 379 258
329 81 670 345 520 790 185 707
792 91 893 930 38 199 969 979
80 332 228 183 671 711 23 685
147 880 57 134 167 17 649 97
12 447 922 14 218 85 925 569
557 140 922 647 438 965 562 869
742 327 104 66 436 1 687 154
178 524 678 592 684 862 967 664
0 597 948 82 216 843 861 599
603 457 437 165 701 728 280 840
647 761 507 130 820 950 312 914
395 291 86 242 621 342 436 296
349 286 53 249 21 785 565 912
637 761 612 73 875 530 416 973
41 584 428 800 39 728 989 64
62 792 256 123 269 540 92 732
183 360 807 414 570 59 421 207
398 553 387 528 230 741 163 490
301 94 711 229 479 364 464 954
145 833 22 477 455 517 204 212
971 811 85 46 90 846 272 978
307 118 24 97 810 492 3 901
373 660 38 802 852 6 465 19
513 129 244 160 500 628 434 980
52 461 63 690 886 315 995 867
531 474 136 758 308 728 984 817
985 73 857 208 196 526 105 907
111 588 272 542 698 167 540 32
181 232 133 54 717 783 152 23
306 92 345 470 973 602 314 449
486 337 303 827 326 572 517 370
294 717 441 290 179 686 79 494
541 124 920 195 518 841 834 513
188 704 788 340 50 186 678 243
38 566 893 566 39 105 877 325
863 866 399 144 778 939 474 406
825 260 340 875 603 197 350 14
786 443 931 774 235 959 881 622
847 326 457 189 204 640 824 518
366 137 618 105 254 439 688 230
718 386 194 700 154 465 1000 582
275 114 727 904 610 893 438 279
598 335 304 432 5 647 128 588
407 83 815 550 688 170 349 580
156 390 277 511 492 3 721 993
443 815 147 398 225 303 471 305
350 183 652 235 959 736 434 90
208 714 860 599 469 413 336 749
764 919 797 570 197 12 215 724
754 127 998 617 968 627 989 363
106 897 273 275 4 677 322 351
866 343 594 216 966 445 447 627
853 798 380 539 244 292 555 594
618 787 249 141 114 768 24 827
111 272 583 2 644 423 345 773
192 445 310 989 954 245 799 423
168 541 35 439 596 660 592 315
858 801 210 831 316 235 925 347
556 357 476 855 852 717 432 158
574 708 242 686 695 391 473 677
696 638 454 672 47 948 110 252
599 474 966 509 627 13 86 382
73 745 925 626 244 698 670 221
497 241 959 121 561 158 478 330
31 900 324 343 856 745 607 950
350 238 253 629 362 184 130 892
220 138 677 896 616 519 414 409
67 0 864 978 946 175 334 215
242 962 124 156 190 134 864 900
230 242 53 98 863 780 564 977
208 554 743 104 910 745 494 771
633 869 559 520 592 544 858 53
530 988 292 825 926 7 15 222
805 477 719 52 133 268 385 476
89 525 166 391 487 960 90 198
607 926 19 686 212 602 524 5
704 699 182 660 822 738 744 642
463 905 644 2 247 127 372 278
935 257 837 590 976 392 688 533
974 131 160 23 353 548 825 604
514 796 280 54 66 997 188 534
918 320 388 805 290 381 963 593
886 46 585 514 965 62 176 511
594 188 834 888 695 625 221 110
694 610 928 481 664 60 278 643
855 808 526 150 666 765 821 940
703 621 351 823 577 752 844 889
635 832 985 886 246 155 496 721
737 797 79 151 632 888 568 884
40 915 228 984 601 259 418 748
352 634 353 11 954 150 899 15
185 611 243 64 54 440 555 238
233 228 574 207 769 41 751 465
763 53 744 287 188 709 500 281
129 814 704 534 479 986 557 245
393 722 874 956 997 927 253 989
707 543 209 871 420 160 545 303
376 736 125 972 991 324 703 70
53 519 280 642 234 155 558 829
690 810 124 629 209 18 187 409
618 990 191 740 37 168 770 416
338 999 102 464 454 984 376 663
947 836 271 155 95 516 28 454
496 673 9 764 650 490 370 762
161 96 739 374 244 166 421 927
565 256 505 470 75 586 639 762
723 607 831 883 454 104 188 788
848 868 436 666 426 649 746 152
370 367 127 331 311 481 361 652
323 389 732 458 662 196 306 623
91 617 414 299 500 654 729 670
686 405 714 646 325 983 547 592
606 986 405 320 203 558 876 308
354 460 463 163 499 414 585 370
921 862 395 647 842 222 924 571
526 490 229 386 902 479 848 130
41 904 291 653 472 839 12 583
647 860 124 967 911 653 121 827
41 652 126 36 572 811 735 273
503 482 61 807 445 448 373 478
857 991 909 356 207 901 562 572
848 72 35 935 916 285 718 126
143 808 682 858 850 760 964 497
134 525 18 208 626 785 564 822
229 982 897 35 956 355 52 211
398 112 924 602 282 700 886 645
800 938 488 269 142 780 641 212
346 368 563 620 764 469 420 13
651 360 856 487 756 199 267 442
615 568 43 127 399 408 460 19
437 369 517 266 18 568 208 500
166 692 870 786 307 539 533 862
605 531 297 83 908 76 346 807
280 807 852 839 510 101 809 617
846 642 439 851 40 462 941 631
658 37 888 805 717 441 136 478
255 51 946 896 763 889 33 160
507 897 15 750 995 602 340 81
294 265 293 40 651 560 980 325
772 702 712 826 966 659 59 375
63 393 250 860 598 803 705 94
224 296 16 882 590 94 807 413
651 115 143 168 860 548 273 983
527 244 305 430 351 745 177 826
55 383 928 576 600 562 726 374
454 919 332 673 804 390 570 806
795 369 673 622 378 703 465 945
588 572 772 963 531 424 756 860
376 139 781 99 422 818 515 406
623 770 672 962 921 25 742 360
563 442 823 973 644 661 527 781
419 43 288 645 432 729 38 902
749 471 807 628 745 125 307 302
606 69 253 519 969 411 8 45
464 169 826 781 495 842 288 967
300 15 243 412 744 69 527 173
597 871 74 498 944 348 989 292
671 555 609 541 759 778 394 181
681 560 776 799 213 790 68 357
700 568 995 575 436 739 73 25
227 77 818 90 410 754 540 133
662 876 515 833 759 667 732 681
917 815 114 276 714 567 471 516
317 913 799 406 247 394 545 382
486 603 288 372 856 786 743 477
675 567 489 470 552 672 689 448
995 987 721 888 906 801 839 748
647 919 570 325 792 504 586 59
821 50 207 525 296 320 980 41
635 114 289 155 986 130 135 676
102 613 476 711 110 429 895 244
442 183 222 118 665 10 235 24
81 150 247 227 123 262 74 248
405 74 317 777 874 818 781 221
760 829 379 949 398 636 21 90
162 255 774 938 865 207 292 249
300 465 783 426 475 767 448 48
828 328 395 140 355 141 663 649
954 642 239 995 458 941 588 994
213 513 811 292 381 201 548 239
782 550 639 398 683 977 766 149
361 987 615 843 979 978 104 553
252 370 62 904 497 771 820 853
657 333 946 797 0 238 196 195
693 268 144 601 813 42 601 84
110 713 600 937 178 646 423 158
156 67 432 451 828 893 135 359
3 51 293 233 997 264 608 813
871 880 7 912 288 626 19 53
562 778 765 771 661 944 186 487
605 313 56 914 682 5 283 650
200 707 497 253 36 560 788 893
651 497 85 202 12 794 495 668
239 250 400 666 496 380 430 779
779 852 408 320 110 162 974 786
710 789 998 250 652 156 962 208
971 95 478 339 464 448 821 281
793 911 899 172 847 133 271 146
64 64 366 845 955 705 194 709
16 309 223 261 508 151 958 890
804 47 447 845 60 693 276 425
847 907 989 752 428 958 372 538
720 878 401 689 376 426 873 133
270 477 541 808 391 937 356 115
368 933 645 907 292 601 879 689
71 408 608 393 243 433 691 766
12 436 727 887 806 754 877 754
889 305 460 20 269 464 25 733
778 667 877 103 797 105 867 969
810 732 420 428 688 631 229 919
582 269 462 563 813 335 310 876
427 154 876 482 704 71 480 578
616 364 681 276 84 711 572 837
616 263 405 87 850 1000 724 579
562 506 857 934 888 979 496 423
831 25 589 943 815 433 699 534
821 625 324 914 371 208 462 926
861 927 375 192 105 789 976 245
539 227 751 375 31 107 226 803
875 131 560 673 581 646 800 161
183 74 92 179 76 579 318 742
535 416 267 261 66 522 150 565
869 289 731 624 631 528 607 933
97 725 872 444 521 625 47 322
579 401 636 247 370 677 835 41
212 688 633 261 581 544 109 893
529 876 871 470 650 559 977 352
55 380 19 628 988 10 972 85
530 743 619 240 362 657 653 722
203 816 332 885 859 431 703 93
563 274 60 691 721 591 511 584
839 373 77 682 648 761 115 302
209 390 930 61 631 403 40 786
888 290 822 281 133 798 517 842
588 138 376 431 659 210 949 673
162 27 484 113 774 360 899 191
475 642 152 368 135 297 393 188
321 278 537 809 816 221 665 124
85 74 714 318 796 806 272 100
335 803 263 726 20 861 360 434
22 335 315 85 564 27 267 597
321 670 189 937 724 514 616 216
597 541 642 983 937 622 214 889
801 879 897 838 251 574 28 912
221 482 229 812 779 690 391 541
402 369 412 671 395 579 87 906
462 742 930 374 74 467 864 196
716 468 309 886 271 69 897 369
244 55 960 149 663 271 829 828
290 783 411 413 843 340 599 829
928 181 999 550 330 109 472 943
977 331 348 647 526 361 5 37
610 38 498 58 714 321 175 472
707 822 652 509 522 2 730 768
151 296 154 455 497 789 673 382
670 125 784 480 263 662 432 795
33 859 173 262 53 559 291 327
299 69 853 953 808 153 149 193
866 56 440 814 97 832 34 326
674 393 45 756 493 685 0 193
165 334 900 20 845 74 919 27
388 574 634 185 157 441 221 519
975 550 189 819 60 667 716 16
604 25 332 712 10 526 569 171
805 10 826 730 680 489 672 389
270 893 584 512 940 721 347 49
567 726 501 953 721 175 616 232
485 687 386 666 454 936 910 181
25 89 793 267 738 834 635 288
113 911 641 414 237 106 788 795
162 35 732 14 250 59 545 371
436 880 142 117 116 533 599 371
570 658 173 714 355 676 754 64
398 604 572 486 514 804 264 34
852 963 675 288 665 472 696 456
52 580 223 575 174 444 767 245
256 931 337 573 216 6 283 393
802 771 567 416 601 751 693 687
140 111 166 79 202 368 904 990
403 766 636 397 845 585 815 847
157 329 92 98 744 207 987 696
792 663 513 428 138 377 593 688
543 254 32 806 904 539 351 353
216 164 220 637 175 253 691 326
340 934 905 696 238 808 882 842
27 804 358 298 153 483 37 496
385 219 226 838 123 456 301 46
635 991 519 65 845 857 684 478
682 267 129 21 325 85 93 369
340 16 295 973 786 320 247 71
717 38 958 32 892 256 570 997
925 383 554 996 546 804 921 316
897 913 565 238 987 283 60 409
304 961 831 951 878 245 734 383
397 511 323 183 342 468 13 689
678 110 556 366 717 351 1000 2
946 692 666 901 940 823 248 316
807 349 741 444 860 442 956 622
947 458 312 347 859 615 896 428
157 747 652 389 463 844 387 151
950 738 400 503 133 117 570 439
236 321 35 761 317 424 7 809
360 189 222 683 343 112 147 733
525 438 773 541 280 32 375 502
677 418 474 158 969 421 26 746
927 707 162 148 142 512 395 580
514 23 681 962 83 284 190 604
812 902 823 552 47 15 920 424
408 106 423 811 266 573 496 415
300 640 736 712 961 3 494 407
995 884 813 479 611 526 356 972
701 624 769 877 237 168 535 696
832 918 472 195 784 529 400 210
396 198 385 126 539 641 45 951
612 36 645 320 717 778 929 605
299 319 507 312 432 693 877 381
481 912 215 616 460 359 274 466
825 808 754 127 447 575 939 761
457 745 598 497 846 590 136 807
566 409 315 153 152 242 160 79
686 595 553 705 958 980 67 281
312 608 585 575 370 225 771 381
359 877 740 87 65 974 494 805
801 109 84 821 881 942 554 319
232 215 290 651 140 453 601 563
965 562 258 80 215 679 825 854
555 164 332 421 273 176 171 558
567 185 489 975 371 738 163 652
895 577 302 932 210 981 627 908
834 924 414 879 555 122 32 624
244 98 353 213 974 136 802 464
974 698 458 539 595 515 324 434
622 824 708 611 433 185 407 734
444 470 790 501 996 889 140 174
764 723 305 248 740 979 881 777
568 514 698 633 201 409 986 44
359 184 119 855 377 237 759 339
804 798 705 111 849 910 783 443
986 131 98 780 60 250 285 6
149 589 773 984 218 809 423 237
401 814 624 197 46 919 9 210
492 841 752 565 943 847 404 822
30 195 226 658 256 300 201 438
434 986 704 758 974 369 972 286
849 959 110 279 99 657 401 827
991 591 135 886 264 987 682 946
437 903 553 2 639 591 167 817
429 629 877 946 521 634 924 43
889 452 915 692 625 770 833 846
352 152 618 436 558 275 133 725
476 441 8 827 857 114 138 68
542 19 821 330 328 514 436 472
719 436 448 716 415 467 685 901
7 959 248 55 751 608 854 914
560 82 754 15 47 287 399 894
265 10 772 910 886 380 967 282
772 250 312 3 563 184 342 537
718 741 749 453 400 330 758 203
687 889 582 745 888 737 153 265
646 450 525 702 346 437 107 17
247 973 601 908 421 243 733 216
267 750 398 457 154 771 883 266
660 342 30 5 603 799 466 532
174 116 463 323 842 45 131 905
614 28 822 959 615 40 729 574
481 440 504 712 718 938 723 110
390 663 355 910 815 982 642 892
151 868 548 972 847 153 53 685
315 327 790 423 887 916 129 434
165 242 301 727 822 690 45 195
596 431 996 813 798 970 6 941
933 451 467 640 689 285 478 496
368 858 800 775 61 932 650 941
598 708 460 282 937 734 779 62
593 453 462 884 249 919 260 75
791 786 351 528 77 68 83 25
41 313 990 519 6 701 805 208
437 426 310 333 158 777 471 307
229 880 773 126 948 782 465 388
951 405 49 162 679 346 558 929
905 915 172 228 838 411 726 770
148 839 172 231 296 254 15 452
893 930 817 121 956 924 351 431
362 205 998 973 183 866 380 354
391 629 299 331 738 484 58 853
533 883 107 818 75 158 523 500
435 204 951 106 193 555 904 577
199 619 859 992 52 28 715 976
306 557 973 458 52 359 593 423
15 444 351 215 713 713 300 216
191 966 737 911 534 507 574 422
834 468 610 760 945 547 600 102
167 69 312 890 785 792 896 660
659 252 334 409 418 36 407 389
979 125 755 958 195 373 519 935
336 809 354 531 740 208 233 411
878 72 913 816 211 454 541 549
536 557 15 82 174 268 986 358
841 462 967 593 142 600 914 174
38 250 466 39 398 824 895 286
329 808 930 559 47 532 123 814
966 931 799 73 171 439 635 475
913 275 75 141 635 120 131 898
82 426 935 804 404 358 481 173
257 554 711 766 279 452 294 144
866 950 957 136 780 844 712 44
337 618 52 693 970 176 92 752
19 132 120 1 293 544 985 531
808 901 335 500 263 221 805 819
468 945 542 716 877 977 853 335
219 565 798 546 948 423 83 609
256 947 115 372 630 411 105 132
901 701 643 271 304 735 855 47
423 321 385 623 574 324 490 577
119 930 71 896 287 711 702 227
572 376 144 505 364 415 33 52
725 755 857 362 391 710 224 974
282 59 752 208 121 367 859 12
905 910 838 431 172 83 959 42
795 429 630 54 290 863 569 877
574 28 11 46 717 860 763 688
385 550 583 951 748 739 708 185
366 485 974 824 949 483 622 74
639 177 409 262 396 602 395 339
523 1000 770 432 1000 680 289 963
403 573 200 87 110 444 340 846
805 103 116 148 461 65 119 599
742 859 510 306 369 439 164 874
173 975 574 149 892 699 499 148
892 570 990 242 652 855 408 78
526 889 438 606 694 867 642 646
744 812 605 242 510 993 794 643
577 662 539 201 694 683 321 252
36 911 721 226 194 204 99 951
351 340 230 479 441 238 543 1
766 133 678 447 254 396 554 559
498 804 930 874 514 655 310 955
186 875 672 789 198 420 494 551
50 301 40 299 359 905 477 251
789 274 100 156 287 132 425 470
711 78 747 564 603 901 105 427
765 382 366 241 497 473 496 252
734 874 258 936 736 430 189 299
352 433 409 5 119 431 696 404
358 649 902 850 373 558 532 143
824 128 109 680 152 620 682 210
906 618 795 564 700 561 839 953
655 782 218 132 35 617 612 138
963 264 332 780 278 38 495 428
726 749 727 517 202 552 41 42
346 681 293 487 927 813 954 364
474 122 37 627 203 235 567 225
512 413 196 899 189 188 235 444
480 850 651 116 521 316 63 207
591 92 949 758 220 841 278 269
195 279 888 18 745 793 120 299
983 602 272 524 898 562 874 827
601 412 585 71 733 155 680 325
106 134 885 709 508 98 143 106
959 214 650 731 302 26 417 406
127 645 191 971 588 170 868 509
454 144 964 207 272 694 593 304
248 101 972 438 526 920 241 631
365 48 32 965 212 147 687 187
305 676 147 489 60 516 76 621
378 810 467 989 270 705 931 982
380 350 219 631 413 996 403 576
475 510 63 26 603 547 93 930
663 336 919 952 812 36 92 655
647 454 731 729 864 888 129 608
278 190 231 934 748 314 42 461
41 726 599 905 376 507 599 235
658 960 243 914 41 458 964 571
839 176 618 900 788 795 814 384
596 370 238 375 355 442 427 316
481 450 231 136 792 742 716 320
240 437 66 253 992 85 808 970
910 154 520 56 707 60 663 1000
317 278 390 54 102 42 340 945
678 994 945 678 273 149 297 256
110 658 475 934 92 193 772 906
529 380 843 85 913 838 189 290
818 657 748 460 11 723 354 732
499 709 43 787 639 603 348 243
653 764 268 967 5 211 266 545
840 835 934 787 371 359 443 697
872 608 725 760 626 903 409 698
299 263 172 251 280 283 267 148
941 870 384 626 521 945 935 394
930 778 301 460 608 877 329 330
440 398 538 352 691 786 589 884
503 683 151 62 536 191 502 111
395 432 464 963 124 789 196 889
674 688 304 317 856 198 751 204
881 736 648 125 347 199 217 531
32 334 120 539 362 306 910 123
122 551 846 60 693 428 872 790
972 366 492 942 67 152 911 421
19 832 439 4 643 570 743 728
66 760 946 1 905 600 973 571
897 831 857 400 620 367 15 645
490 364 424 168 395 833 930 857
932 664 643 792 476 196 508 511
273 929 912 319 440 786 789 708
1000 598 933 651 161 968 525 518
975 628 886 741 918 796 272 920
444 944 318 979 210 226 245 818
755 121 495 211 607 137 454 798
392 426 480 153 16 167 495 609
695 495 778 393 790 44 26 897
527 991 195 444 555 172 729 374
549 421 62 577 955 273 665 173
329 706 669 212 577 186 709 716
124 673 532 572 595 755 665 318
704 309 419 577 264 627 284 265
950 347 679 627 924 528 719 268
92 66 986 147 719 48 711 6
764 311 864 207 613 222 994 638
424 436 568 371 188 64 202 920
318 430 628 10 412 658 309 741
627 212 880 599 763 915 416 431
60 155 472 517 441 808 973 967
869 231 516 302 481 839 856 316
889 327 802 64 91 514 638 358
573 771 567 149 40 294 284 991
973 70 821 536 125 612 971 111
983 690 519 249 178 515 797 751
24 410 252 875 412 74 31 442
278 308 909 954 854 13 423 646
803 386 948 999 448 958 115 589
761 265 956 594 110 472 417 898
729 589 784 219 7 999 838 252
988 658 493 728 997 901 36 543
575 351 246 302 390 284 933 790
738 783 439 188 687 844 929 742
291 220 415 542 28 764 972 441
124 317 95 611 26 347 688 295
141 140 470 820 532 828 635 75
989 936 480 395 983 393 994 465
861 56 989 587 212 77 575 799
388 854 247 595 423 838 703 625
840 795 861 996 949 515 203 974
850 752 931 264 981 445 770 260
748 810 409 483 434 613 627 217
236 804 363 610 986 124 126 380
58 201 514 106 867 316 837 658
120 415 395 778 312 79 113 120
614 667 223 537 11 452 666 926
360 271 639 928 675 88 35 735
41 39 294 859 241 801 774 949
831 751 252 911 687 469 626 490
101 46 390 810 522 727 122 215
982 843 233 122 285 657 625 714
996 506 27 982 448 325 553 296
640 250 432 230 785 207 872 743
814 567 700 892 230 694 45 448
12 963 646 705 162 769 338 931
609 348 462 389 91 863 143 462
698 456 578 937 734 75 996 705
169 92 253 306 825 151 675 536
771 642 48 695 822 478 213 199
995 905 353 464 371 249 118 836
991 84 794 731 603 157 894 188
335 220 878 934 36 172 463 947
264 800 901 295 842 410 774 108
451 138 691 119 340 389 665 199
295 591 609 920 387 499 999 623
830 665 579 916 207 62 876 336
257 261 791 254 760 48 920 168
241 170 42 793 327 852 64 444
214 539 688 474 198 503 19 657
406 170 13 138 447 136 17 95
526 587 503 474 44 587 791 718
837 792 412 826 107 160 929 571
645 765 773 718 454 431 125 325
86 188 712 507 267 172 187 954
870 404 64 24 849 395 849 838
985 242 883 161 270 945 897 533
658 770 281 986 587 870 942 21
225 935 330 386 327 860 316 150
80 112 271 617 256 195 383 43
813 695 2 850 390 498 118 734
579 460 818 218 228 95 435 660
103 185 76 272 736 323 0 384
764 678 175 295 379 501 997 663
509 86 548 544 95 63 719 391
552 588 462 393 606 597 950 524
912 66 676 362 533 263 476 630
20 641 531 395 57 911 655 2
620 777 844 257 89 195 645 69
592 137 326 441 694 820 225 424
920 614 197 601 829 745 382 755
583 96 582 958 986 933 884 401
73 373 502 175 349 483 711 166
97 105 706 596 520 187 367 953
246 341 864 332 350 883 922 912
587 254 951 328 254 37 790 166
858 164 355 149 483 267 796 195
351 374 738 171 893 538 636 234
927 897 502 343 900 394 838 341
804 611 552 983 394 891 686 237
73 717 664 460 126 651 534 484
406 63 98 761 911 939 515 240
251 446 875 185 649 172 762 644
769 459 87 877 439 739 72 326
506 244 829 830 897 756 621 279
510 78 724 781 187 821 732 870
318 821 574 818 370 602 598 418
209 212 570 992 799 310 127 690
120 606 802 579 574 356 243 529
72 775 961 142 861 323 161 998
161 77 678 51 69 13 834 324
652 238 652 187 142 160 466 587
670 758 578 993 487 808 336 80
81 258 675 177 467 608 153 394
60 490 196 225 844 737 813 974
398 217 887 756 311 192 625 807
131 448 17 744 501 689 460 889
862 27 658 342 806 32 306 425
240 96 16 484 44 662 636 618
332 500 293 410 280 423 213 192
796 491 835 584 638 586 252 683
943 888 330 260 192 425 829 722
701 939 59 771 136 222 731 998
570 322 237 532 521 935 487 972
904 240 687 504 914 219 20 509
690 303 219 777 523 649 716 89
891 465 248 794 135 54 357 178
228 293 320 82 58 496 575 35
947 419 582 145 519 612 196 541
133 808 423 604 704 802 426 648
838 475 109 3 211 846 680 870
403 491 194 410 849 917 417 36
849 827 563 930 755 821 791 93
86 12 332 2 408 916 314 913
464 613 508 992 10 254 139 540
540 615 223 149 639 127 874 983
900 265 681 87 695 263 368 73
798 284 70 322 104 740 21 212
375 874 123 88 938 350 693 942
599 824 904 571 74 36 681 310
231 389 7 782 936 403 855 819
949 75 466 534 54 57 373 652
752 433 847 359 290 897 901 666
478 920 258 74 415 945 51 886
946 184 464 874 31 67 975 438
834 80 149 474 362 497 271 81
97 342 477 692 181 368 4 317
276 565 134 942 270 931 4 608
666 522 662 446 786 713 816 220
85 760 605 400 677 794 321 309
906 536 659 336 157 297 665 926
913 649 230 465 798 214 631 687
517 139 476 279 38 570 453 964
575 264 436 951 970 204 390 716
244 985 395 706 756 116 95 198
10 636 866 793 795 635 109 364
911 421 118 714 226 978 109 965
933 147 822 29 938 161 77 215
408 447 548 463 83 310 963 582
179 109 765 461 866 814 566 598
54 618 742 246 937 402 213 167
983 235 800 125 466 273 273 207
628 822 71 999 270 414 747 465
896 818 917 949 327 839 581 416
548 717 939 285 923 848 603 450
510 949 162 313 573 82 638 863
357 41 873 876 900 889 811 344
279 456 138 872 626 8 312 127
180 710 264 264 187 186 923 165
58 441 522 427 234 862 856 573
419 101 10 73 129 195 134 696
854 176 897 979 686 764 631 942
493 937 15 695 765 173 662 750
444 666 174 385 978 422 50 340
72 120 873 518 112 258 526 306
447 659 171 887 798 74 210 782
450 231 726 462 717 887 92 557
317 344 227 2 528 652 437 424
233 137 826 784 889 254 357 308
666 313 958 718 340 34 919 324
332 226 273 689 598 300 13 637
277 239 753 925 340 83 114 272
107 893 833 603 647 653 365 423
911 183 300 566 866 852 78 108
674 486 945 82 267 734 817 196
264 956 881 187 599 36 513 650
707 975 182 209 73 679 842 413
354 375 340 1000 759 84 808 598
408 28 570 92 678 44 647 358
947 582 135 118 784 778 621 991
614 856 11 917 657 539 380 266
507 776 820 748 556 721 305 421
769 352 334 268 971 40 967 123
755 61 525 802 827 970 321 483
294 280 463 213 221 908 756 977
621 216 246 742 974 864 455 534
48 963 896 816 400 337 729 630
962 972 455 8 750 765 698 497
78 845 423 331 257 204 251 725
418 782 962 888 836 925 2 992
590 386 426 803 783 603 53 733
715 460 606 363 36 730 971 835
291 142 65 393 83 269 521 317
178 515 721 237 147 754 630 980
955 524 480 934 668 179 339 586
905 120 111 632 933 261 560 987
223 920 278 906 180 716 481 474
53 431 922 708 720 622 461 431
62 336 76 351 397 115 414 445
490 205 808 344 734 768 775 774
552 945 853 798 540 128 728 517
597 20 926 193 378 841 1 462
151 742 782 583 198 583 694 469
138 899 300 952 886 454 906 343
824 818 984 428 802 665 486 124
182 49 779 875 462 636 685 142
648 149 678 455 359 567 387 677
57 188 642 456 461 636 752 362
16 974 728 772 747 197 953 266
565 360 11 30 507 385 997 162
386 475 854 783 524 769 397 730
627 51 658 314 838 736 320 366
262 690 507 972 892 348 536 251
549 820 687 505 822 650 639 730
536 425 891 502 44 541 94 188
152 229 430 16 365 583 769 434
460 81 869 648 671 12 594 61
273 971 252 18 669 933 860 539
200 480 711 388 735 216 196 102
741 172 982 125 707 445 462 306
511 672 555 530 0 922 645 144
175 993 422 84 662 902 607 373
275 311 830 710 859 489 265 22
78 702 208 689 481 979 184 331
483 483 923 289 291 567 757 385
807 318 800 314 290 387 820 430
454 269 720 772 938 574 369 418
245 90 150 704 764 209 458 68
819 20 309 385 462 869 103 81
284 817 35 913 505 763 234 717
180 784 315 968 53 938 22 71
996 131 300 777 501 342 142 902
931 95 649 611 843 215 113 410
89 492 214 481 478 37 463 973
796 625 481 651 711 733 356 991
216 493 617 86 144 611 946 871
529 964 676 795 439 841 612 717
845 729 648 728 498 942 92 986
115 613 269 576 293 688 854 253
469 730 801 565 627 946 850 601
751 296 101 344 912 929 181 951
859 522 84 930 850 448 978 266
606 417 309 7 321 675 53 260
838 870 355 379 556 443 133 309
541 474 722 417 163 269 677 136
801 984 482 549 143 318 100 227
479 598 370 741 822 165 641 8
76 393 28 938 645 615 379 910
77 536 676 899 929 300 380 325
425 262 73 690 205 697 295 31
375 891 279 848 79 818 406 523
172 444 139 708 319 416 851 3
433 536 576 722 391 120 371 214
501 469 179 960 105 111 150 954
350 946 723 20 950 593 848 159
859 526 326 530 749 984 711 538
881 647 707 648 279 958 515 635
276 850 847 781 906 183 398 34
863 12 253 145 649 969 965 396
339 231 420 992 862 491 630 570
914 163 629 308 10 375 147 209
855 376 468 501 319 13 581 223
779 424 136 839 81 286 504 451
196 335 943 595 456 147 241 484
360 363 422 315 678 373 810 635
177 546 634 560 693 480 794 314
679 495 183 78 203 565 111 793
175 242 574 699 540 887 161 633
415 958 681 820 541 346 971 428
356 651 635 963 528 422 576 206
929 171 539 112 544 427 554 413
378 189 363 547 466 358 790 149
2 0 713 797 237 592 203 888
792 555 166 376 25 764 354 289
773 781 627 13 153 598 605 692
109 232 52 622 515 209 790 965
705 218 169 189 669 350 614 323
620 919 420 779 523 941 926 941
982 968 246 529 540 626 144 144
483 336 648 299 223 750 673 885
453 55 16 2 158 293 135 824
432 907 211 401 433 409 401 785
454 676 400 22 564 170 564 687
426 274 606 136 194 879 198 972
750 316 159 588 459 825 824 479
365 656 243 981 33 701 117 649
248 185 210 144 613 442 345 47
313 358 320 766 747 132 901 94
932 36 263 723 631 902 256 111
6 93 623 631 977 362 912 545
734 630 212 260 936 214 639 899
624 96 495 378 293 414 254 347
271 64 345 561 575 19 693 119
866 531 222 269 496 621 632 734
341 91 560 178 916 720 314 268
156 132 68 949 771 747 701 884
732 128 603 180 918 537 818 69
873 273 848 794 425 423 584 522
32 357 318 947 891 305 890 320
142 177 870 650 0 205 31 870
902 114 841 84 599 824 116 725
49 508 543 938 939 805 381 89
258 728 827 939 938 42 309 347
906 890 921 380 486 180 128 162
207 250 70 926 29 393 100 868
4 228 208 803 298 768 625 891
570 582 225 212 558 412 744 753
754 949 384 18 671 420 862 767
793 176 217 19 435 462 788 562
608 749 590 581 789 573 902 64
18 202 782 839 983 418 934 145
277 48 302 560 556 213 302 573
330 740 944 388 877 666 90 734
228 5 854 378 364 771 220 728
289 108 590 991 356 575 21 826
660 414 272 445 662 49 597 867
529 15 484 186 505 329 891 9
338 539 986 972 88 921 409 864
683 883 633 486 121 839 34 398
39 396 827 382 242 722 124 452
530 521 963 372 431 395 517 828
759 351 68 694 121 752 391 435
950 174 569 283 520 306 895 451
730 163 295 713 170 434 67 313
57 232 472 634 955 73 532 191
444 385 363 367 889 936 183 104
918 841 521 552 82 593 498 671
605 965 355 234 681 919 430 428
480 856 917 764 432 280 984 334
424 817 185 98 842 390 319 747
734 286 744 495 416 516 8 147
57 938 224 914 793 660 549 692
136 415 350 855 61 334 847 664
15 230 327 604 297 496 394 650
39 643 885 368 904 487 392 542
548 700 917 212 734 488 540 322
607 304 463 594 532 189 670 250
608 816 285 519 136 587 125 539
374 541 121 799 193 202 461 641
437 377 123 35 205 313 250 946
563 548 338 218 35 219 848 403
896 645 626 65 330 758 756 535
275 4 217 715 942 307 591 265
506 729 317 725 433 570 615 522
293 927 573 437 655 419 187 547
594 363 556 557 698 201 550 9
322 568 228 435 553 508 574 110
679 612 695 956 762 286 192 943
936 61 211 948 889 525 643 897
277 803 947 457 978 594 9 465
290 824 755 92 833 358 983 253
530 955 490 986 844 903 682 905
249 827 68 85 429 365 728 826
699 415 996 147 514 84 664 214
876 440 733 307 293 7 461 281
33 507 454 456 779 885 391 316
996 674 489 875 306 496 290 160
330 365 504 265 256 485 312 145
365 676 941 665 750 700 979 893
414 195 274 184 281 39 652 341
675 62 463 800 946 270 456 252
287 14 751 258 331 390 386 708
945 369 34 282 751 653 824 924
289 406 347 952 970 340 576 564
929 772 430 963 173 138 697 600
331 65 435 324 17 784 192 959
699 487 864 561 36 242 43 253
160 67 636 620 271 803 38 829
149 118 973 397 286 116 750 382
636 240 642 291 468 949 675 368
373 324 76 225 55 780 322 264
750 795 227 929 620 336 807 634
108 336 251 113 885 528 863 645
45 931 691 548 430 307 317 322
30 500 881 516 99 783 856 735
990 865 874 396 940 653 883 15
365 367 316 596 432 44 803 846
739 875 853 727 928 855 97 135
335 939 237 576 116 994 313 463
663 147 611 638 745 418 254 312
494 620 819 233 430 195 142 130
318 624 981 509 851 133 670 525
165 171 28 211 659 525 169 314
976 947 77 602 58 924 934 413
704 277 63 839 60 604 15 16
575 940 889 994 871 951 745 267
429 589 891 132 735 381 64 492
403 322 409 30 426 757 583 207
541 264 56 265 365 902 974 71
674 198 398 363 289 225 818 268
779 24 507 99 37 284 436 214
349 304 191 808 598 799 847 3
277 731 230 630 507 147 239 585
702 794 147 835 555 732 816 704
510 964 330 865 799 156 150 898
496 257 744 136 996 655 71 799
347 181 15 703 87 688 531 826
27 417 433 217 881 662 560 335
824 873 497 987 905 581 266 416
814 1 724 427 293 723 131 573
12 473 579 224 651 802 341 395
401 629 573 536 819 90 932 44
893 525 86 911 604 53 591 148
697 134 985 414 732 386 388 21
388 590 617 37 201 677 396 598
577 201 451 669 215 637 144 923
674 862 51 471 185 216 249 8
831 711 272 342 479 213 273 202
373 851 448 985 173 322 145 479
77 714 972 259 722 812 321 965
304 313 994 567 454 620 604 49
579 711 564 70 486 269 977 219
711 710 776 743 922 508 45 130
9 180 614 608 869 458 131 564
31 51 599 212 453 17 406 983
22 214 203 42 686 34 188 503
203 47 215 721 477 225 364 379
633 944 387 639 213 207 675 817
569 906 633 981 460 675 270 956
346 274 637 881 809 247 336 475
273 713 563 29 491 874 883 994
15 554 413 576 992 82 285 620
17 98 787 291 582 513 619 772
403 730 854 401 309 88 515 927
751 539 648 98 323 906 560 428
458 209 2 986 144 470 875 173
12 259 428 705 899 239 795 888
514 874 359 180 59 562 705 858
729 857 976 907 385 459 730 816
427 992 76 219 212 736 736 481
919 56 553 396 736 865 679 553
191 849 754 962 224 428 941 188
858 189 957 511 800 563 10 750
134 678 722 497 809 652 896 747
421 90 186 323 588 176 185 355
430 940 628 452 393 828 599 498
355 554 924 868 46 152 597 782
400 394 518 501 55 314 148 346
292 217 915 8 128 360 766 926
724 416 475 100 118 420 42 160
957 249 214 457 926 854 828 374
620 262 663 199 36 886 893 855
67 13 660 21 580 538 766 516
664 378 861 589 339 934 641 999
129 599 150 807 142 937 288 205
850 538 801 329 939 895 712 0
970 303 483 277 469 404 535 398
361 735 139 676 61 176 714 361
248 648 261 438 519 117 6 72
985 106 88 326 251 456 237 851
585 875 338 756 20 797 322 707
137 735 417 891 133 118 185 69
6 539 349 421 0 228 137 880
634 432 11 356 640 870 987 398
348 552 150 774 298 592 566 189
894 55 914 988 399 266 35 484
532 719 213 340 420 636 653 365
480 179 596 975 78 703 335 671
885 363 611 107 749 634 249 407
984 725 427 706 136 189 986 600
427 789 772 440 840 172 672 55
445 961 846 851 571 747 470 615
609 302 458 667 853 703 927 249
554 1 447 930 940 0 631 211
167 44 320 674 906 600 525 381
123 40 388 270 254 591 662 809
115 253 442 196 319 777 428 539
803 378 579 282 585 599 739 650
644 758 7 238 902 537 12 528
644 146 377 942 498 21 863 735
585 904 488 343 396 524 776 48
409 48 380 87 555 885 762 601
864 277 360 190 111 558 308 278
906 78 184 712 606 563 14 27
54 113 241 404 435 411 355 160
46 231 353 87 725 966 4 652
973 763 609 570 569 691 823 4
564 101 430 995 546 663 215 11
696 53 904 960 908 373 859 898
565 229 948 162 828 67 670 846
974 374 927 727 244 191 835 879
850 247 622 446 386 578 481 587
996 306 851 815 873 58 347 37
973 710 275 206 453 905 746 444
69 936 13 946 166 540 106 544
457 867 744 969 493 832 391 319
935 982 803 222 956 40 656 645
215 741 27 798 716 114 793 92
792 62 937 374 968 371 823 626
253 761 415 284 69 64 792 55
55 359 226 359 542 254 694 960
239 866 290 804 874 770 917 216
793 999 1 427 309 947 406 480
464 835 548 52 982 482 435 33
554 56 794 617 227 460 627 447
898 840 667 685 168 818 548 47
572 857 716 701 183 351 323 733
69 769 433 793 686 550 693 465
926 186 9 198 330 876 719 480
443 108 735 643 329 920 348 5
777 433 43 741 992 506 109 878
322 886 775 222 37 73 476 121
516 869 344 569 459 898 244 665
260 652 96 286 191 833 630 181
630 421 998 899 237 147 844 827
796 179 129 725 418 245 662 390
722 944 171 659 26 99 434 366
571 837 385 812 403 593 913 888
870 691 435 125 681 647 871 255
748 583 822 894 29 511 145 688
951 945 908 862 337 618 968 68
837 507 951 879 732 393 628 788
567 322 624 887 573 19 917 610
551 913 695 165 459 528 706 534
601 685 400 843 766 529 359 712
123 312 525 394 69 230 527 647
855 884 658 928 891 644 863 95
225 820 121 33 364 393 968 13
915 393 582 233 793 168 966 869
156 225 136 775 138 864 585 517
116 374 600 289 789 364 921 605
454 757 643 367 140 334 328 856
84 156 618 118 308 712 784 833
961 981 793 651 348 68 604 42
935 718 889 912 804 836 267 814
736 378 1000 147 148 184 132 186
664 695 751 993 336 716 529 431
565 193 711 590 924 559 652 435
73 460 618 194 132 289 338 367
925 592 546 710 118 572 816 807
43 873 39 298 120 604 968 80
904 58 801 70 416 538 180 310
718 536 924 217 262 501 975 97
572 413 724 589 450 7 157 430
484 141 148 520 512 954 625 792
937 754 1000 585 935 673 874 125
129 239 803 954 436 228 661 968
808 418 599 540 275 672 712 17
166 866 211 279 209 610 243 290
858 325 523 679 473 304 849 684
663 898 118 753 411 772 145 933
714 830 440 411 999 63 188 324
609 226 309 701 575 230 873 789
571 796 104 966 376 44 984 154
425 212 185 752 784 143 798 567
838 67 190 376 824 208 985 175
640 19 356 986 577 270 1 901
564 272 127 796 241 423 746 479
152 402 55 45 972 290 254 991
710 844 125 508 30 687 479 839
537 715 986 957 125 781 289 348
390 943 725 701 267 680 476 239
589 559 335 778 249 390 832 969
381 82 39 438 909 767 22 652
620 986 624 456 722 567 105 154
311 767 36 153 415 621 834 662
720 141 321 281 448 200 237 30
554 749 722 68 331 503 411 615
37 71 174 420 87 793 416 481
326 486 978 652 777 415 885 593
63 651 195 761 659 813 722 74
899 254 653 753 521 356 505 83
144 250 5 415 808 877 900 43
558 653 200 451 368 886 709 543
432 883 426 267 398 56 554 127
174 645 567 102 366 415 724 370
512 250 903 29 420 505 334 525
636 121 174 153 782 415 991 378
293 507 283 706 924 801 19 916
623 974 141 85 750 536 887 255
58 761 997 787 287 708 669 546
339 735 639 225 558 897 487 645
154 371 613 132 553 130 478 373
797 909 371 681 277 478 584 190
541 179 533 744 265 197 342 48
77 773 878 202 908 369 679 510
209 972 762 939 328 297 497 388
491 229 866 342 667 676 590 495
907 614 980 537 790 145 812 541
870 690 292 367 487 886 454 411
280 122 796 575 942 99 334 369
659 536 637 468 498 795 527 971
910 91 301 741 88 285 388 251
950 839 992 759 18 424 86 699
38 33 937 58 247 658 440 242
43 33 58 399 232 863 905 144
337 727 459 600 488 227 402 503
383 489 617 271 467 645 974 56
981 630 950 74 768 764 557 457
908 876 674 420 663 11 730 865
496 213 350 893 702 516 497 594
816 315 498 880 26 577 821 853
241 385 173 247 389 574 144 117
237 677 783 13 41 315 954 590
378 584 812 892 590 495 628 465
338 603 860 658 985 718 618 237
822 840 60 455 522 502 563 388
176 982 580 344 744 37 161 640
420 503 566 641 514 796 516 974
136 730 418 890 112 352 63 334
413 596 5 380 817 272 778 949
99 415 607 472 184 886 624 844
591 480 600 476 651 143 175 802
825 198 991 975 533 411 837 434
194 76 869 551 97 441 165 454
368 719 614 343 347 123 573 716
343 290 871 156 739 223 999 544
51 181 841 354 791 176 183 492
839 919 278 48 63 555 329 730
150 318 662 978 413 733 274 838
722 854 397 660 672 877 262 980
163 128 368 624 364 511 681 112
161 267 650 88 957 243 245 656
944 339 368 550 703 324 410 95
390 44 618 937 155 552 851 715
326 715 695 298 891 844 259 528
492 90 781 1000 253 204 445 621
721 887 335 738 504 762 406 298
284 288 981 207 760 885 189 903
742 835 511 458 979 789 795 390
810 274 862 606 404 815 848 363
185 967 46 956 494 999 707 846
891 900 793 397 686 729 292 226
758 971 502 561 197 908 316 430
60 338 847 758 743 158 800 510
586 526 257 650 716 523 29 675
603 924 145 605 562 102 55 161
961 568 395 5 853 523 774 213
109 274 585 839 408 486 747 694
334 230 557 185 843 291 322 629
114 696 197 157 404 265 698 219
488 682 299 812 478 462 308 415
739 452 228 364 485 161 278 275
910 889 330 649 90 560 338 428
192 899 572 393 508 344 68 126
274 718 827 300 237 540 443 284
794 982 1 349 705 294 425 380
707 964 792 87 680 1000 795 793
775 686 270 245 483 490 494 79
115 835 772 98 469 217 61 750
40 529 168 370 152 340 700 361
36 191 979 466 267 258 542 671
824 723 477 821 186 658 825 183
720 315 474 806 714 618 500 260
908 881 201 463 6 996 175 210
741 61 502 308 445 420 903 143
125 533 742 225 684 758 571 110
786 213 71 817 569 468 90 881
777 363 616 921 294 873 755 181
2 370 474 779 242 377 836 320
723 540 941 557 462 2 956 968
762 447 297 629 39 399 16 690
108 416 541 509 112 408 374 862
509 294 277 845 388 984 604 212
290 503 563 872 836 839 678 832
584 716 559 511 678 903 594 166
380 754 52 512 435 430 765 711
421 114 990 950 742 302 434 664
189 389 320 387 819 283 555 952
237 634 416 334 795 85 614 135
590 232 763 748 279 46 466 955
162 396 320 291 921 527 177 559
936 88 529 27 976 604 943 970
856 938 589 142 295 664 972 890
669 370 531 812 417 93 861 172
471 432 576 236 750 390 260 47
5 566 241 325 520 908 633 18
135 395 23 511 480 449 543 518
916 178 63 186 304 106 206 325
195 431 410 628 471 64 713 635
610 406 768 321 528 259 749 479
345 957 96 364 137 450 19 853
524 881 956 708 511 849 293 359
644 506 322 98 34 996 782 897
470 875 869 276 224 185 883 18
281 30 166 322 384 81 247 577
803 105 343 353 986 350 354 983
264 717 183 285 805 813 189 266
297 628 840 252 909 910 528 350
25 311 357 442 706 956 372 955
786 732 920 702 877 776 726 349
710 211 705 916 216 295 532 806
427 420 805 299 821 705 85 610
887 588 342 486 164 409 656 518
288 292 991 37 29 250 710 982
973 574 522 425 666 127 69 769
129 169 894 556 26 781 291 283
404 294 402 234 128 654 436 485
357 239 757 644 789 915 800 247
725 921 513 216 727 794 468 699
449 767 2 53 518 927 905 220
460 684 239 378 952 78 319 548
429 791 709 306 436 20 470 168
884 57 346 911 718 270 795 424
632 892 77 926 308 181 240 305
734 957 662 820 114 3 570 341
411 324 792 835 71 259 940 77
527 410 328 55 315 671 704 397
225 930 836 136 229 994 194 467
267 643 3 148 446 410 63 167
492 505 444 723 81 39 279 468
620 843 789 439 101 678 127 446
587 95 24 233 787 88 759 655
555 16 488 540 602 89 670 823
432 129 729 364 124 691 598 606
465 524 354 891 938 829 269 990
912 138 332 853 960 881 967 677
1000 528 474 746 417 732 779 486
122 662 751 552 253 176 140 767
916 944 359 662 504 385 688 316
915 781 798 363 607 39 352 668
310 782 81 299 935 707 634 102
92 184 996 754 795 490 867 67
485 27 106 715 706 787 85 423
215 389 190 764 576 630 917 77
272 598 509 496 161 672 777 101
23 456 126 471 326 665 108 574
557 419 848 77 237 924 657 584
570 133 929 863 170 88 756 357
938 405 384 392 7 900 940 915
110 276 891 376 30 384 503 830
202 405 702 440 548 47 580 295
466 660 920 738 305 23 940 436
933 222 838 90 630 201 319 51
824 970 96 580 516 875 145 120
535 495 294 304 612 379 455 385
22 802 333 479 692 730 504 710
977 529 384 879 599 52 548 247
346 647 662 950 881 46 209 648
972 169 223 322 872 961 547 453
577 845 652 592 150 709 692 56
726 216 408 874 949 273 628 552
913 808 625 239 429 69 119 793
908 591 36 148 18 629 602 301
903 81 853 301 965 381 568 558
927 657 144 621 855 266 701 527
8 746 233 967 171 333 113 233
913 964 864 367 205 918 863 197
800 931 197 114 308 313 377 513
911 242 245 43 980 397 118 50
665 710 760 97 334 306 888 919
16 737 891 950 934 956 615 214
7 318 613 868 413 282 636 361
494 214 390 643 327 80 486 396
325 310 567 494 36 351 229 834
507 839 454 599 499 494 678 332
120 829 225 187 151 892 219 299
436 417 631 583 837 854 458 179
792 65 865 622 476 411 314 557
935 805 786 667 472 867 299 932
709 770 28 390 282 539 56 233
738 609 933 352 484 853 173 160
602 572 580 431 703 630 672 707
153 575 176 586 923 701 401 540
289 464 594 425 821 272 327 23
561 11 477 448 415 135 270 636
814 64 404 459 951 860 210 214
728 559 371 155 0 948 597 657
364 363 446 27 84 490 867 2
559 432 458 914 117 148 243 234
63 416 748 566 283 950 954 474
747 874 467 666 298 937 304 219
359 409 950 588 71 435 492 98
576 168 870 623 680 225 391 783
358 986 76 697 371 335 147 583
776 427 940 791 194 481 89 176
129 144 963 523 402 352 973 835
344 173 941 130 738 657 361 144
194 187 452 565 679 613 995 969
239 5 364 911 21 994 24 338
744 356 197 712 893 464 120 294
737 808 713 956 613 452 257 895
879 236 772 814 151 103 228 765
783 723 549 202 519 274 473 568
630 32 219 774 134 974 696 924
66 139 128 677 873 806 572 252
974 883 327 397 826 111 349 383
520 90 216 465 606 420 80 234
992 997 806 14 710 780 333 803
783 416 924 651 191 793 206 434
373 527 874 532 37 805 747 638
214 804 410 958 502 341 831 942
610 294 593 609 82 150 988 785
331 612 716 989 963 953 919 901
340 910 752 318 460 198 856 448
765 9 21 169 425 337 158 700
77 275 778 762 268 423 232 523
786 411 25 8 149 379 759 397
953 188 649 130 183 197 686 868
83 556 184 755 193 930 728 187
316 26 450 143 177 49 18 11
588 608 932 654 319 732 926 33
554 956 442 190 832 852 610 884
249 850 872 139 54 260 36 109
330 386 595 680 859 212 804 206
520 546 828 929 63 845 818 392
565 332 380 292 905 697 148 811
515 507 924 806 535 123 267 45
776 0 999 517 226 109 784 436
906 382 914 640 779 116 926 126
873 398 116 573 112 196 597 660
129 809 299 149 941 148 794 666
857 327 134 170 829 686 372 903
486 157 43 489 263 718 518 411
548 920 412 106 349 334 732 455
411 283 980 711 430 234 808 690
703 476 916 951 75 688 455 795
354 368 544 632 943 685 222 376
570 985 820 924 611 728 976 671
836 750 552 115 266 975 708 598
25 791 750 239 606 761 809 616
674 963 745 829 191 204 470 553
444 176 143 528 441 26 407 958
924 517 300 588 233 76 578 159
818 86 742 207 511 336 504 468
712 556 199 440 123 423 249 240
539 797 886 391 568 384 652 686
524 950 416 374 297 459 805 457
222 70 973 351 509 38 871 153
709 555 724 241 754 196 396 115
485 699 72 814 445 298 118 990
616 510 294 400 953 835 643 199
931 949 46 689 980 606 335 743
908 280 336 455 825 573 160 254
348 252 732 335 944 989 40 549
527 289 919 608 657 468 824 970
674 453 150 92 456 93 150 27
917 632 330 668 1000 144 941 384
710 499 238 816 255 964 867 783
88 454 495 159 981 163 316 514
805 267 630 246 640 634 43 515
418 456 798 622 467 808 670 633
121 215 282 432 581 515 844 436
734 147 986 868 253 823 49 931
553 822 964 377 884 260 49 510
569 661 233 707 44 1 625 824
957 269 460 484 24 772 218 579
394 715 715 564 734 732 28 34
540 257 676 652 713 683 615 140
278 799 101 504 779 915 203 230
583 148 167 247 960 536 86 186
988 39 252 429 524 956 254 692
173 543 717 803 426 41 671 641
655 621 333 411 104 971 749 863
625 972 451 680 342 404 538 898
519 268 414 586 17 779 595 898
94 1000 884 710 60 627 836 793
498 650 0 424 330 477 99 713
948 24 777 669 152 742 581 477
464 225 76 747 700 621 272 836
313 920 76 486 97 453 867 334
349 83 209 209 3 799 159 999
265 510 146 700 898 432 512 985
153 317 463 978 118 323 933 110
984 522 409 421 493 276 293 245
388 556 314 114 171 438 674 235
665 305 125 848 978 74 112 138
311 985 221 826 783 336 336 678
16 708 745 112 565 404 853 570
663 924 821 720 536 408 233 713
287 119 951 293 570 137 871 417
711 543 642 945 250 993 640 125
303 802 978 252 730 257 97 42
826 330 392 528 227 647 778 469
543 78 306 425 301 919 459 657
347 957 580 760 536 310 357 257
602 55 680 296 860 774 180 500
855 100 670 317 990 66 594 367
199 997 486 797 697 694 687 82
63 624 619 34 399 780 111 226
9 671 22 828 257 833 705 501
501 820 524 534 971 794 658 35
499 186 28 984 845 591 505 134
174 87 943 986 95 637 40 699
144 344 455 48 542 952 919 799
17 319 81 660 559 870 862 255
410 906 126 524 306 791 274 367
106 142 381 239 248 632 937 506
13 263 316 786 769 768 5 37
488 133 913 127 326 111 866 511
101 679 826 229 480 575 176 740
108 867 258 274 407 800 747 802
872 208 159 358 931 759 741 542
82 751 776 588 158 159 209 410
150 13 472 254 832 733 876 331
801 991 627 531 342 328 947 142
60 26 159 741 269 711 590 447
182 237 329 247 201 893 947 53
375 562 730 702 389 584 181 834
296 801 625 422 790 443 446 744
977 916 710 867 212 347 602 37
272 276 499 382 991 754 572 486
639 35 572 260 724 846 793 805
384 833 842 643 604 185 161 504
209 203 316 259 639 475 785 929
763 922 115 803 513 224 120 51
852 966 306 965 749 888 889 933
204 12 798 586 271 445 120 870
105 154 754 311 908 765 903 245
300 257 72 113 461 48 380 377
818 512 640 662 953 866 528 439
145 758 987 316 992 203 621 594
694 175 473 50 373 832 589 914
320 944 775 31 624 326 738 833
959 522 18 516 372 582 263 826
440 484 173 576 70 39 857 460
415 903 785 457 61 397 486 634
467 235 819 85 596 382 461 161
561 62 838 295 107 787 241 159
681 650 31 166 542 144 894 651
498 827 197 797 925 562 86 788
210 651 21 793 205 784 491 142
806 778 157 390 517 880 135 822
795 606 973 604 622 859 763 223
974 380 477 811 865 486 588 349
879 7 803 831 496 242 829 312
406 759 141 725 736 366 624 477
900 462 119 204 181 398 196 716
164 7 694 843 664 900 97 76
555 545 845 731 775 828 935 830
46 882 878 837 68 453 298 838
305 512 142 128 767 973 189 593
94 201 438 18 104 801 300 916
600 790 334 116 403 292 907 236
376 641 661 637 316 628 519 654
406 703 227 681 636 805 222 855
50 568 507 106 120 225 635 847
621 560 938 419 19 274 58 557
322 682 379 107 699 189 812 761
422 633 242 390 812 884 284 729
741 922 680 770 957 433 925 568
709 138 397 475 26 188 103 216
110 768 372 524 304 353 542 575
331 58 624 121 921 949 72 924
796 122 723 55 925 542 575 2
507 869 410 644 439 307 74 654
795 656 819 625 908 412 669 222
908 257 116 961 177 306 384 392
568 433 407 826 715 444 732 564
46 683 737 350 909 682 903 761
919 265 418 600 156 606 80 999
543 685 606 457 895 613 549 469
422 220 581 246 433 530 198 373
14 912 295 937 191 321 276 850
624 152 193 846 212 811 964 859
46 71 884 282 277 274 323 358
861 598 270 150 302 787 756 636
197 778 145 934 565 934 948 931
111 582 775 893 102 433 279 901
927 332 594 858 716 20 571 554
284 532 563 913 112 453 200 355
237 138 212 345 248 33 398 759
337 727 552 66 859 40 306 216
526 763 343 424 910 161 43 743
888 605 945 946 716 38 84 494
922 744 127 249 324 264 187 896
95 189 138 486 224 832 786 776
231 741 864 352 289 247 206 252
143 232 340 397 771 678 701 225
271 282 792 407 364 175 972 29
664 678 692 304 247 493 419 520
708 605 569 327 879 668 110 205
310 346 276 170 841 531 517 10
519 807 132 603 621 15 723 477
215 50 310 854 977 319 383 198
177 642 840 24 507 776 682 188
656 205 689 603 64 41 963 370
137 670 569 481 445 757 779 640
324 557 468 474 825 930 842 21
335 337 119 79 545 913 122 500
559 989 974 877 632 86 723 782
208 339 917 392 255 560 973 660
529 564 858 953 352 557 876 773
468 656 676 383 412 776 73 202
841 330 222 702 756 117 77 279
616 106 192 577 606 383 599 659
985 889 192 516 962 181 691 262
359 775 161 821 933 1 523 85
623 553 237 640 836 530 245 541
497 984 230 553 849 878 502 856
311 16 178 373 326 18 666 498
464 707 487 325 284 612 927 360
911 837 506 524 734 468 758 452
571 167 271 293 357 942 155 572
482 482 550 918 565 936 102 150
818 444 649 449 715 137 83 310
438 147 541 679 158 717 753 497
748 964 87 231 73 1000 301 353
926 598 747 387 971 65 480 628
340 148 511 505 417 139 369 733
10 728 107 20 960 477 19 347
902 590 101 273 102 59 949 727
274 537 884 542 707 730 150 6
202 10 770 358 684 666 60 564
28 801 726 693 338 839 478 644
475 473 0 263 161 951 382 692
311 469 550 715 443 660 603 525
394 988 697 764 648 987 426 914
607 831 645 767 35 232 703 123
872 36 557 417 288 908 818 807
605 768 137 406 748 719 904 963
486 945 432 152 524 569 300 787
504 599 223 48 553 392 857 852
615 445 737 446 55 715 352 214
444 574 573 728 197 34 924 656
297 604 298 132 413 571 847 867
626 294 756 383 959 385 447 515
953 519 125 343 526 583 253 238
903 641 117 710 45 438 129 330
965 250 325 629 214 29 85 5
151 162 850 634 973 77 299 372
342 929 45 364 929 215 696 166
133 156 873 312 968 769 10 888
95 551 625 166 986 546 52 448
622 376 767 28 894 916 536 406
660 804 257 363 192 160 41 450
725 298 148 461 831 590 324 958
119 986 114 483 71 4 749 457
414 117 774 142 586 149 636 366
517 726 254 501 296 515 206 567
281 474 968 127 214 710 630 738
989 976 828 44 845 167 108 288
546 155 702 670 280 423 344 226
139 328 151 998 656 910 20 251
958 73 749 903 665 331 706 312
211 446 692 938 655 56 293 225
772 220 483 353 317 756 622 931
549 776 538 748 548 21 124 588
331 444 66 925 954 432 528 967
179 84 28 498 361 598 96 968
733 537 361 876 424 134 864 13
60 598 468 912 862 897 375 538
900 892 200 376 777 333 957 475
405 770 548 137 981 132 541 570
31 587 739 942 35 225 874 730
820 159 41 298 22 860 2 143
467 247 382 883 811 983 209 288
673 240 245 278 889 718 213 883
990 131 319 533 751 789 672 889
636 604 666 849 20 978 915 361
726 776 779 742 142 210 404 745
353 957 186 214 669 612 893 927
7 474 779 376 495 622 570 38
732 984 319 166 339 926 279 258
79 564 828 645 286 452 619 458
568 913 292 786 670 122 622 713
108 57 650 15 730 920 339 303
513 592 250 874 850 622 90 291
347 486 140 747 653 405 566 740
559 126 513 61 855 568 851 277
705 536 118 28 396 908 208 145
239 55 876 275 212 218 520 334
251 291 866 865 947 674 920 327
303 185 369 734 764 310 12 39
78 617 191 955 292 806 780 787
417 70 50 604 36 113 128 205
703 768 534 906 547 609 827 62
741 176 723 574 954 915 247 92
990 496 207 186 969 512 119 409
182 371 825 835 83 971 537 253
302 657 12 349 461 411 442 717
254 177 316 943 326 213 156 329
111 300 334 212 39 780 902 236
455 753 12 590 833 77 891 907
74 751 752 81 425 291 101 149
991 379 167 917 94 386 265 208
73 568 875 81 963 501 83 374
709 160 112 70 98 632 735 388
366 115 853 483 699 98 46 263
895 773 593 116 902 58 209 741
321 894 451 707 79 976 215 18
624 613 758 8 921 434 664 202
150 682 748 299 450 124 871 747
328 450 935 556 137 731 33 998
624 452 808 801 846 968 574 340
498 948 142 508 411 387 215 879
945 598 821 151 636 15 381 586
531 688 663 438 319 601 305 564
233 631 306 464 124 690 564 210
196 961 687 776 861 467 695 889
400 480 916 588 635 586 423 61
187 243 488 232 115 511 699 553
38 164 662 276 766 862 951 303
283 870 606 925 51 151 665 794
260 833 458 242 702 272 95 228
52 593 586 16 724 584 633 342
842 873 175 150 396 367 309 461
917 329 682 971 497 289 200 392
845 321 308 291 632 480 170 160
506 143 232 193 513 611 452 171
393 908 962 650 797 117 696 748
145 199 85 559 16 224 402 365
984 518 941 976 302 196 579 22
984 177 737 674 676 13 85 623
938 607 755 640 265 461 968 439
502 340 847 408 82 179 1 148
459 310 955 209 367 678 37 214
380 122 717 985 397 925 871 173
133 902 976 682 766 417 382 87
965 13 734 638 164 115 598 351
142 430 957 971 462 423 355 154
771 185 496 40 682 116 169 59
178 35 179 116 675 911 934 590
408 54 192 198 784 673 978 3
88 583 183 368 897 686 15 132
557 49 57 587 707 797 234 978
21 594 85 233 284 111 310 920
77 312 141 475 128 327 296 797
350 96 775 340 876 445 51 710
202 735 822 745 618 885 764 92
503 511 368 629 949 872 698 397
196 995 62 13 804 390 22 244
488 521 462 137 145 875 442 939
396 671 393 887 569 945 476 893
828 50 249 531 291 171 953 319
993 313 785 87 36 806 167 668
816 874 364 931 954 466 444 381
913 308 421 507 754 820 107 996
379 484 221 196 687 549 923 624
561 423 712 965 5 953 786 169
1000 800 425 309 439 847 671 346
781 463 914 806 408 269 995 70
549 372 874 679 449 695 29 609
652 650 144 876 499 176 815 250
323 293 998 512 599 712 808 103
186 524 329 707 678 110 972 635
947 630 258 2 106 439 217 122
592 747 913 369 887 580 681 648
563 25 192 955 605 802 499 874
16 743 304 640 444 478 228 616
900 48 366 307 393 456 342 843
173 342 750 992 902 999 143 413
82 335 96 650 337 555 153 568
122 412 65 120 378 207 90 902
751 418 758 460 25 117 769 456
175 875 342 170 833 532 90 731
969 180 230 330 655 84 783 736
385 552 431 711 746 887 296 728
273 630 984 884 484 796 263 624
762 616 826 50 571 265 711 296
777 882 628 788 640 423 625 554
913 54 109 0 895 29 981 680
668 61 605 253 491 474 46 461
343 329 512 455 659 766 679 544
360 547 52 563 247 252 851 713
225 324 92 984 518 577 662 553
455 403 386 226 478 579 699 595
595 905 75 832 490 841 41 657
86 735 398 18 570 395 398 349
641 867 298 929 913 121 405 612
13 400 272 96 437 759 568 845
607 925 889 12 151 45 762 136
713 626 484 683 673 465 393 137
777 250 507 713 276 382 889 655
873 176 223 764 900 278 620 995
194 755 781 827 289 25 981 697
637 915 467 289 760 115 927 20
132 175 244 846 130 27 439 244
146 103 416 542 82 609 974 204
69 618 156 534 261 977 762 968
401 994 661 10 66 893 131 323
764 941 670 573 677 314 987 515
200 660 508 182 898 663 230 598
904 311 619 123 234 748 107 979
296 406 875 903 706 999 183 956
903 150 700 526 758 766 227 715
625 972 21 37 428 382 573 499
618 403 793 370 21 400 332 176
487 316 700 705 601 756 750 472
785 491 421 156 243 904 726 575
807 376 588 40 777 912 525 565
863 85 720 492 799 498 989 568
753 104 193 759 237 585 513 6
744 970 757 104 51 360 325 924
469 700 835 738 502 708 509 847
867 224 675 189 64 240 915 663
563 815 566 197 305 746 477 637
222 850 303 67 476 706 522 346
556 377 367 771 688 446 490 486
928 842 154 127 294 242 712 135
357 183 663 93 175 594 464 277
973 826 823 973 247 518 410 923
243 234 180 752 35 59 102 115
790 990 199 64 228 181 552 740
819 857 954 428 381 393 39 913
785 955 226 793 490 265 357 923
18 620 171 780 825 300 528 793
494 928 284 664 501 547 84 796
247 409 156 759 622 687 650 690
408 654 680 847 407 731 857 492
241 144 503 423 810 211 136 101
628 501 740 770 436 741 770 30
237 893 82 85 832 602 145 239
946 727 494 459 557 622 31 347
419 527 84 312 596 736 929 26
501 162 294 279 976 558 964 420
648 965 719 952 600 84 443 775
613 32 146 548 811 967 460 957
10 231 588 379 340 149 927 289
773 841 269 568 244 21 896 101
518 209 309 956 307 973 374 602
588 386 724 883 915 992 804 951
911 973 674 644 352 573 495 315
435 368 562 235 853 564 18 641
623 188 561 875 312 138 723 96
371 325 591 248 350 641 546 104
613 268 980 901 409 270 189 235
251 48 510 164 3 677 395 863
105 382 663 147 73 417 654 740
814 668 576 837 726 782 326 591
368 19 435 41 96 900 337 367
432 770 523 311 99 383 332 499
340 452 197 526 593 589 531 302
14 963 627 543 189 536 720 281
368 999 38 781 548 767 797 743
230 288 280 692 478 43 998 892
537 921 369 57 645 858 107 663
904 247 614 116 557 435 73 472
967 251 77 534 842 367 567 509
898 789 336 766 433 910 19 867
443 912 965 363 298 918 838 416
155 31 547 140 277 700 589 971
296 122 685 958 666 624 922 240
601 131 904 425 269 927 472 992
939 204 739 709 253 142 51 752
737 536 859 423 573 837 349 40
549 825 945 584 157 25 41 935
270 98 842 33 120 502 485 110
446 792 707 655 281 876 695 138
150 733 955 810 281 601 76 931
888 959 850 313 394 697 109 676
293 524 197 978 835 584 819 23
447 726 459 288 396 639 743 497
949 610 271 325 343 675 672 84
13 210 457 415 875 327 386 605
577 741 115 868 386 154 349 956
245 875 895 51 161 720 916 561
686 846 351 78 245 94 997 78
71 327 570 278 286 407 180 455
378 992 426 650 287 754 862 652
446 136 451 955 137 856 862 115
214 341 360 245 632 848 749 530
292 679 817 712 267 935 425 379
834 121 553 483 716 556 544 840
583 742 840 979 492 547 626 365
261 293 110 310 446 561 967 52
19 643 217 519 730 332 256 701
459 739 112 964 388 681 74 53
124 113 482 993 402 298 804 978
668 791 157 763 212 885 486 720
581 622 35 224 251 289 118 678
286 838 986 888 433 440 385 482
854 249 664 932 437 899 308 796
779 13 394 593 383 722 595 189
655 212 750 919 996 223 568 742
188 591 377 682 247 811 272 958
489 890 432 69 275 128 735 712
731 853 364 888 249 440 386 555
209 469 687 480 893 950 359 529
379 550 9 831 772 392 528 833
568 478 752 920 398 812 781 406
837 950 536 731 534 863 712 56
805 792 203 710 421 104 773 289
690 915 534 646 980 492 115 241
79 884 515 971 932 590 883 599
728 157 918 184 751 802 415 835
894 287 438 116 303 884 836 456
79 189 845 189 541 98 17 231
362 655 355 282 646 676 145 827
96 384 215 42 929 948 243 244
948 183 189 549 513 720 362 235
561 633 889 629 127 938 353 393
147 962 465 171 911 621 58 237
806 670 354 126 45 481 738 728
745 86 236 488 403 930 128 998
92 568 882 358 360 883 319 711
379 971 515 583 612 319 808 321
123 94 581 646 58 437 455 369
115 584 77 189 205 561 422 986
73 894 450 142 272 147 712 640
70 583 918 734 859 125 311 774
205 282 16 606 810 668 501 644
425 201 509 682 660 223 748 637
208 885 703 420 111 874 19 156
980 25 524 240 585 434 63 988
234 825 620 418 228 533 772 477
211 569 404 590 523 514 641 149
440 434 63 238 295 437 159 486
183 324 626 941 465 538 333 20
713 709 347 64 251 212 159 969
156 959 867 178 918 240 289 237
579 883 463 13 472 199 170 305
297 652 829 484 781 133 850 925
93 484 750 411 894 315 299 583
446 420 465 137 523 383 205 425
713 445 593 740 976 99 39 353
190 861 178 725 884 570 312 888
211 489 70 663 776 602 352 970
80 456 64 158 321 600 264 229
331 4 854 885 832 966 270 937
359 520 423 843 547 201 153 803
932 339 664 34 750 206 206 619
612 648 782 308 141 4 383 52
988 759 665 389 876 519 841 593
367 485 429 44 342 227 809 354
621 76 917 74 685 794 920 437
160 994 399 444 686 567 560 33
267 548 454 433 334 772 387 220
603 176 105 312 964 131 701 782
373 232 218 436 702 392 354 5
468 86 276 788 754 448 833 176
555 270 631 230 640 890 565 424
7 20 314 432 931 992 244 32
266 220 490 691 842 667 384 152
12 39 975 91 675 734 177 16
981 393 298 538 657 796 645 446
252 9 670 182 831 867 826 928
598 762 265 995 254 455 697 623
578 289 100 609 904 787 911 801
27 516 140 170 761 753 187 103
944 880 759 347 851 306 610 815
570 178 254 530 504 700 941 494
411 738 762 301 167 683 736 200
560 772 48 659 336 707 812 42
592 872 302 984 944 76 926 310
699 652 368 298 132 851 961 893
989 790 958 214 18 693 448 466
538 684 388 531 5 781 315 845
772 700 286 287 439 708 44 611
112 232 812 464 957 985 856 902
646 554 661 303 182 109 51 45
501 546 92 103 735 6 605 637
689 689 9 146 192 497 229 783
175 754 653 858 284 61 271 648
776 56 861 547 700 448 810 942
536 705 465 934 760 942 669 80
258 714 117 397 590 509 643 411
705 915 139 529 496 258 748 690
469 705 475 348 585 392 147 903
519 258 611 313 952 843 297 209
402 19 428 559 114 685 318 334
203 973 705 774 665 708 709 419
372 905 147 735 871 764 77 95
473 192 521 913 123 84 330 974
990 46 338 940 273 850 245 594
835 691 37 6 842 604 526 360
918 857 180 743 763 114 212 610
994 816 567 340 544 707 464 106
441 543 368 277 384 644 276 939
632 154 329 652 208 614 541 389
121 310 150 249 410 611 945 342
168 494 515 989 866 775 33 232
375 152 494 561 825 93 223 841
926 827 304 216 21 275 512 967
801 750 419 439 937 839 217 490
995 843 488 784 127 218 863 593
83 444 565 350 833 256 165 672
658 44 66 417 234 910 988 871
524 943 387 274 531 216 989 598
836 840 812 995 563 637 314 270
246 8 610 605 859 889 162 170
504 478 814 944 689 357 853 844
966 127 824 749 567 348 312 169
458 114 592 47 441 173 596 547
840 241 388 650 763 669 251 103
440 443 665 149 846 632 581 158
367 636 924 117 307 169 610 364
897 401 459 757 424 814 403 12
288 755 634 198 907 997 8 66
2 580 183 969 102 855 799 744
573 898 301 337 234 853 255 941
262 441 787 529 515 727 600 490
747 372 826 786 365 879 862 992
549 370 243 788 988 799 473 339
821 742 805 764 56 470 264 81
495 453 71 19 574 849 206 289
601 769 33 830 486 107 357 286
464 362 175 654 295 780 928 298
441 433 467 928 309 859 346 996
479 538 703 527 408 936 500 848
704 34 540 869 651 15 157 640
502 437 458 86 472 819 902 602
253 822 147 571 975 751 893 557
757 194 94 356 279 429 219 189
688 968 219 712 928 116 338 294
417 406 666 680 432 774 359 573
836 234 709 89 154 59 167 82
603 985 841 279 973 482 852 359
971 334 827 66 149 525 931 606
849 42 86 391 503 589 604 898
755 730 28 224 838 691 434 807
182 979 954 533 157 137 602 315
499 456 818 235 740 574 132 17
614 818 242 423 175 181 312 365
148 195 337 670 40 182 308 993
361 92 405 387 253 219 27 306
860 948 730 479 846 507 772 848
759 776 719 140 855 641 121 558
881 78 82 339 265 643 54 264
780 519 925 381 860 946 761 573
304 877 787 506 632 961 872 152
580 321 50 282 219 919 351 735
285 806 297 974 781 855 399 349
38 369 289 707 148 600 148 967
879 762 907 374 546 731 702 253
324 410 911 279 210 651 798 961
475 204 149 322 770 280 249 209
146 731 140 524 664 945 715 852
682 809 11 295 534 147 41 358
389 66 892 653 740 611 712 219
387 301 531 156 575 774 418 760
720 688 50 655 404 838 0 325
656 800 755 570 277 46 979 887
540 162 840 80 963 5 795 569
760 86 144 370 644 434 2 445
423 352 113 335 453 723 203 203
87 124 389 1 635 480 943 518
180 360 420 846 702 18 534 709
376 258 148 207 511 850 455 856
939 73 715 561 363 897 358 551
988 515 573 231 991 582 208 809
862 102 851 420 946 949 476 96
925 303 574 874 341 623 703 37
767 300 629 523 855 24 144 540
358 515 783 605 310 648 936 268
618 438 185 35 380 892 378 32
619 355 144 475 299 259 302 345
522 321 941 619 457 228 73 719
990 511 873 595 654 36 630 599
770 786 629 68 346 248 650 240
282 529 636 309 998 864 626 4
948 113 121 472 698 272 920 118
500 94 681 308 377 942 494 590
780 361 253 535 20 925 792 499
932 716 961 501 204 184 798 692
966 650 905 413 925 218 984 266
248 699 975 359 255 484 900 196
549 420 31 751 46 93 701 655
661 216 102 616 592 512 24 345
991 762 814 820 998 279 384 694
326 418 479 668 416 326 668 677
789 673 243 205 327 564 33 816
57 197 276 462 89 452 23 462
727 376 351 515 120 126 858 310
381 948 716 844 414 627 569 770
323 527 828 175 991 727 292 408
285 628 958 901 488 188 218 481
578 80 968 33 720 374 613 631
986 991 409 740 349 192 871 591
976 334 850 186 500 655 833 451
706 492 546 654 649 772 114 48
466 316 189 312 824 617 593 52
502 488 379 714 615 912 60 895
119 828 359 239 591 236 138 657
49 962 952 614 184 724 182 688
922 140 390 852 430 902 174 247
699 290 417 554 37 395 804 373
527 690 957 761 680 796 592 66
36 75 262 196 484 347 278 898
811 249 460 132 693 219 831 861
15 674 726 128 746 461 466 152
230 213 774 330 681 800 367 987
857 349 621 80 468 670 205 29
46 296 724 879 151 105 454 641
544 538 0 877 824 695 321 349
239 519 863 855 829 503 331 395
982 113 767 710 748 670 752 292
408 591 491 28 175 789 508 132
335 36 360 537 192 542 772 909
588 460 837 130 194 562 173 990
425 918 888 190 820 815 94 302
645 967 641 171 496 675 517 316
650 44 339 470 148 34 691 947
361 411 299 828 749 242 468 426
71 588 965 939 42 650 251 863
545 976 526 197 430 15 983 517
200 61 927 158 872 858 184 522
517 951 182 79 288 439 608 331
838 369 536 357 121 325 425 308
423 419 274 447 121 17 710 78
5 517 296 573 943 845 108 191
304 174 992 212 556 318 459 120
511 770 697 131 338 526 941 417
304 867 62 413 730 54 193 156
699 61 807 538 966 48 38 384
243 234 972 832 838 862 384 583
359 215 873 972 110 49 975 827
237 241 234 667 462 807 736 388
37 324 638 498 375 701 251 538
844 345 701 953 826 6 530 811
851 761 455 570 381 863 49 746
567 269 103 928 642 343 970 152
743 830 827 147 708 53 68 830
924 662 747 319 159 332 594 918
926 263 813 617 329 170 89 956
447 644 919 545 216 970 131 126
613 104 276 731 131 364 983 9
589 116 393 657 302 579 803 472
760 117 740 338 791 529 430 687
460 853 932 904 909 293 357 693
258 905 13 257 312 734 235 123
262 375 634 125 88 451 214 341
82 636 10 624 807 777 19 460
82 577 620 858 304 964 242 616
46 552 47 877 60 46 361 477
674 162 903 895 883 461 808 600
418 954 722 262 119 247 724 921
237 418 692 252 882 296 150 683
569 748 653 954 967 382 921 106
674 905 864 555 313 70 143 229
97 636 852 232 907 416 101 340
260 317 234 899 134 51 224 852
769 337 764 741 595 996 434 140
748 866 567 64 675 246 682 286
738 566 996 56 922 944 191 779
689 181 489 460 579 679 931 271
362 954 310 356 696 847 234 512
535 309 115 366 928 913 486 21
802 45 636 416 836 556 370 298
6 872 755 651 501 439 245 883
282 696 420 184 476 647 31 960
379 799 625 946 71 518 963 732
155 815 162 307 908 534 705 660
871 452 368 20 742 422 206 226
345 81 614 474 602 312 491 611
832 493 112 54 536 668 414 961
627 739 340 470 850 359 862 491
633 384 710 385 652 203 612 353
88 420 821 294 831 956 975 651
417 748 977 694 58 583 837 571
84 895 476 548 129 498 664 124
360 113 686 806 90 68 525 577
257 589 382 452 323 565 4 489
145 602 272 456 863 103 49 292
645 294 240 426 136 751 280 756
575 199 516 665 494 741 44 722
143 931 316 123 652 439 473 45
139 206 15 166 652 771 432 820
435 767 83 739 756 609 723 216
468 914 451 963 240 697 692 817
830 941 213 78 841 655 97 623
241 307 326 296 309 789 636 550
998 166 45 197 842 428 728 895
521 159 471 827 411 986 130 453
9 539 601 442 761 126 555 902
77 666 192 524 534 479 620 633
50 963 729 221 588 908 920 475
639 629 230 603 414 20 561 539
491 602 667 325 476 369 551 872
967 431 714 566 756 365 144 551
762 794 234 986 211 986 507 76
774 821 453 568 338 470 811 761
585 443 328 94 325 398 842 950
84 552 723 632 815 187 699 16
187 148 859 487 607 160 691 317
300 693 880 630 686 232 470 515
325 939 59 545 101 90 57 880
450 642 163 68 526 681 492 554
755 900 538 653 899 36 453 764
552 906 962 60 672 679 374 735
484 665 913 245 850 857 888 446
493 615 822 42 747 798 216 413
956 235 681 105 880 267 637 935
931 324 607 494 576 638 160 317
760 736 587 26 523 855 732 131
397 216 770 516 242 988 660 457
674 405 171 995 583 630 575 938
206 69 293 44 275 556 651 204
306 901 24 689 210 798 26 213
296 745 559 969 333 474 489 784
151 230 559 543 873 89 876 901
521 664 457 445 453 432 654 532
390 576 19 472 38 879 762 796
924 514 162 25 120 443 613 461
504 847 578 3 132 409 176 129
304 592 673 609 602 777 229 190
762 252 25 186 314 56 647 280
456 867 679 91 203 620 950 781
89 753 823 656 522 139 760 670
272 34 697 277 100 659 661 387
874 526 113 660 994 629 233 540
153 742 819 497 724 312 500 594
2 231 97 574 803 248 349 971
478 309 34 462 230 784 955 41
174 177 154 235 802 996 999 82
693 386 29 679 647 597 664 876
711 624 429 379 256 136 303 333
908 141 772 737 595 201 273 346
39 762 791 612 807 13 366 371
523 411 457 347 472 414 722 917
663 406 416 760 409 114 7 659
998 890 624 711 270 761 13 787
311 402 490 864 806 913 979 595
643 377 594 632 552 668 928 198
201 297 20 988 970 728 968 658
355 619 731 681 663 215 651 984
166 759 345 526 306 339 183 336
851 208 972 58 157 327 235 238
130 413 426 259 428 10 287 734
443 109 122 890 966 607 82 863
500 465 517 567 764 237 521 339
738 54 606 621 284 613 384 651
163 388 106 854 388 578 190 961
29 152 188 8 203 261 806 469
395 961 83 454 242 212 110 860
214 311 721 235 137 851 28 336
903 807 80 677 250 344 991 574
836 389 601 58 88 849 435 878
512 547 809 902 521 736 714 272
97 196 48 652 505 757 953 35
805 143 457 159 779 896 376 655
608 990 587 602 487 111 299 275
637 518 699 927 299 125 633 242
638 182 560 339 790 645 391 460
917 547 893 852 432 102 955 0
821 4 702 297 710 104 811 579
193 650 659 216 427 383 526 795
958 318 172 281 27 510 704 901
875 445 50 816 922 632 148 998
997 405 628 657 212 433 522 715
128 805 9 504 724 762 832 576
985 888 124 762 422 567 746 556
760 412 745 69 443 351 553 431
843 221 646 702 198 520 45 677
164 912 780 209 761 162 624 566
139 866 981 334 571 724 836 717
383 891 627 26 263 100 515 440
251 562 740 17 726 704 336 335
690 322 67 384 783 743 73 26
529 902 829 628 788 712 525 401
756 162 80 548 628 229 770 88
931 316 589 40 622 641 486 272
368 87 811 778 508 426 84 927
81 111 125 701 645 115 947 588
328 643 411 573 529 889 653 206
267 893 386 500 155 987 100 703
883 654 564 565 818 656 500 360
377 689 200 313 543 218 349 779
625 400 174 235 875 109 210 219
526 898 64 707 775 487 569 708
120 672 426 630 85 34 803 188
17 600 894 24 748 183 338 892
539 617 816 820 786 999 864 191
425 888 625 855 557 111 396 994
129 85 150 907 909 454 873 47
561 113 128 123 110 312 312 380
442 39 928 446 505 565 411 150
584 17 603 408 35 372 850 264
587 418 374 468 512 734 787 493
654 42 614 693 999 938 561 840
735 2 340 160 739 469 863 438
34 929 827 802 102 596 962 46
303 836 356 232 700 306 778 153
705 499 123 708 429 562 980 899
931 77 67 886 616 164 739 499
545 382 178 611 132 840 663 171
169 687 218 123 354 841 164 773
86 800 611 597 760 417 72 532
30 568 782 197 853 271 277 75
803 577 450 703 495 616 327 971
377 215 226 312 310 427 675 382
695 703 901 947 208 141 417 204
46 729 572 250 862 430 839 939
465 966 992 932 911 957 873 900
51 6 738 868 178 593 901 63
633 316 988 338 82 819 554 324
835 436 616 968 312 755 122 455
727 708 814 390 425 143 474 674
191 757 210 351 169 438 90 159
574 848 697 553 976 593 329 306
793 940 932 62 578 67 473 901
240 931 619 184 941 723 703 858
802 482 677 805 461 590 832 197
63 786 799 694 66 748 87 750
767 957 107 183 873 14 855 45
154 409 146 480 221 393 753 50
52 890 935 76 987 971 107 75
689 877 690 522 411 779 325 266
942 488 18 287 909 146 228 723
156 565 221 159 804 266 351 903
15 88 350 331 316 825 828 744
399 374 353 142 145 140 911 648
655 357 112 320 819 629 566 871
648 496 713 201 763 59 214 242
641 926 509 330 128 235 334 541
198 571 858 635 380 276 863 251
541 570 265 79 596 704 94 966
113 208 396 226 951 149 812 329
992 403 473 462 884 955 335 532
266 956 407 864 89 46 139 2
277 244 275 903 36 972 219 985
29 833 886 746 979 307 514 433
486 459 334 617 402 681 149 51
560 708 616 489 603 689 477 562
212 972 244 696 599 864 685 524
752 962 223 786 426 475 663 498
116 777 741 205 375 520 650 161
353 196 904 132 282 910 49 726
516 534 81 245 472 897 275 201
440 529 139 271 14 74 464 228
690 478 696 443 605 402 151 689
706 858 951 663 45 802 134 636
99 747 622 352 101 26 938 851
420 735 913 300 557 779 562 865
915 598 707 932 20 78 176 948
74 45 856 590 487 259 931 494
275 266 47 838 614 569 641 578
119 386 763 992 244 620 274 98
893 110 19 172 85 759 394 405
76 140 239 211 389 248 57 877
406 637 705 874 725 377 636 168
238 538 885 120 340 386 396 542
482 55 637 259 482 147 427 233
491 737 228 938 608 821 839 957
247 527 330 706 805 50 906 436
389 328 673 437 793 62 595 407
289 285 708 68 482 631 416 315
842 508 232 55 378 836 410 249
419 43 455 748 670 345 808 642
563 390 711 934 628 58 998 947
504 469 650 438 889 131 748 872
2 152 929 236 931 980 175 784
108 62 232 207 519 690 220 76
537 582 650 103 878 682 561 583
635 702 198 565 637 66 616 841
335 394 252 983 431 401 933 43
382 72 679 671 530 517 145 359
384 159 696 861 535 14 822 189
264 583 616 741 42 973 2 733
879 653 385 215 517 251 223 280
254 587 946 348 371 205 196 365
78 580 57 608 539 410 371 292
577 564 264 794 852 819 387 974
364 478 225 409 15 744 977 452
435 254 487 596 846 904 294 888
708 464 892 604 367 448 540 721
598 257 131 480 686 483 782 370
167 656 59 580 813 855 960 63
452 835 364 842 0 40 220 665
924 793 679 843 860 944 527 715
369 540 716 806 344 658 56 483
478 255 612 331 279 192 660 1
340 840 796 964 222 886 173 495
799 699 781 740 529 107 89 696
561 397 113 112 308 392 407 722
535 180 577 433 3 363 631 961
376 533 467 624 734 587 980 974
877 544 601 861 253 965 265 709
310 593 91 952 178 326 969 664
204 924 284 838 775 32 839 893
747 134 418 314 532 295 992 500
64 670 739 854 528 937 694 991
939 432 226 422 530 246 518 729
688 166 788 68 436 325 126 959
595 428 430 698 773 368 98 828
991 294 567 607 945 476 990 965
388 666 330 574 200 755 820 277
451 849 933 833 702 938 541 86
933 582 713 100 944 728 411 843
39 783 451 182 261 585 906 514
545 523 98 802 623 89 255 864
609 847 964 803 125 77 685 793
541 545 7 843 70 661 771 427
411 812 415 228 194 672 849 826
41 137 949 417 523 467 575 367
210 161 343 740 554 808 800 232
25 12 96 970 770 446 281 858
940 142 904 988 344 517 561 963
159 28 402 410 367 308 166 399
392 692 497 633 851 458 566 174
555 557 721 125 343 50 895 860
17 432 571 463 214 133 309 99
598 862 338 789 267 69 820 738
696 849 744 682 633 516 681 48
641 96 126 368 478 573 819 448
427 930 208 589 223 458 367 60
646 119 931 11 552 667 718 92
42 818 792 733 683 567 50 69
190 792 823 659 610 307 579 658
589 506 992 378 614 396 823 360
394 582 924 74 875 526 157 515
724 657 64 192 479 43 968 191
495 53 434 396 540 888 704 923
987 992 103 536 893 538 177 971
932 209 958 920 417 592 807 686
929 487 1 363 199 158 24 932
1000 168 780 319 395 669 601 808
536 798 362 44 434 105 73 651
37 918 605 684 228 868 64 646
9 320 858 118 22 183 69 923
733 31 644 104 862 967 134 552
312 577 93 24 79 165 152 373
1 7 205 285 497 610 298 800
688 970 434 367 658 302 631 9
571 687 598 915 95 660 674 337
415 506 337 677 105 849 65 826
905 150 148 543 79 470 412 254
905 204 392 64 78 767 196 790
862 933 650 902 605 182 58 292
853 926 293 22 247 915 807 84
187 648 66 592 400 323 529 68
251 268 284 874 517 2 373 125
794 764 358 756 796 734 200 998
898 86 804 931 585 462 614 830
141 909 679 495 386 698 368 993
136 496 501 1 33 266 455 737
179 729 331 527 773 381 780 603
20 832 469 526 962 725 855 614
10 684 759 832 867 724 202 983
630 875 684 473 553 360 882 393
744 457 950 10 459 743 177 463
544 777 76 397 111 314 18 857
569 331 962 355 240 630 457 537
87 795 444 763 84 181 944 117
998 348 699 646 459 2 620 988
160 725 511 54 32 133 980 761
660 407 884 6 374 551 122 192
223 375 483 113 58 179 65 987
966 408 400 635 735 86 749 807
322 473 109 601 356 185 127 170
669 365 581 373 437 131 26 646
295 902 334 113 771 104 775 495
984 378 98 241 955 83 827 355
613 438 150 857 686 291 39 453
579 484 2 972 366 458 930 661
331 877 137 598 721 397 132 203
562 854 93 927 513 876 358 662
760 527 565 493 496 333 6 939
486 234 166 273 162 68 89 602
955 854 866 757 214 996 776 314
150 726 805 73 285 656 591 51
704 793 100 960 559 787 266 110
837 430 241 764 322 8 471 289
173 134 671 719 493 786 68 802
328 671 973 240 937 22 94 97
648 112 0 650 321 837 365 292
971 135 692 790 381 640 722 113
567 941 686 246 918 520 807 697
952 947 744 30 512 531 102 520
381 375 921 987 497 225 120 106
29 532 460 830 953 823 482 483
296 556 26 45 290 938 89 957
430 285 781 579 166 352 409 907
318 167 2 149 556 781 492 218
11 645 557 523 262 971 158 280
46 160 886 823 147 13 976 726
651 402 514 300 773 855 118 517
854 74 785 387 953 827 886 921
324 587 320 1000 946 18 928 427
944 893 731 21 656 337 129 290
823 977 289 828 79 254 53 558
557 572 880 226 876 167 975 365
905 44 406 753 636 292 352 857
316 859 44 553 80 621 722 318
414 812 737 419 703 622 969 93
775 764 253 646 224 495 489 403
67 999 982 416 562 877 851 413
796 57 476 341 829 988 375 367
879 157 344 612 719 490 880 610
577 842 186 882 199 776 986 417
252 746 515 224 472 463 82 282
251 928 5 349 734 905 946 953
271 460 492 947 379 216 817 752
12 2 4 523 596 345 404 362
226 227 864 30 413 264 421 252
569 868 985 869 736 979 451 741
42 570 627 47 85 475 133 452
863 597 146 324 734 262 158 565
25 437 382 868 826 912 329 732
918 954 881 555 382 57 31 318
139 409 765 211 165 402 462 459
156 661 221 695 44 826 762 818
27 192 898 717 924 122 888 624
143 661 452 151 905 599 408 408
276 980 569 112 908 621 415 961
47 373 810 348 228 908 670 836
513 688 456 918 241 496 165 133
379 451 822 735 603 695 96 994
944 18 21 936 840 622 495 897
933 67 644 289 360 111 964 839
545 131 159 275 886 575 833 331
797 115 367 709 828 424 637 640
759 277 420 469 53 354 525 83
229 773 60 541 322 8 888 864
822 367 725 167 8 532 98 60
563 304 832 968 524 726 650 560
551 823 554 808 164 366 90 713
980 295 1 144 675 238 34 847
429 898 326 525 532 104 112 840
12 156 964 883 370 558 242 180
430 722 383 800 660 39 30 433
879 775 163 645 123 685 239 366
325 575 344 562 902 604 81 883
229 710 793 582 259 576 560 599
603 649 721 4 656 830 279 64
525 202 940 69 901 32 289 180
578 170 21 891 389 10 904 759
475 386 837 158 354 886 69 453
734 934 372 758 681 407 122 242
919 374 141 155 117 524 938 425
468 699 1 815 237 71 420 882
362 302 731 848 517 838 82 61
582 947 506 413 369 433 293 702
815 249 936 542 183 333 724 913
518 420 87 165 882 670 117 791
727 783 936 26 349 57 546 859
707 172 39 975 783 232 432 971
801 201 228 540 635 842 361 753
57 56 87 758 489 509 851 925
510 157 756 891 111 76 661 263
311 935 812 716 797 709 823 510
56 313 233 985 26 728 208 941
227 352 333 888 490 527 105 760
147 762 889 146 282 232 554 421
654 744 661 527 160 295 325 604
531 108 331 184 285 696 529 862
452 876 899 237 359 49 773 963
642 470 269 40 667 929 663 149
611 745 356 696 248 795 72 572
480 485 631 552 869 253 927 410
116 60 903 547 556 368 65 552
292 748 684 37 799 101 60 894
846 866 176 492 167 306 85 343
830 174 261 627 325 197 421 732
725 725 396 895 768 124 153 186
815 156 359 67 813 566 752 212
56 801 304 176 260 258 571 72
488 194 617 624 218 108 47 238
5 665 382 922 616 615 850 621
337 354 557 108 917 385 4 334
880 331 440 77 209 257 48 109
362 552 899 586 2 200 364 507
21 170 235 124 738 203 221 175
947 871 791 917 341 854 755 127
943 289 804 309 131 656 526 47
905 141 644 160 887 657 388 539
623 417 971 391 827 418 914 644
265 931 990 427 486 108 583 486
18 845 500 213 956 220 167 163
576 160 932 666 550 698 205 336
147 165 142 111 647 726 937 961
